building_id,canonical_parcel_id,building_type,footprint_area,floors,construction_status,source,confidence
BLD-00001,IN-DL-110054-1-1,BUILDER_FLOOR,323.82,3,EXISTING,BUILDING_FOOTPRINT_GIS,0.851
BLD-00002,IN-DL-110054-1-2,INDEPENDENT_HOUSE,287.08,2,EXISTING,BUILDING_FOOTPRINT_GIS,0.956
BLD-00003,IN-DL-110054-1-3,INDEPENDENT_HOUSE,267.33,1,EXISTING,BUILDING_FOOTPRINT_GIS,0.85
BLD-00004,IN-DL-110054-1-4,BUILDER_FLOOR,309.17,2,EXISTING,BUILDING_FOOTPRINT_GIS,0.961
BLD-00005,IN-DL-110054-1-5,INDEPENDENT_HOUSE,318.13,3,EXISTING,BUILDING_FOOTPRINT_GIS,0.831
BLD-00006,IN-DL-110054-1-6,INDEPENDENT_HOUSE,386.21,3,EXISTING,BUILDING_FOOTPRINT_GIS,0.849
BLD-00007,IN-DL-110054-1-7,BUILDER_FLOOR,276.4,4,EXISTING,BUILDING_FOOTPRINT_GIS,0.819
BLD-00008,IN-DL-110054-1-8,INDEPENDENT_HOUSE,319.92,4,EXISTING,BUILDING_FOOTPRINT_GIS,0.904
BLD-00009,IN-DL-110054-1-9,INDEPENDENT_HOUSE,306.3,4,EXISTING,BUILDING_FOOTPRINT_GIS,0.884
BLD-00010,IN-DL-110054-1-10,MIXED_USE_BUILDING,266.28,4,EXISTING,BUILDING_FOOTPRINT_GIS,0.915
BLD-00011,IN-DL-110054-1-11,INDEPENDENT_HOUSE,288.36,3,EXISTING,BUILDING_FOOTPRINT_GIS,0.968
BLD-00012,IN-DL-110054-1-12,INDEPENDENT_HOUSE,255.64,3,EXISTING,BUILDING_FOOTPRINT_GIS,0.922
BLD-00013,IN-DL-110054-1-13,BUILDER_FLOOR,238.06,3,EXISTING,BUILDING_FOOTPRINT_GIS,0.8
BLD-00014,IN-DL-110054-1-14,INDEPENDENT_HOUSE,275.31,4,EXISTING,BUILDING_FOOTPRINT_GIS,0.866
BLD-00015,IN-DL-110054-1-15,INDEPENDENT_HOUSE,283.29,1,EXISTING,BUILDING_FOOTPRINT_GIS,0.852
BLD-00016,IN-DL-110054-1-16,BUILDER_FLOOR,343.92,1,EXISTING,BUILDING_FOOTPRINT_GIS,0.896
BLD-00017,IN-DL-110054-1-17,INDEPENDENT_HOUSE,246.13,2,EXISTING,BUILDING_FOOTPRINT_GIS,0.842
BLD-00018,IN-DL-110054-1-18,INDEPENDENT_HOUSE,284.89,3,EXISTING,BUILDING_FOOTPRINT_GIS,0.793
BLD-00019,IN-DL-110054-1-19,BUILDER_FLOOR,272.75,3,EXISTING,BUILDING_FOOTPRINT_GIS,0.897
BLD-00020,IN-DL-110054-1-20,MIXED_USE_BUILDING,237.12,4,EXISTING,BUILDING_FOOTPRINT_GIS,0.966
BLD-00021,IN-DL-110054-1-21,INDEPENDENT_HOUSE,292.49,1,EXISTING,BUILDING_FOOTPRINT_GIS,0.956
BLD-00022,IN-DL-110054-1-22,BUILDER_FLOOR,259.3,1,EXISTING,BUILDING_FOOTPRINT_GIS,0.89
BLD-00023,IN-DL-110054-1-23,INDEPENDENT_HOUSE,241.47,2,EXISTING,BUILDING_FOOTPRINT_GIS,0.923
BLD-00024,IN-DL-110054-1-24,INDEPENDENT_HOUSE,279.25,4,EXISTING,BUILDING_FOOTPRINT_GIS,0.816
BLD-00025,IN-DL-110054-1-25,BUILDER_FLOOR,287.35,1,EXISTING,BUILDING_FOOTPRINT_GIS,0.907
BLD-00026,IN-DL-110054-1-26,INDEPENDENT_HOUSE,368.74,2,EXISTING,BUILDING_FOOTPRINT_GIS,0.928
BLD-00027,IN-DL-110054-1-27,INDEPENDENT_HOUSE,249.65,3,EXISTING,BUILDING_FOOTPRINT_GIS,0.784
BLD-00028,IN-DL-110054-1-28,BUILDER_FLOOR,288.97,1,EXISTING,BUILDING_FOOTPRINT_GIS,0.881
BLD-00029,IN-DL-110054-1-29,INDEPENDENT_HOUSE,276.66,3,EXISTING,BUILDING_FOOTPRINT_GIS,0.79
BLD-00030,IN-DL-110054-1-30,MIXED_USE_BUILDING,240.52,5,EXISTING,BUILDING_FOOTPRINT_GIS,0.802
BLD-00031,IN-DL-110054-1-31,BUILDER_FLOOR,330.16,1,EXISTING,BUILDING_FOOTPRINT_GIS,0.953
BLD-00032,IN-DL-110054-1-32,INDEPENDENT_HOUSE,292.7,4,EXISTING,BUILDING_FOOTPRINT_GIS,0.911
BLD-00033,IN-DL-110054-1-33,INDEPENDENT_HOUSE,272.57,4,EXISTING,BUILDING_FOOTPRINT_GIS,0.883
BLD-00034,IN-DL-110054-1-34,BUILDER_FLOOR,315.22,4,EXISTING,BUILDING_FOOTPRINT_GIS,0.838
BLD-00035,IN-DL-110054-1-35,INDEPENDENT_HOUSE,324.36,2,EXISTING,BUILDING_FOOTPRINT_GIS,0.851
BLD-00036,IN-DL-110054-1-36,INDEPENDENT_HOUSE,393.77,4,EXISTING,BUILDING_FOOTPRINT_GIS,0.924
BLD-00037,IN-DL-110054-1-37,BUILDER_FLOOR,281.81,2,EXISTING,BUILDING_FOOTPRINT_GIS,0.903
BLD-00038,IN-DL-110054-1-38,INDEPENDENT_HOUSE,326.18,3,EXISTING,BUILDING_FOOTPRINT_GIS,0.872
BLD-00039,IN-DL-110054-1-39,INDEPENDENT_HOUSE,312.29,4,EXISTING,BUILDING_FOOTPRINT_GIS,0.812
BLD-00040,IN-DL-110054-1-40,MIXED_USE_BUILDING,271.5,5,EXISTING,BUILDING_FOOTPRINT_GIS,0.814
BLD-00041,IN-DL-110054-1-41,INDEPENDENT_HOUSE,346.19,4,EXISTING,BUILDING_FOOTPRINT_GIS,0.916
BLD-00042,IN-DL-110054-1-42,INDEPENDENT_HOUSE,306.91,1,EXISTING,BUILDING_FOOTPRINT_GIS,0.902
BLD-00043,IN-DL-110054-1-43,BUILDER_FLOOR,418.21,3,EXISTING,BUILDING_FOOTPRINT_GIS,0.934
BLD-00044,IN-DL-110054-1-44,INDEPENDENT_HOUSE,330.52,4,EXISTING,BUILDING_FOOTPRINT_GIS,0.849
BLD-00045,IN-DL-110054-1-45,INDEPENDENT_HOUSE,340.1,3,EXISTING,BUILDING_FOOTPRINT_GIS,0.885
BLD-00046,IN-DL-110054-1-46,BUILDER_FLOOR,412.89,1,EXISTING,BUILDING_FOOTPRINT_GIS,0.893
BLD-00047,IN-DL-110054-1-47,INDEPENDENT_HOUSE,295.49,2,EXISTING,BUILDING_FOOTPRINT_GIS,0.81
BLD-00048,IN-DL-110054-1-48,INDEPENDENT_HOUSE,342.01,4,EXISTING,BUILDING_FOOTPRINT_GIS,0.91
BLD-00049,IN-DL-110054-1-49,BUILDER_FLOOR,327.45,2,EXISTING,BUILDING_FOOTPRINT_GIS,0.946
BLD-00050,IN-DL-110054-1-50,MIXED_USE_BUILDING,284.68,3,EXISTING,BUILDING_FOOTPRINT_GIS,0.954
BLD-00051,IN-DL-110054-1-51,INDEPENDENT_HOUSE,448.8,1,EXISTING,BUILDING_FOOTPRINT_GIS,0.913
BLD-00052,IN-DL-110054-1-52,BUILDER_FLOOR,397.88,3,EXISTING,BUILDING_FOOTPRINT_GIS,0.802
BLD-00053,IN-DL-110054-1-53,INDEPENDENT_HOUSE,370.51,2,EXISTING,BUILDING_FOOTPRINT_GIS,0.863
BLD-00054,IN-DL-110054-1-54,INDEPENDENT_HOUSE,428.49,1,EXISTING,BUILDING_FOOTPRINT_GIS,0.898
BLD-00055,IN-DL-110054-1-55,BUILDER_FLOOR,440.92,2,EXISTING,BUILDING_FOOTPRINT_GIS,0.82
BLD-00056,IN-DL-110054-1-56,INDEPENDENT_HOUSE,562.44,4,EXISTING,BUILDING_FOOTPRINT_GIS,0.814
BLD-00057,IN-DL-110054-1-57,INDEPENDENT_HOUSE,383.07,1,EXISTING,BUILDING_FOOTPRINT_GIS,0.943
BLD-00058,IN-DL-110054-1-58,BUILDER_FLOOR,443.39,4,EXISTING,BUILDING_FOOTPRINT_GIS,0.905
BLD-00059,IN-DL-110054-1-59,INDEPENDENT_HOUSE,424.51,2,EXISTING,BUILDING_FOOTPRINT_GIS,0.849
BLD-00060,IN-DL-110054-1-60,MIXED_USE_BUILDING,369.06,5,EXISTING,BUILDING_FOOTPRINT_GIS,0.858
BLD-00061,IN-DL-110054-1-61,BUILDER_FLOOR,285.5,3,EXISTING,BUILDING_FOOTPRINT_GIS,0.824
BLD-00062,IN-DL-110054-1-62,INDEPENDENT_HOUSE,253.1,4,EXISTING,BUILDING_FOOTPRINT_GIS,0.796
BLD-00063,IN-DL-110054-1-63,INDEPENDENT_HOUSE,235.69,3,EXISTING,BUILDING_FOOTPRINT_GIS,0.956
BLD-00064,IN-DL-110054-1-64,BUILDER_FLOOR,272.57,4,EXISTING,BUILDING_FOOTPRINT_GIS,0.913
BLD-00065,IN-DL-110054-1-65,INDEPENDENT_HOUSE,280.48,4,EXISTING,BUILDING_FOOTPRINT_GIS,0.852
BLD-00066,IN-DL-110054-1-66,INDEPENDENT_HOUSE,340.5,2,EXISTING,BUILDING_FOOTPRINT_GIS,0.942
BLD-00067,IN-DL-110054-1-67,BUILDER_FLOOR,243.68,1,EXISTING,BUILDING_FOOTPRINT_GIS,0.802
BLD-00068,IN-DL-110054-1-68,INDEPENDENT_HOUSE,297.13,4,EXISTING,BUILDING_FOOTPRINT_GIS,0.882
BLD-00069,IN-DL-110054-1-69,INDEPENDENT_HOUSE,270.04,1,EXISTING,BUILDING_FOOTPRINT_GIS,0.949
BLD-00070,IN-DL-110054-1-70,MIXED_USE_BUILDING,234.77,3,EXISTING,BUILDING_FOOTPRINT_GIS,0.915
BLD-00071,IN-DL-110054-1-71,INDEPENDENT_HOUSE,297.69,3,EXISTING,BUILDING_FOOTPRINT_GIS,0.967
BLD-00072,IN-DL-110054-1-72,INDEPENDENT_HOUSE,263.92,3,EXISTING,BUILDING_FOOTPRINT_GIS,0.87
BLD-00073,IN-DL-110054-1-73,BUILDER_FLOOR,245.76,2,EXISTING,BUILDING_FOOTPRINT_GIS,0.91
BLD-00074,IN-DL-110054-1-74,INDEPENDENT_HOUSE,284.22,2,EXISTING,BUILDING_FOOTPRINT_GIS,0.967
BLD-00075,IN-DL-110054-1-75,INDEPENDENT_HOUSE,292.46,4,EXISTING,BUILDING_FOOTPRINT_GIS,0.952
BLD-00076,IN-DL-110054-1-76,BUILDER_FLOOR,355.05,1,EXISTING,BUILDING_FOOTPRINT_GIS,0.864
BLD-00077,IN-DL-110054-1-77,INDEPENDENT_HOUSE,254.1,2,EXISTING,BUILDING_FOOTPRINT_GIS,0.804
BLD-00078,IN-DL-110054-1-78,INDEPENDENT_HOUSE,294.11,1,EXISTING,BUILDING_FOOTPRINT_GIS,0.78
BLD-00079,IN-DL-110054-1-79,BUILDER_FLOOR,281.58,4,EXISTING,BUILDING_FOOTPRINT_GIS,0.826
BLD-00080,IN-DL-110054-1-80,MIXED_USE_BUILDING,244.8,2,EXISTING,BUILDING_FOOTPRINT_GIS,0.946
BLD-00081,IN-DL-110054-1-83,SCHOOL,166.16,5,EXISTING,BUILDING_FOOTPRINT_GIS,0.966
BLD-00082,IN-DL-110054-1-83,SCHOOL,166.16,5,EXISTING,BUILDING_FOOTPRINT_GIS,0.865
BLD-00083,IN-DL-110054-1-84,HOSPITAL_CLINIC,192.17,1,EXISTING,BUILDING_FOOTPRINT_GIS,0.928
BLD-00084,IN-DL-110054-1-84,HOSPITAL_CLINIC,192.17,1,EXISTING,BUILDING_FOOTPRINT_GIS,0.904
BLD-00085,IN-DL-110054-1-85,RELIGIOUS_COMMUNITY_PROPERTY,329.91,4,EXISTING,BUILDING_FOOTPRINT_GIS,0.882
BLD-00086,IN-DL-110054-1-88,REDEVELOPMENT_PARCEL,331.76,2,UNDER_CONSTRUCTION,BUILDING_FOOTPRINT_GIS,0.853
BLD-00087,IN-DL-110054-1-89,ELECTRICAL_SUBSTATION,317.64,1,EXISTING,BUILDING_FOOTPRINT_GIS,0.932
BLD-00088,IN-DL-110054-1-90,MIXED_USE_BUILDING,259.57,3,EXISTING,BUILDING_FOOTPRINT_GIS,0.929
BLD-00089,IN-DL-110054-1-93,SCHOOL,170.22,1,EXISTING,BUILDING_FOOTPRINT_GIS,0.967
BLD-00090,IN-DL-110054-1-93,SCHOOL,170.22,1,EXISTING,BUILDING_FOOTPRINT_GIS,0.781
BLD-00091,IN-DL-110054-1-94,HOSPITAL_CLINIC,196.86,4,EXISTING,BUILDING_FOOTPRINT_GIS,0.946
BLD-00092,IN-DL-110054-1-94,HOSPITAL_CLINIC,196.86,4,EXISTING,BUILDING_FOOTPRINT_GIS,0.8
BLD-00093,IN-DL-110054-1-95,RELIGIOUS_COMMUNITY_PROPERTY,337.96,2,EXISTING,BUILDING_FOOTPRINT_GIS,0.963
BLD-00094,IN-DL-110054-1-98,REDEVELOPMENT_PARCEL,339.86,4,UNDER_CONSTRUCTION,BUILDING_FOOTPRINT_GIS,0.784
BLD-00095,IN-DL-110054-1-99,ELECTRICAL_SUBSTATION,325.39,1,EXISTING,BUILDING_FOOTPRINT_GIS,0.876
BLD-00096,IN-DL-110054-1-100,MIXED_USE_BUILDING,282.88,3,EXISTING,BUILDING_FOOTPRINT_GIS,0.794
BLD-00097,IN-DL-110054-2-1,INDEPENDENT_HOUSE,259.7,1,EXISTING,BUILDING_FOOTPRINT_GIS,0.894
BLD-00098,IN-DL-110054-2-2,INDEPENDENT_HOUSE,241.84,3,EXISTING,BUILDING_FOOTPRINT_GIS,0.826
BLD-00099,IN-DL-110054-2-3,INDEPENDENT_HOUSE,279.68,3,EXISTING,BUILDING_FOOTPRINT_GIS,0.916
BLD-00100,IN-DL-110054-2-4,MIXED_USE_BUILDING,287.79,3,EXISTING,BUILDING_FOOTPRINT_GIS,0.816
BLD-00101,IN-DL-110054-2-5,MIXED_USE_BUILDING,247.86,2,EXISTING,BUILDING_FOOTPRINT_GIS,0.808
BLD-00102,IN-DL-110054-2-6,MIXED_USE_BUILDING,350.4,2,EXISTING,BUILDING_FOOTPRINT_GIS,0.816
BLD-00103,IN-DL-110054-2-7,RETAIL_SHOP,289.41,4,EXISTING,BUILDING_FOOTPRINT_GIS,0.944
BLD-00104,IN-DL-110054-2-8,RETAIL_SHOP,277.09,3,EXISTING,BUILDING_FOOTPRINT_GIS,0.945
BLD-00105,IN-DL-110054-2-9,RETAIL_SHOP,240.89,4,EXISTING,BUILDING_FOOTPRINT_GIS,0.883
BLD-00106,IN-DL-110054-2-10,RETAIL_SHOP,262.54,4,EXISTING,BUILDING_FOOTPRINT_GIS,0.888
BLD-00107,IN-DL-110054-2-11,INDEPENDENT_HOUSE,263.42,2,EXISTING,BUILDING_FOOTPRINT_GIS,0.83
BLD-00108,IN-DL-110054-2-12,INDEPENDENT_HOUSE,245.3,2,EXISTING,BUILDING_FOOTPRINT_GIS,0.891
BLD-00109,IN-DL-110054-2-13,INDEPENDENT_HOUSE,283.69,2,EXISTING,BUILDING_FOOTPRINT_GIS,0.942
BLD-00110,IN-DL-110054-2-14,MIXED_USE_BUILDING,295.03,5,EXISTING,BUILDING_FOOTPRINT_GIS,0.785
BLD-00111,IN-DL-110054-2-15,MIXED_USE_BUILDING,251.41,5,EXISTING,BUILDING_FOOTPRINT_GIS,0.795
BLD-00112,IN-DL-110054-2-16,MIXED_USE_BUILDING,355.42,3,EXISTING,BUILDING_FOOTPRINT_GIS,0.833
BLD-00113,IN-DL-110054-2-17,RETAIL_SHOP,293.56,3,EXISTING,BUILDING_FOOTPRINT_GIS,0.835
BLD-00114,IN-DL-110054-2-18,RETAIL_SHOP,281.06,3,EXISTING,BUILDING_FOOTPRINT_GIS,0.914
BLD-00115,IN-DL-110054-2-19,RETAIL_SHOP,244.34,2,EXISTING,BUILDING_FOOTPRINT_GIS,0.87
BLD-00116,IN-DL-110054-2-20,LOCAL_SHOPPING_COMPLEX,266.3,4,EXISTING,BUILDING_FOOTPRINT_GIS,0.809
BLD-00117,IN-DL-110054-2-21,INDEPENDENT_HOUSE,297.35,2,EXISTING,BUILDING_FOOTPRINT_GIS,0.815
BLD-00118,IN-DL-110054-2-22,INDEPENDENT_HOUSE,276.9,3,EXISTING,BUILDING_FOOTPRINT_GIS,0.949
BLD-00119,IN-DL-110054-2-23,INDEPENDENT_HOUSE,468.59,3,EXISTING,BUILDING_FOOTPRINT_GIS,0.941
BLD-00120,IN-DL-110054-2-24,MIXED_USE_BUILDING,329.51,3,EXISTING,BUILDING_FOOTPRINT_GIS,0.903
BLD-00121,IN-DL-110054-2-25,MIXED_USE_BUILDING,283.79,3,EXISTING,BUILDING_FOOTPRINT_GIS,0.848
BLD-00122,IN-DL-110054-2-26,MIXED_USE_BUILDING,401.2,4,EXISTING,BUILDING_FOOTPRINT_GIS,0.939
BLD-00123,IN-DL-110054-2-27,OFFICE_COMMERCIAL_PLOT,331.36,2,EXISTING,BUILDING_FOOTPRINT_GIS,0.87
BLD-00124,IN-DL-110054-2-28,OFFICE_COMMERCIAL_PLOT,317.25,3,EXISTING,BUILDING_FOOTPRINT_GIS,0.881
BLD-00125,IN-DL-110054-2-29,RETAIL_SHOP,275.81,3,EXISTING,BUILDING_FOOTPRINT_GIS,0.822
BLD-00126,IN-DL-110054-2-30,RETAIL_SHOP,300.6,5,EXISTING,BUILDING_FOOTPRINT_GIS,0.927
BLD-00127,IN-DL-110054-2-31,INDEPENDENT_HOUSE,311.78,2,EXISTING,BUILDING_FOOTPRINT_GIS,0.944
BLD-00128,IN-DL-110054-2-32,INDEPENDENT_HOUSE,290.34,2,EXISTING,BUILDING_FOOTPRINT_GIS,0.84
BLD-00129,IN-DL-110054-2-33,INDEPENDENT_HOUSE,335.77,3,EXISTING,BUILDING_FOOTPRINT_GIS,0.811
BLD-00130,IN-DL-110054-2-34,MIXED_USE_BUILDING,345.51,2,EXISTING,BUILDING_FOOTPRINT_GIS,0.878
BLD-00131,IN-DL-110054-2-35,MIXED_USE_BUILDING,297.56,5,EXISTING,BUILDING_FOOTPRINT_GIS,0.933
BLD-00132,IN-DL-110054-2-36,MIXED_USE_BUILDING,420.67,4,EXISTING,BUILDING_FOOTPRINT_GIS,0.939
BLD-00133,IN-DL-110054-2-37,OFFICE_COMMERCIAL_PLOT,347.45,5,EXISTING,BUILDING_FOOTPRINT_GIS,0.833
BLD-00134,IN-DL-110054-2-38,OFFICE_COMMERCIAL_PLOT,486.77,5,EXISTING,BUILDING_FOOTPRINT_GIS,0.958
BLD-00135,IN-DL-110054-2-39,RETAIL_SHOP,289.2,5,EXISTING,BUILDING_FOOTPRINT_GIS,0.929
BLD-00136,IN-DL-110054-2-40,RETAIL_SHOP,315.19,4,EXISTING,BUILDING_FOOTPRINT_GIS,0.838
BLD-00137,IN-DL-110054-2-41,BUILDER_FLOOR,285.57,4,EXISTING,BUILDING_FOOTPRINT_GIS,0.944
BLD-00138,IN-DL-110054-2-42,BUILDER_FLOOR,265.93,3,EXISTING,BUILDING_FOOTPRINT_GIS,0.96
BLD-00139,IN-DL-110054-2-43,BUILDER_FLOOR,307.54,2,EXISTING,BUILDING_FOOTPRINT_GIS,0.872
BLD-00140,IN-DL-110054-2-44,MIXED_USE_BUILDING,316.46,4,EXISTING,BUILDING_FOOTPRINT_GIS,0.86
BLD-00141,IN-DL-110054-2-45,MIXED_USE_BUILDING,272.55,3,EXISTING,BUILDING_FOOTPRINT_GIS,0.9
BLD-00142,IN-DL-110054-2-46,MIXED_USE_BUILDING,385.31,2,EXISTING,BUILDING_FOOTPRINT_GIS,0.9
BLD-00143,IN-DL-110054-2-47,OFFICE_COMMERCIAL_PLOT,318.24,4,EXISTING,BUILDING_FOOTPRINT_GIS,0.823
BLD-00144,IN-DL-110054-2-48,OFFICE_COMMERCIAL_PLOT,304.69,5,EXISTING,BUILDING_FOOTPRINT_GIS,0.814
BLD-00145,IN-DL-110054-2-49,RETAIL_SHOP,264.89,5,EXISTING,BUILDING_FOOTPRINT_GIS,0.864
BLD-00146,IN-DL-110054-2-50,RETAIL_SHOP,288.7,2,EXISTING,BUILDING_FOOTPRINT_GIS,0.951
BLD-00147,IN-DL-110054-2-51,BUILDER_FLOOR,375.24,1,EXISTING,BUILDING_FOOTPRINT_GIS,0.782
BLD-00148,IN-DL-110054-2-52,BUILDER_FLOOR,349.43,4,EXISTING,BUILDING_FOOTPRINT_GIS,0.953
BLD-00149,IN-DL-110054-2-53,BUILDER_FLOOR,404.1,3,EXISTING,BUILDING_FOOTPRINT_GIS,0.933
BLD-00150,IN-DL-110054-2-54,MIXED_USE_BUILDING,415.83,5,EXISTING,BUILDING_FOOTPRINT_GIS,0.95
BLD-00151,IN-DL-110054-2-55,MIXED_USE_BUILDING,358.13,3,EXISTING,BUILDING_FOOTPRINT_GIS,0.935
BLD-00152,IN-DL-110054-2-56,MIXED_USE_BUILDING,506.29,2,EXISTING,BUILDING_FOOTPRINT_GIS,0.958
BLD-00153,IN-DL-110054-2-57,OFFICE_COMMERCIAL_PLOT,418.16,2,EXISTING,BUILDING_FOOTPRINT_GIS,0.911
BLD-00154,IN-DL-110054-2-58,OFFICE_COMMERCIAL_PLOT,400.36,5,EXISTING,BUILDING_FOOTPRINT_GIS,0.916
BLD-00155,IN-DL-110054-2-59,RETAIL_SHOP,348.06,4,EXISTING,BUILDING_FOOTPRINT_GIS,0.953
BLD-00156,IN-DL-110054-2-60,RETAIL_SHOP,398.76,3,EXISTING,BUILDING_FOOTPRINT_GIS,0.831
BLD-00157,IN-DL-110054-2-61,BUILDER_FLOOR,252.02,3,EXISTING,BUILDING_FOOTPRINT_GIS,0.962
BLD-00158,IN-DL-110054-2-62,BUILDER_FLOOR,249.67,4,EXISTING,BUILDING_FOOTPRINT_GIS,0.822
BLD-00159,IN-DL-110054-2-63,BUILDER_FLOOR,288.73,2,EXISTING,BUILDING_FOOTPRINT_GIS,0.929
BLD-00160,IN-DL-110054-2-64,MIXED_USE_BUILDING,297.11,2,EXISTING,BUILDING_FOOTPRINT_GIS,0.908
BLD-00161,IN-DL-110054-2-65,MIXED_USE_BUILDING,255.88,3,EXISTING,BUILDING_FOOTPRINT_GIS,0.945
BLD-00162,IN-DL-110054-2-66,MIXED_USE_BUILDING,361.74,4,EXISTING,BUILDING_FOOTPRINT_GIS,0.935
BLD-00163,IN-DL-110054-2-67,OFFICE_COMMERCIAL_PLOT,298.78,4,EXISTING,BUILDING_FOOTPRINT_GIS,0.781
BLD-00164,IN-DL-110054-2-68,OFFICE_COMMERCIAL_PLOT,289.07,4,EXISTING,BUILDING_FOOTPRINT_GIS,0.907
BLD-00165,IN-DL-110054-2-69,RETAIL_SHOP,248.69,5,EXISTING,BUILDING_FOOTPRINT_GIS,0.897
BLD-00166,IN-DL-110054-2-70,RETAIL_SHOP,271.04,2,EXISTING,BUILDING_FOOTPRINT_GIS,0.946
BLD-00167,IN-DL-110054-2-71,BUILDER_FLOOR,302.44,4,EXISTING,BUILDING_FOOTPRINT_GIS,0.861
BLD-00168,IN-DL-110054-2-72,BUILDER_FLOOR,281.63,3,EXISTING,BUILDING_FOOTPRINT_GIS,0.908
BLD-00169,IN-DL-110054-2-73,BUILDER_FLOOR,325.7,4,EXISTING,BUILDING_FOOTPRINT_GIS,0.897
BLD-00170,IN-DL-110054-2-74,MIXED_USE_BUILDING,335.15,4,EXISTING,BUILDING_FOOTPRINT_GIS,0.781
BLD-00171,IN-DL-110054-2-75,MIXED_USE_BUILDING,288.65,2,EXISTING,BUILDING_FOOTPRINT_GIS,0.906
BLD-00172,IN-DL-110054-2-76,MIXED_USE_BUILDING,408.06,3,EXISTING,BUILDING_FOOTPRINT_GIS,0.859
BLD-00173,IN-DL-110054-2-77,OFFICE_COMMERCIAL_PLOT,337.03,5,EXISTING,BUILDING_FOOTPRINT_GIS,0.878
BLD-00174,IN-DL-110054-2-78,OFFICE_COMMERCIAL_PLOT,322.68,4,EXISTING,BUILDING_FOOTPRINT_GIS,0.938
BLD-00175,IN-DL-110054-2-79,RETAIL_SHOP,280.53,4,EXISTING,BUILDING_FOOTPRINT_GIS,0.813
BLD-00176,IN-DL-110054-2-80,RETAIL_SHOP,305.74,5,EXISTING,BUILDING_FOOTPRINT_GIS,0.843
BLD-00177,IN-DL-110054-2-83,SCHOOL,488.24,5,EXISTING,BUILDING_FOOTPRINT_GIS,0.921
BLD-00178,IN-DL-110054-2-83,SCHOOL,199.98,5,EXISTING,BUILDING_FOOTPRINT_GIS,0.912
BLD-00179,IN-DL-110054-2-84,HOSPITAL_CLINIC,205.78,3,EXISTING,BUILDING_FOOTPRINT_GIS,0.789
BLD-00180,IN-DL-110054-2-84,HOSPITAL_CLINIC,205.78,3,EXISTING,BUILDING_FOOTPRINT_GIS,0.91
BLD-00181,IN-DL-110054-2-85,RELIGIOUS_COMMUNITY_PROPERTY,295.69,1,EXISTING,BUILDING_FOOTPRINT_GIS,0.835
BLD-00182,IN-DL-110054-2-88,UNDER_CONSTRUCTION_PLOT,330.56,4,UNDER_CONSTRUCTION,BUILDING_FOOTPRINT_GIS,0.819
BLD-00183,IN-DL-110054-2-89,UTILITY_PARCEL,287.37,1,EXISTING,BUILDING_FOOTPRINT_GIS,0.845
BLD-00184,IN-DL-110054-2-90,MUNICIPAL_PROPERTY,187.73,2,EXISTING,BUILDING_FOOTPRINT_GIS,0.804
BLD-00185,IN-DL-110054-2-90,MUNICIPAL_PROPERTY,187.73,2,EXISTING,BUILDING_FOOTPRINT_GIS,0.935
BLD-00186,IN-DL-110054-2-93,SCHOOL,180.37,2,EXISTING,BUILDING_FOOTPRINT_GIS,0.956
BLD-00187,IN-DL-110054-2-93,SCHOOL,180.37,2,EXISTING,BUILDING_FOOTPRINT_GIS,0.834
BLD-00188,IN-DL-110054-2-94,HOSPITAL_CLINIC,185.6,2,EXISTING,BUILDING_FOOTPRINT_GIS,0.884
BLD-00189,IN-DL-110054-2-94,HOSPITAL_CLINIC,185.6,2,EXISTING,BUILDING_FOOTPRINT_GIS,0.948
BLD-00190,IN-DL-110054-2-95,RELIGIOUS_COMMUNITY_PROPERTY,266.7,1,EXISTING,BUILDING_FOOTPRINT_GIS,0.898
BLD-00191,IN-DL-110054-2-98,UNDER_CONSTRUCTION_PLOT,298.14,5,UNDER_CONSTRUCTION,BUILDING_FOOTPRINT_GIS,0.909
BLD-00192,IN-DL-110054-2-99,UTILITY_PARCEL,259.2,1,EXISTING,BUILDING_FOOTPRINT_GIS,0.908
BLD-00193,IN-DL-110054-2-100,MUNICIPAL_PROPERTY,169.32,5,EXISTING,BUILDING_FOOTPRINT_GIS,0.79
BLD-00194,IN-DL-110054-2-100,MUNICIPAL_PROPERTY,169.32,5,EXISTING,BUILDING_FOOTPRINT_GIS,0.894
BLD-00195,IN-DL-110054-3-1,DDA_FLAT_BLOCK,242.56,5,EXISTING,BUILDING_FOOTPRINT_GIS,0.943
BLD-00196,IN-DL-110054-3-2,GROUP_HOUSING_BLOCK,280.52,5,EXISTING,BUILDING_FOOTPRINT_GIS,0.89
BLD-00197,IN-DL-110054-3-3,DDA_FLAT_BLOCK,288.66,5,EXISTING,BUILDING_FOOTPRINT_GIS,0.827
BLD-00198,IN-DL-110054-3-4,GROUP_HOUSING_BLOCK,248.6,7,EXISTING,BUILDING_FOOTPRINT_GIS,0.852
BLD-00199,IN-DL-110054-3-5,DDA_FLAT_BLOCK,250.79,6,EXISTING,BUILDING_FOOTPRINT_GIS,0.857
BLD-00200,IN-DL-110054-3-6,GROUP_HOUSING_BLOCK,392.22,10,EXISTING,BUILDING_FOOTPRINT_GIS,0.787
BLD-00201,IN-DL-110054-3-7,DDA_FLAT_BLOCK,277.92,9,EXISTING,BUILDING_FOOTPRINT_GIS,0.862
BLD-00202,IN-DL-110054-3-8,GROUP_HOUSING_BLOCK,241.61,7,EXISTING,BUILDING_FOOTPRINT_GIS,0.948
BLD-00203,IN-DL-110054-3-9,DDA_FLAT_BLOCK,385.33,4,EXISTING,BUILDING_FOOTPRINT_GIS,0.823
BLD-00204,IN-DL-110054-3-10,GROUP_HOUSING_BLOCK,294.04,6,EXISTING,BUILDING_FOOTPRINT_GIS,0.937
BLD-00205,IN-DL-110054-3-11,GROUP_HOUSING_BLOCK,273.8,8,EXISTING,BUILDING_FOOTPRINT_GIS,0.809
BLD-00206,IN-DL-110054-3-12,DDA_FLAT_BLOCK,316.65,10,EXISTING,BUILDING_FOOTPRINT_GIS,0.821
BLD-00207,IN-DL-110054-3-13,DDA_FLAT_BLOCK,325.83,7,EXISTING,BUILDING_FOOTPRINT_GIS,0.87
BLD-00208,IN-DL-110054-3-14,DDA_FLAT_BLOCK,280.62,8,EXISTING,BUILDING_FOOTPRINT_GIS,0.811
BLD-00209,IN-DL-110054-3-15,DDA_FLAT_BLOCK,283.09,6,EXISTING,BUILDING_FOOTPRINT_GIS,0.79
BLD-00210,IN-DL-110054-3-16,DDA_FLAT_BLOCK,442.74,6,EXISTING,BUILDING_FOOTPRINT_GIS,0.89
BLD-00211,IN-DL-110054-3-17,GROUP_HOUSING_BLOCK,313.71,8,EXISTING,BUILDING_FOOTPRINT_GIS,0.96
BLD-00212,IN-DL-110054-3-18,DDA_FLAT_BLOCK,399.09,8,EXISTING,BUILDING_FOOTPRINT_GIS,0.885
BLD-00213,IN-DL-110054-3-19,GROUP_HOUSING_BLOCK,297.24,8,EXISTING,BUILDING_FOOTPRINT_GIS,0.807
BLD-00214,IN-DL-110054-3-20,DDA_FLAT_BLOCK,331.91,9,EXISTING,BUILDING_FOOTPRINT_GIS,0.835
BLD-00215,IN-DL-110054-3-21,DDA_FLAT_BLOCK,394.9,9,EXISTING,BUILDING_FOOTPRINT_GIS,0.792
BLD-00216,IN-DL-110054-3-22,DDA_FLAT_BLOCK,332.02,8,EXISTING,BUILDING_FOOTPRINT_GIS,0.878
BLD-00217,IN-DL-110054-3-23,DDA_FLAT_BLOCK,341.65,9,EXISTING,BUILDING_FOOTPRINT_GIS,0.852
BLD-00218,IN-DL-110054-3-24,DDA_FLAT_BLOCK,294.24,6,EXISTING,BUILDING_FOOTPRINT_GIS,0.827
BLD-00219,IN-DL-110054-3-25,DDA_FLAT_BLOCK,296.83,9,EXISTING,BUILDING_FOOTPRINT_GIS,0.936
BLD-00220,IN-DL-110054-3-26,GROUP_HOUSING_BLOCK,464.22,5,EXISTING,BUILDING_FOOTPRINT_GIS,0.966
BLD-00221,IN-DL-110054-3-27,DDA_FLAT_BLOCK,328.94,4,EXISTING,BUILDING_FOOTPRINT_GIS,0.784
BLD-00222,IN-DL-110054-3-28,GROUP_HOUSING_BLOCK,285.97,6,EXISTING,BUILDING_FOOTPRINT_GIS,0.91
BLD-00223,IN-DL-110054-3-29,DDA_FLAT_BLOCK,311.67,9,EXISTING,BUILDING_FOOTPRINT_GIS,0.917
BLD-00224,IN-DL-110054-3-30,GROUP_HOUSING_BLOCK,348.02,5,EXISTING,BUILDING_FOOTPRINT_GIS,0.959
BLD-00225,IN-DL-110054-3-31,GROUP_HOUSING_BLOCK,262.96,6,EXISTING,BUILDING_FOOTPRINT_GIS,0.804
BLD-00226,IN-DL-110054-3-35,RELIGIOUS_COMMUNITY_PROPERTY,271.88,2,EXISTING,BUILDING_FOOTPRINT_GIS,0.795
BLD-00227,IN-DL-110054-3-36,DDA_FLAT_BLOCK,425.2,10,EXISTING,BUILDING_FOOTPRINT_GIS,0.874
BLD-00228,IN-DL-110054-3-37,GROUP_HOUSING_BLOCK,301.29,10,EXISTING,BUILDING_FOOTPRINT_GIS,0.884
BLD-00229,IN-DL-110054-3-38,DDA_FLAT_BLOCK,261.93,7,EXISTING,BUILDING_FOOTPRINT_GIS,0.82
BLD-00230,IN-DL-110054-3-39,GROUP_HOUSING_BLOCK,285.47,5,EXISTING,BUILDING_FOOTPRINT_GIS,0.927
BLD-00231,IN-DL-110054-3-40,DDA_FLAT_BLOCK,318.76,7,EXISTING,BUILDING_FOOTPRINT_GIS,0.864
BLD-00232,IN-DL-110054-3-41,DDA_FLAT_BLOCK,236.76,8,EXISTING,BUILDING_FOOTPRINT_GIS,0.829
BLD-00233,IN-DL-110054-3-44,ELECTRICAL_SUBSTATION,242.66,1,EXISTING,BUILDING_FOOTPRINT_GIS,0.825
BLD-00234,IN-DL-110054-3-46,GROUP_HOUSING_BLOCK,382.84,8,EXISTING,BUILDING_FOOTPRINT_GIS,0.877
BLD-00235,IN-DL-110054-3-47,DDA_FLAT_BLOCK,271.27,7,EXISTING,BUILDING_FOOTPRINT_GIS,0.807
BLD-00236,IN-DL-110054-3-48,GROUP_HOUSING_BLOCK,235.83,7,EXISTING,BUILDING_FOOTPRINT_GIS,0.962
BLD-00237,IN-DL-110054-3-49,DDA_FLAT_BLOCK,257.03,9,EXISTING,BUILDING_FOOTPRINT_GIS,0.833
BLD-00238,IN-DL-110054-3-50,GROUP_HOUSING_BLOCK,287.0,5,EXISTING,BUILDING_FOOTPRINT_GIS,0.845
BLD-00239,IN-DL-110054-3-51,INDEPENDENT_HOUSE,355.49,3,EXISTING,BUILDING_FOOTPRINT_GIS,0.836
BLD-00240,IN-DL-110054-3-52,INDEPENDENT_HOUSE,411.12,2,EXISTING,BUILDING_FOOTPRINT_GIS,0.891
BLD-00241,IN-DL-110054-3-53,INDEPENDENT_HOUSE,423.04,4,EXISTING,BUILDING_FOOTPRINT_GIS,0.796
BLD-00242,IN-DL-110054-3-54,INDEPENDENT_HOUSE,364.34,4,EXISTING,BUILDING_FOOTPRINT_GIS,0.95
BLD-00243,IN-DL-110054-3-55,INDEPENDENT_HOUSE,367.54,1,EXISTING,BUILDING_FOOTPRINT_GIS,0.923
BLD-00244,IN-DL-110054-3-56,BUILDER_FLOOR,574.82,4,EXISTING,BUILDING_FOOTPRINT_GIS,0.849
BLD-00245,IN-DL-110054-3-57,BUILDER_FLOOR,407.3,3,EXISTING,BUILDING_FOOTPRINT_GIS,0.856
BLD-00246,IN-DL-110054-3-58,BUILDER_FLOOR,354.1,3,EXISTING,BUILDING_FOOTPRINT_GIS,0.889
BLD-00247,IN-DL-110054-3-59,BUILDER_FLOOR,385.92,3,EXISTING,BUILDING_FOOTPRINT_GIS,0.928
BLD-00248,IN-DL-110054-3-60,BUILDER_FLOOR,430.93,1,EXISTING,BUILDING_FOOTPRINT_GIS,0.806
BLD-00249,IN-DL-110054-3-61,INDEPENDENT_HOUSE,278.49,3,EXISTING,BUILDING_FOOTPRINT_GIS,0.882
BLD-00250,IN-DL-110054-3-62,INDEPENDENT_HOUSE,322.07,4,EXISTING,BUILDING_FOOTPRINT_GIS,0.832
BLD-00251,IN-DL-110054-3-63,INDEPENDENT_HOUSE,331.41,2,EXISTING,BUILDING_FOOTPRINT_GIS,0.819
BLD-00252,IN-DL-110054-3-64,INDEPENDENT_HOUSE,285.42,3,EXISTING,BUILDING_FOOTPRINT_GIS,0.878
BLD-00253,IN-DL-110054-3-65,INDEPENDENT_HOUSE,287.93,1,EXISTING,BUILDING_FOOTPRINT_GIS,0.964
BLD-00254,IN-DL-110054-3-66,BUILDER_FLOOR,450.31,2,EXISTING,BUILDING_FOOTPRINT_GIS,0.914
BLD-00255,IN-DL-110054-3-67,BUILDER_FLOOR,319.08,3,EXISTING,BUILDING_FOOTPRINT_GIS,0.819
BLD-00256,IN-DL-110054-3-68,BUILDER_FLOOR,277.4,1,EXISTING,BUILDING_FOOTPRINT_GIS,0.904
BLD-00257,IN-DL-110054-3-69,BUILDER_FLOOR,317.67,1,EXISTING,BUILDING_FOOTPRINT_GIS,0.817
BLD-00258,IN-DL-110054-3-70,BUILDER_FLOOR,337.58,3,EXISTING,BUILDING_FOOTPRINT_GIS,0.86
BLD-00259,IN-DL-110054-3-71,INDEPENDENT_HOUSE,268.17,4,EXISTING,BUILDING_FOOTPRINT_GIS,0.942
BLD-00260,IN-DL-110054-3-72,INDEPENDENT_HOUSE,329.93,4,EXISTING,BUILDING_FOOTPRINT_GIS,0.957
BLD-00261,IN-DL-110054-3-73,INDEPENDENT_HOUSE,339.49,3,EXISTING,BUILDING_FOOTPRINT_GIS,0.823
BLD-00262,IN-DL-110054-3-74,INDEPENDENT_HOUSE,295.43,4,EXISTING,BUILDING_FOOTPRINT_GIS,0.831
BLD-00263,IN-DL-110054-3-75,INDEPENDENT_HOUSE,294.96,4,EXISTING,BUILDING_FOOTPRINT_GIS,0.927
BLD-00264,IN-DL-110054-3-76,BUILDER_FLOOR,461.3,1,EXISTING,BUILDING_FOOTPRINT_GIS,0.793
BLD-00265,IN-DL-110054-3-77,BUILDER_FLOOR,326.86,2,EXISTING,BUILDING_FOOTPRINT_GIS,0.927
BLD-00266,IN-DL-110054-3-78,BUILDER_FLOOR,284.17,2,EXISTING,BUILDING_FOOTPRINT_GIS,0.856
BLD-00267,IN-DL-110054-3-79,BUILDER_FLOOR,309.71,1,EXISTING,BUILDING_FOOTPRINT_GIS,0.892
BLD-00268,IN-DL-110054-3-80,BUILDER_FLOOR,345.82,2,EXISTING,BUILDING_FOOTPRINT_GIS,0.785
BLD-00269,IN-DL-110054-3-82,PLAYGROUND,297.57,1,UNAUTHORISED_ENCROACHMENT,BUILDING_FOOTPRINT_GIS,0.784
BLD-00270,IN-DL-110054-3-85,UTILITY_PARCEL,266.03,1,EXISTING,BUILDING_FOOTPRINT_GIS,0.923
BLD-00271,IN-DL-110054-3-86,ELECTRICAL_SUBSTATION,416.06,1,EXISTING,BUILDING_FOOTPRINT_GIS,0.821
BLD-00272,IN-DL-110054-3-87,WATER_INFRASTRUCTURE,294.81,1,EXISTING,BUILDING_FOOTPRINT_GIS,0.958
BLD-00273,IN-DL-110054-3-88,SCHOOL,153.62,5,EXISTING,BUILDING_FOOTPRINT_GIS,0.958
BLD-00274,IN-DL-110054-3-88,SCHOOL,153.62,5,EXISTING,BUILDING_FOOTPRINT_GIS,0.804
BLD-00275,IN-DL-110054-3-89,RELIGIOUS_COMMUNITY_PROPERTY,279.34,2,EXISTING,BUILDING_FOOTPRINT_GIS,0.856
BLD-00276,IN-DL-110054-3-90,LOCAL_SHOPPING_COMPLEX,311.91,5,EXISTING,BUILDING_FOOTPRINT_GIS,0.828
BLD-00277,IN-DL-110054-3-92,PLAYGROUND,272.41,1,UNAUTHORISED_ENCROACHMENT,BUILDING_FOOTPRINT_GIS,0.955
BLD-00278,IN-DL-110054-3-95,UTILITY_PARCEL,243.53,1,EXISTING,BUILDING_FOOTPRINT_GIS,0.782
BLD-00279,IN-DL-110054-3-96,ELECTRICAL_SUBSTATION,380.87,1,EXISTING,BUILDING_FOOTPRINT_GIS,0.842
BLD-00280,IN-DL-110054-3-97,WATER_INFRASTRUCTURE,269.88,1,EXISTING,BUILDING_FOOTPRINT_GIS,0.884
BLD-00281,IN-DL-110054-3-98,SCHOOL,147.82,1,EXISTING,BUILDING_FOOTPRINT_GIS,0.785
BLD-00282,IN-DL-110054-3-98,SCHOOL,147.82,1,EXISTING,BUILDING_FOOTPRINT_GIS,0.871
BLD-00283,IN-DL-110054-3-99,RELIGIOUS_COMMUNITY_PROPERTY,269.01,1,EXISTING,BUILDING_FOOTPRINT_GIS,0.879
BLD-00284,IN-DL-110054-3-100,LOCAL_SHOPPING_COMPLEX,285.53,4,EXISTING,BUILDING_FOOTPRINT_GIS,0.792
BLD-00285,IN-DL-110054-4-1,SCHOOL,187.59,3,EXISTING,BUILDING_FOOTPRINT_GIS,0.866
BLD-00286,IN-DL-110054-4-1,SCHOOL,187.59,3,EXISTING,BUILDING_FOOTPRINT_GIS,0.968
BLD-00287,IN-DL-110054-4-2,GOVERNMENT_OFFICE,193.03,2,EXISTING,BUILDING_FOOTPRINT_GIS,0.827
BLD-00288,IN-DL-110054-4-2,GOVERNMENT_OFFICE,193.03,2,EXISTING,BUILDING_FOOTPRINT_GIS,0.936
BLD-00289,IN-DL-110054-4-3,GOVERNMENT_OFFICE,166.24,4,EXISTING,BUILDING_FOOTPRINT_GIS,0.854
BLD-00290,IN-DL-110054-4-3,GOVERNMENT_OFFICE,166.24,4,EXISTING,BUILDING_FOOTPRINT_GIS,0.79
BLD-00291,IN-DL-110054-4-4,GOVERNMENT_OFFICE,176.2,3,EXISTING,BUILDING_FOOTPRINT_GIS,0.838
BLD-00292,IN-DL-110054-4-4,GOVERNMENT_OFFICE,176.2,3,EXISTING,BUILDING_FOOTPRINT_GIS,0.871
BLD-00293,IN-DL-110054-4-5,SCHOOL,194.11,1,EXISTING,BUILDING_FOOTPRINT_GIS,0.888
BLD-00294,IN-DL-110054-4-5,SCHOOL,194.11,1,EXISTING,BUILDING_FOOTPRINT_GIS,0.941
BLD-00295,IN-DL-110054-4-6,INDEPENDENT_HOUSE,424.73,2,EXISTING,BUILDING_FOOTPRINT_GIS,0.907
BLD-00296,IN-DL-110054-4-7,INDEPENDENT_HOUSE,269.56,4,EXISTING,BUILDING_FOOTPRINT_GIS,0.895
BLD-00297,IN-DL-110054-4-8,INDEPENDENT_HOUSE,293.79,4,EXISTING,BUILDING_FOOTPRINT_GIS,0.822
BLD-00298,IN-DL-110054-4-9,COLLEGE_TRAINING_CENTRE,196.62,3,EXISTING,BUILDING_FOOTPRINT_GIS,0.858
BLD-00299,IN-DL-110054-4-9,COLLEGE_TRAINING_CENTRE,196.62,3,EXISTING,BUILDING_FOOTPRINT_GIS,0.881
BLD-00300,IN-DL-110054-4-10,COLLEGE_TRAINING_CENTRE,176.81,3,EXISTING,BUILDING_FOOTPRINT_GIS,0.951
BLD-00301,IN-DL-110054-4-10,COLLEGE_TRAINING_CENTRE,176.81,3,EXISTING,BUILDING_FOOTPRINT_GIS,0.838
BLD-00302,IN-DL-110054-4-11,GOVERNMENT_OFFICE,196.69,5,EXISTING,BUILDING_FOOTPRINT_GIS,0.798
BLD-00303,IN-DL-110054-4-11,GOVERNMENT_OFFICE,196.69,5,EXISTING,BUILDING_FOOTPRINT_GIS,0.811
BLD-00304,IN-DL-110054-4-12,GOVERNMENT_OFFICE,202.39,2,EXISTING,BUILDING_FOOTPRINT_GIS,0.818
BLD-00305,IN-DL-110054-4-12,GOVERNMENT_OFFICE,202.39,2,EXISTING,BUILDING_FOOTPRINT_GIS,0.917
BLD-00306,IN-DL-110054-4-13,GOVERNMENT_OFFICE,174.31,3,EXISTING,BUILDING_FOOTPRINT_GIS,0.957
BLD-00307,IN-DL-110054-4-13,GOVERNMENT_OFFICE,174.31,3,EXISTING,BUILDING_FOOTPRINT_GIS,0.799
BLD-00308,IN-DL-110054-4-14,SCHOOL,175.84,1,EXISTING,BUILDING_FOOTPRINT_GIS,0.806
BLD-00309,IN-DL-110054-4-14,SCHOOL,175.84,1,EXISTING,BUILDING_FOOTPRINT_GIS,0.883
BLD-00310,IN-DL-110054-4-15,GOVERNMENT_OFFICE,203.53,1,EXISTING,BUILDING_FOOTPRINT_GIS,0.79
BLD-00311,IN-DL-110054-4-15,GOVERNMENT_OFFICE,203.53,1,EXISTING,BUILDING_FOOTPRINT_GIS,0.845
BLD-00312,IN-DL-110054-4-16,INDEPENDENT_HOUSE,445.34,4,EXISTING,BUILDING_FOOTPRINT_GIS,0.794
BLD-00313,IN-DL-110054-4-17,INDEPENDENT_HOUSE,282.64,2,EXISTING,BUILDING_FOOTPRINT_GIS,0.832
BLD-00314,IN-DL-110054-4-18,INDEPENDENT_HOUSE,308.05,3,EXISTING,BUILDING_FOOTPRINT_GIS,0.949
BLD-00315,IN-DL-110054-4-19,COLLEGE_TRAINING_CENTRE,206.17,4,EXISTING,BUILDING_FOOTPRINT_GIS,0.826
BLD-00316,IN-DL-110054-4-19,COLLEGE_TRAINING_CENTRE,206.17,4,EXISTING,BUILDING_FOOTPRINT_GIS,0.921
BLD-00317,IN-DL-110054-4-20,COLLEGE_TRAINING_CENTRE,185.39,3,EXISTING,BUILDING_FOOTPRINT_GIS,0.841
BLD-00318,IN-DL-110054-4-20,COLLEGE_TRAINING_CENTRE,185.39,3,EXISTING,BUILDING_FOOTPRINT_GIS,0.808
BLD-00319,IN-DL-110054-4-21,GOVERNMENT_OFFICE,439.84,5,EXISTING,BUILDING_FOOTPRINT_GIS,0.799
BLD-00320,IN-DL-110054-4-21,GOVERNMENT_OFFICE,180.16,5,EXISTING,BUILDING_FOOTPRINT_GIS,0.821
BLD-00321,IN-DL-110054-4-22,GOVERNMENT_OFFICE,185.38,2,EXISTING,BUILDING_FOOTPRINT_GIS,0.872
BLD-00322,IN-DL-110054-4-22,GOVERNMENT_OFFICE,185.38,2,EXISTING,BUILDING_FOOTPRINT_GIS,0.857
BLD-00323,IN-DL-110054-4-23,SCHOOL,159.66,1,EXISTING,BUILDING_FOOTPRINT_GIS,0.886
BLD-00324,IN-DL-110054-4-23,SCHOOL,159.66,1,EXISTING,BUILDING_FOOTPRINT_GIS,0.791
BLD-00325,IN-DL-110054-4-24,GOVERNMENT_OFFICE,161.06,3,EXISTING,BUILDING_FOOTPRINT_GIS,0.861
BLD-00326,IN-DL-110054-4-24,GOVERNMENT_OFFICE,161.06,3,EXISTING,BUILDING_FOOTPRINT_GIS,0.953
BLD-00327,IN-DL-110054-4-25,GOVERNMENT_OFFICE,186.42,1,EXISTING,BUILDING_FOOTPRINT_GIS,0.826
BLD-00328,IN-DL-110054-4-25,GOVERNMENT_OFFICE,186.42,1,EXISTING,BUILDING_FOOTPRINT_GIS,0.863
BLD-00329,IN-DL-110054-4-26,INDEPENDENT_HOUSE,407.91,2,EXISTING,BUILDING_FOOTPRINT_GIS,0.919
BLD-00330,IN-DL-110054-4-27,INDEPENDENT_HOUSE,258.89,3,EXISTING,BUILDING_FOOTPRINT_GIS,0.903
BLD-00331,IN-DL-110054-4-28,INDEPENDENT_HOUSE,282.15,1,EXISTING,BUILDING_FOOTPRINT_GIS,0.866
BLD-00332,IN-DL-110054-4-29,COLLEGE_TRAINING_CENTRE,188.84,2,EXISTING,BUILDING_FOOTPRINT_GIS,0.837
BLD-00333,IN-DL-110054-4-29,COLLEGE_TRAINING_CENTRE,188.84,2,EXISTING,BUILDING_FOOTPRINT_GIS,0.799
BLD-00334,IN-DL-110054-4-30,COLLEGE_TRAINING_CENTRE,169.81,4,EXISTING,BUILDING_FOOTPRINT_GIS,0.822
BLD-00335,IN-DL-110054-4-30,COLLEGE_TRAINING_CENTRE,169.81,4,EXISTING,BUILDING_FOOTPRINT_GIS,0.936
BLD-00336,IN-DL-110054-4-31,SCHOOL,162.21,2,EXISTING,BUILDING_FOOTPRINT_GIS,0.849
BLD-00337,IN-DL-110054-4-31,SCHOOL,162.21,2,EXISTING,BUILDING_FOOTPRINT_GIS,0.927
BLD-00338,IN-DL-110054-4-32,HOSPITAL_CLINIC,166.91,4,EXISTING,BUILDING_FOOTPRINT_GIS,0.795
BLD-00339,IN-DL-110054-4-32,HOSPITAL_CLINIC,166.91,4,EXISTING,BUILDING_FOOTPRINT_GIS,0.839
BLD-00340,IN-DL-110054-4-34,GOVERNMENT_OFFICE,145.02,1,EXISTING,BUILDING_FOOTPRINT_GIS,0.831
BLD-00341,IN-DL-110054-4-34,GOVERNMENT_OFFICE,145.02,1,EXISTING,BUILDING_FOOTPRINT_GIS,0.902
BLD-00342,IN-DL-110054-4-35,GOVERNMENT_OFFICE,409.79,4,EXISTING,BUILDING_FOOTPRINT_GIS,0.956
BLD-00343,IN-DL-110054-4-35,GOVERNMENT_OFFICE,167.85,4,EXISTING,BUILDING_FOOTPRINT_GIS,0.835
BLD-00344,IN-DL-110054-4-36,INDEPENDENT_HOUSE,367.27,1,EXISTING,BUILDING_FOOTPRINT_GIS,0.815
BLD-00345,IN-DL-110054-4-37,INDEPENDENT_HOUSE,341.09,3,EXISTING,BUILDING_FOOTPRINT_GIS,0.801
BLD-00346,IN-DL-110054-4-38,INDEPENDENT_HOUSE,254.04,2,EXISTING,BUILDING_FOOTPRINT_GIS,0.831
BLD-00347,IN-DL-110054-4-39,COLLEGE_TRAINING_CENTRE,170.02,1,EXISTING,BUILDING_FOOTPRINT_GIS,0.909
BLD-00348,IN-DL-110054-4-39,COLLEGE_TRAINING_CENTRE,170.02,1,EXISTING,BUILDING_FOOTPRINT_GIS,0.87
BLD-00349,IN-DL-110054-4-40,COLLEGE_TRAINING_CENTRE,152.89,1,EXISTING,BUILDING_FOOTPRINT_GIS,0.782
BLD-00350,IN-DL-110054-4-40,COLLEGE_TRAINING_CENTRE,152.89,1,EXISTING,BUILDING_FOOTPRINT_GIS,0.902
BLD-00351,IN-DL-110054-4-43,WATER_INFRASTRUCTURE,250.08,1,EXISTING,BUILDING_FOOTPRINT_GIS,0.785
BLD-00352,IN-DL-110054-4-44,GOVERNMENT_OFFICE,151.21,5,EXISTING,BUILDING_FOOTPRINT_GIS,0.844
BLD-00353,IN-DL-110054-4-44,GOVERNMENT_OFFICE,151.21,5,EXISTING,BUILDING_FOOTPRINT_GIS,0.854
BLD-00354,IN-DL-110054-4-45,SCHOOL,176.88,5,EXISTING,BUILDING_FOOTPRINT_GIS,0.79
BLD-00355,IN-DL-110054-4-45,SCHOOL,176.88,5,EXISTING,BUILDING_FOOTPRINT_GIS,0.906
BLD-00356,IN-DL-110054-4-46,INDEPENDENT_HOUSE,382.96,4,EXISTING,BUILDING_FOOTPRINT_GIS,0.791
BLD-00357,IN-DL-110054-4-47,INDEPENDENT_HOUSE,243.05,1,EXISTING,BUILDING_FOOTPRINT_GIS,0.873
BLD-00358,IN-DL-110054-4-48,INDEPENDENT_HOUSE,264.9,3,EXISTING,BUILDING_FOOTPRINT_GIS,0.892
BLD-00359,IN-DL-110054-4-49,COLLEGE_TRAINING_CENTRE,177.29,2,EXISTING,BUILDING_FOOTPRINT_GIS,0.821
BLD-00360,IN-DL-110054-4-49,COLLEGE_TRAINING_CENTRE,177.29,2,EXISTING,BUILDING_FOOTPRINT_GIS,0.833
BLD-00361,IN-DL-110054-4-50,COLLEGE_TRAINING_CENTRE,389.22,2,EXISTING,BUILDING_FOOTPRINT_GIS,0.958
BLD-00362,IN-DL-110054-4-50,COLLEGE_TRAINING_CENTRE,159.42,2,EXISTING,BUILDING_FOOTPRINT_GIS,0.836
BLD-00363,IN-DL-110054-4-51,GOVERNMENT_OFFICE,265.47,5,EXISTING,BUILDING_FOOTPRINT_GIS,0.871
BLD-00364,IN-DL-110054-4-51,GOVERNMENT_OFFICE,265.47,5,EXISTING,BUILDING_FOOTPRINT_GIS,0.806
BLD-00365,IN-DL-110054-4-52,GOVERNMENT_OFFICE,273.17,5,EXISTING,BUILDING_FOOTPRINT_GIS,0.952
BLD-00366,IN-DL-110054-4-52,GOVERNMENT_OFFICE,273.17,5,EXISTING,BUILDING_FOOTPRINT_GIS,0.95
BLD-00367,IN-DL-110054-4-53,GOVERNMENT_OFFICE,235.27,4,EXISTING,BUILDING_FOOTPRINT_GIS,0.899
BLD-00368,IN-DL-110054-4-53,GOVERNMENT_OFFICE,235.27,4,EXISTING,BUILDING_FOOTPRINT_GIS,0.923
BLD-00369,IN-DL-110054-4-54,SCHOOL,250.02,5,EXISTING,BUILDING_FOOTPRINT_GIS,0.919
BLD-00370,IN-DL-110054-4-54,SCHOOL,250.02,5,EXISTING,BUILDING_FOOTPRINT_GIS,0.841
BLD-00371,IN-DL-110054-4-55,GOVERNMENT_OFFICE,274.71,5,EXISTING,BUILDING_FOOTPRINT_GIS,0.879
BLD-00372,IN-DL-110054-4-55,GOVERNMENT_OFFICE,274.71,5,EXISTING,BUILDING_FOOTPRINT_GIS,0.892
BLD-00373,IN-DL-110054-4-56,INDEPENDENT_HOUSE,601.07,2,EXISTING,BUILDING_FOOTPRINT_GIS,0.879
BLD-00374,IN-DL-110054-4-57,INDEPENDENT_HOUSE,381.48,1,EXISTING,BUILDING_FOOTPRINT_GIS,0.874
BLD-00375,IN-DL-110054-4-58,INDEPENDENT_HOUSE,415.77,2,EXISTING,BUILDING_FOOTPRINT_GIS,0.796
BLD-00376,IN-DL-110054-4-59,COLLEGE_TRAINING_CENTRE,278.26,2,EXISTING,BUILDING_FOOTPRINT_GIS,0.953
BLD-00377,IN-DL-110054-4-59,COLLEGE_TRAINING_CENTRE,278.26,2,EXISTING,BUILDING_FOOTPRINT_GIS,0.87
BLD-00378,IN-DL-110054-4-60,COLLEGE_TRAINING_CENTRE,250.22,4,EXISTING,BUILDING_FOOTPRINT_GIS,0.787
BLD-00379,IN-DL-110054-4-60,COLLEGE_TRAINING_CENTRE,250.22,4,EXISTING,BUILDING_FOOTPRINT_GIS,0.806
BLD-00380,IN-DL-110054-4-61,GOVERNMENT_OFFICE,195.45,3,EXISTING,BUILDING_FOOTPRINT_GIS,0.853
BLD-00381,IN-DL-110054-4-61,GOVERNMENT_OFFICE,195.45,3,EXISTING,BUILDING_FOOTPRINT_GIS,0.873
BLD-00382,IN-DL-110054-4-62,GOVERNMENT_OFFICE,201.12,3,EXISTING,BUILDING_FOOTPRINT_GIS,0.929
BLD-00383,IN-DL-110054-4-62,GOVERNMENT_OFFICE,201.12,3,EXISTING,BUILDING_FOOTPRINT_GIS,0.83
BLD-00384,IN-DL-110054-4-63,SCHOOL,173.21,4,EXISTING,BUILDING_FOOTPRINT_GIS,0.811
BLD-00385,IN-DL-110054-4-63,SCHOOL,173.21,4,EXISTING,BUILDING_FOOTPRINT_GIS,0.849
BLD-00386,IN-DL-110054-4-64,GOVERNMENT_OFFICE,174.74,5,EXISTING,BUILDING_FOOTPRINT_GIS,0.781
BLD-00387,IN-DL-110054-4-64,GOVERNMENT_OFFICE,174.74,5,EXISTING,BUILDING_FOOTPRINT_GIS,0.866
BLD-00388,IN-DL-110054-4-65,GOVERNMENT_OFFICE,202.25,4,EXISTING,BUILDING_FOOTPRINT_GIS,0.82
BLD-00389,IN-DL-110054-4-65,GOVERNMENT_OFFICE,202.25,4,EXISTING,BUILDING_FOOTPRINT_GIS,0.792
BLD-00390,IN-DL-110054-4-66,INDEPENDENT_HOUSE,442.53,4,EXISTING,BUILDING_FOOTPRINT_GIS,0.861
BLD-00391,IN-DL-110054-4-67,INDEPENDENT_HOUSE,280.86,4,EXISTING,BUILDING_FOOTPRINT_GIS,0.947
BLD-00392,IN-DL-110054-4-68,INDEPENDENT_HOUSE,306.11,4,EXISTING,BUILDING_FOOTPRINT_GIS,0.952
BLD-00393,IN-DL-110054-4-69,COLLEGE_TRAINING_CENTRE,204.87,5,EXISTING,BUILDING_FOOTPRINT_GIS,0.829
BLD-00394,IN-DL-110054-4-69,COLLEGE_TRAINING_CENTRE,204.87,5,EXISTING,BUILDING_FOOTPRINT_GIS,0.957
BLD-00395,IN-DL-110054-4-70,COLLEGE_TRAINING_CENTRE,186.14,2,EXISTING,BUILDING_FOOTPRINT_GIS,0.953
BLD-00396,IN-DL-110054-4-70,COLLEGE_TRAINING_CENTRE,186.14,2,EXISTING,BUILDING_FOOTPRINT_GIS,0.928
BLD-00397,IN-DL-110054-4-76,INDEPENDENT_HOUSE,399.14,2,EXISTING,BUILDING_FOOTPRINT_GIS,0.839
BLD-00398,IN-DL-110054-4-77,INDEPENDENT_HOUSE,253.32,1,EXISTING,BUILDING_FOOTPRINT_GIS,0.952
BLD-00399,IN-DL-110054-4-78,INDEPENDENT_HOUSE,276.09,2,EXISTING,BUILDING_FOOTPRINT_GIS,0.885
BLD-00400,IN-DL-110054-4-83,UTILITY_PARCEL,241.09,1,EXISTING,BUILDING_FOOTPRINT_GIS,0.787
BLD-00401,IN-DL-110054-4-84,ELECTRICAL_SUBSTATION,240.7,1,EXISTING,BUILDING_FOOTPRINT_GIS,0.945
BLD-00402,IN-DL-110054-4-85,WATER_INFRASTRUCTURE,278.61,1,EXISTING,BUILDING_FOOTPRINT_GIS,0.872
BLD-00403,IN-DL-110054-4-86,MUNICIPAL_PROPERTY,219.0,1,EXISTING,BUILDING_FOOTPRINT_GIS,0.851
BLD-00404,IN-DL-110054-4-86,MUNICIPAL_PROPERTY,219.0,1,EXISTING,BUILDING_FOOTPRINT_GIS,0.838
BLD-00405,IN-DL-110054-4-89,OFFICE_COMMERCIAL_PLOT,282.21,2,EXISTING,BUILDING_FOOTPRINT_GIS,0.863
BLD-00406,IN-DL-110054-4-90,LOCAL_SHOPPING_COMPLEX,238.55,3,EXISTING,BUILDING_FOOTPRINT_GIS,0.964
BLD-00407,IN-DL-110054-4-93,UTILITY_PARCEL,255.15,1,EXISTING,BUILDING_FOOTPRINT_GIS,0.939
BLD-00408,IN-DL-110054-4-94,ELECTRICAL_SUBSTATION,257.39,1,EXISTING,BUILDING_FOOTPRINT_GIS,0.939
BLD-00409,IN-DL-110054-4-95,WATER_INFRASTRUCTURE,297.92,1,EXISTING,BUILDING_FOOTPRINT_GIS,0.946
BLD-00410,IN-DL-110054-4-96,MUNICIPAL_PROPERTY,234.19,2,EXISTING,BUILDING_FOOTPRINT_GIS,0.92
BLD-00411,IN-DL-110054-4-96,MUNICIPAL_PROPERTY,234.19,2,EXISTING,BUILDING_FOOTPRINT_GIS,0.783
BLD-00412,IN-DL-110054-4-99,OFFICE_COMMERCIAL_PLOT,301.78,3,EXISTING,BUILDING_FOOTPRINT_GIS,0.917
BLD-00413,IN-DL-110054-4-100,LOCAL_SHOPPING_COMPLEX,271.37,4,EXISTING,BUILDING_FOOTPRINT_GIS,0.893
BLD-00414,IN-DL-110054-5-1,GROUP_HOUSING_BLOCK,341.53,10,EXISTING,BUILDING_FOOTPRINT_GIS,0.87
BLD-00415,IN-DL-110054-5-2,GROUP_HOUSING_BLOCK,294.14,8,EXISTING,BUILDING_FOOTPRINT_GIS,0.795
BLD-00416,IN-DL-110054-5-3,GROUP_HOUSING_BLOCK,296.72,7,EXISTING,BUILDING_FOOTPRINT_GIS,0.936
BLD-00417,IN-DL-110054-5-4,GROUP_HOUSING_BLOCK,343.45,8,EXISTING,BUILDING_FOOTPRINT_GIS,0.904
BLD-00418,IN-DL-110054-5-5,APARTMENT_BLOCK,328.82,7,EXISTING,BUILDING_FOOTPRINT_GIS,0.812
BLD-00419,IN-DL-110054-5-6,APARTMENT_BLOCK,427.25,6,EXISTING,BUILDING_FOOTPRINT_GIS,0.881
BLD-00420,IN-DL-110054-5-7,APARTMENT_BLOCK,311.56,5,EXISTING,BUILDING_FOOTPRINT_GIS,0.79
BLD-00421,IN-DL-110054-5-8,APARTMENT_BLOCK,347.9,7,EXISTING,BUILDING_FOOTPRINT_GIS,0.807
BLD-00422,IN-DL-110054-5-9,APARTMENT_BLOCK,312.84,6,EXISTING,BUILDING_FOOTPRINT_GIS,0.89
BLD-00423,IN-DL-110054-5-10,APARTMENT_BLOCK,285.54,4,EXISTING,BUILDING_FOOTPRINT_GIS,0.866
BLD-00424,IN-DL-110054-5-11,GROUP_HOUSING_BLOCK,457.76,9,EXISTING,BUILDING_FOOTPRINT_GIS,0.829
BLD-00425,IN-DL-110054-5-12,GROUP_HOUSING_BLOCK,269.42,8,EXISTING,BUILDING_FOOTPRINT_GIS,0.845
BLD-00426,IN-DL-110054-5-13,GROUP_HOUSING_BLOCK,271.78,7,EXISTING,BUILDING_FOOTPRINT_GIS,0.943
BLD-00427,IN-DL-110054-5-14,GROUP_HOUSING_BLOCK,314.58,5,EXISTING,BUILDING_FOOTPRINT_GIS,0.797
BLD-00428,IN-DL-110054-5-15,APARTMENT_BLOCK,301.18,6,EXISTING,BUILDING_FOOTPRINT_GIS,0.942
BLD-00429,IN-DL-110054-5-16,APARTMENT_BLOCK,543.77,6,EXISTING,BUILDING_FOOTPRINT_GIS,0.96
BLD-00430,IN-DL-110054-5-17,APARTMENT_BLOCK,285.37,9,EXISTING,BUILDING_FOOTPRINT_GIS,0.962
BLD-00431,IN-DL-110054-5-18,APARTMENT_BLOCK,318.65,10,EXISTING,BUILDING_FOOTPRINT_GIS,0.92
BLD-00432,IN-DL-110054-5-19,APARTMENT_BLOCK,286.54,9,EXISTING,BUILDING_FOOTPRINT_GIS,0.909
BLD-00433,IN-DL-110054-5-20,APARTMENT_BLOCK,245.85,9,EXISTING,BUILDING_FOOTPRINT_GIS,0.903
BLD-00434,IN-DL-110054-5-21,GROUP_HOUSING_BLOCK,281.66,7,EXISTING,BUILDING_FOOTPRINT_GIS,0.864
BLD-00435,IN-DL-110054-5-22,GROUP_HOUSING_BLOCK,242.57,4,EXISTING,BUILDING_FOOTPRINT_GIS,0.931
BLD-00436,IN-DL-110054-5-23,GROUP_HOUSING_BLOCK,244.71,5,EXISTING,BUILDING_FOOTPRINT_GIS,0.783
BLD-00437,IN-DL-110054-5-24,GROUP_HOUSING_BLOCK,283.24,9,EXISTING,BUILDING_FOOTPRINT_GIS,0.82
BLD-00438,IN-DL-110054-5-25,APARTMENT_BLOCK,271.18,9,EXISTING,BUILDING_FOOTPRINT_GIS,0.909
BLD-00439,IN-DL-110054-5-26,APARTMENT_BLOCK,334.58,7,EXISTING,BUILDING_FOOTPRINT_GIS,0.803
BLD-00440,IN-DL-110054-5-27,APARTMENT_BLOCK,256.94,5,EXISTING,BUILDING_FOOTPRINT_GIS,0.922
BLD-00441,IN-DL-110054-5-28,APARTMENT_BLOCK,286.91,4,EXISTING,BUILDING_FOOTPRINT_GIS,0.849
BLD-00442,IN-DL-110054-5-29,APARTMENT_BLOCK,258.0,7,EXISTING,BUILDING_FOOTPRINT_GIS,0.822
BLD-00443,IN-DL-110054-5-30,APARTMENT_BLOCK,235.48,7,EXISTING,BUILDING_FOOTPRINT_GIS,0.884
BLD-00444,IN-DL-110054-5-34,RELIGIOUS_COMMUNITY_PROPERTY,295.34,3,EXISTING,BUILDING_FOOTPRINT_GIS,0.782
BLD-00445,IN-DL-110054-5-35,APARTMENT_BLOCK,282.76,5,EXISTING,BUILDING_FOOTPRINT_GIS,0.844
BLD-00446,IN-DL-110054-5-36,APARTMENT_BLOCK,348.87,4,EXISTING,BUILDING_FOOTPRINT_GIS,0.956
BLD-00447,IN-DL-110054-5-37,APARTMENT_BLOCK,267.92,8,EXISTING,BUILDING_FOOTPRINT_GIS,0.848
BLD-00448,IN-DL-110054-5-38,APARTMENT_BLOCK,299.16,10,EXISTING,BUILDING_FOOTPRINT_GIS,0.936
BLD-00449,IN-DL-110054-5-39,APARTMENT_BLOCK,269.02,5,EXISTING,BUILDING_FOOTPRINT_GIS,0.817
BLD-00450,IN-DL-110054-5-40,APARTMENT_BLOCK,245.54,7,EXISTING,BUILDING_FOOTPRINT_GIS,0.968
BLD-00451,IN-DL-110054-5-41,GROUP_HOUSING_BLOCK,331.29,6,EXISTING,BUILDING_FOOTPRINT_GIS,0.839
BLD-00452,IN-DL-110054-5-42,GROUP_HOUSING_BLOCK,285.32,6,EXISTING,BUILDING_FOOTPRINT_GIS,0.797
BLD-00453,IN-DL-110054-5-43,GROUP_HOUSING_BLOCK,287.83,10,EXISTING,BUILDING_FOOTPRINT_GIS,0.813
BLD-00454,IN-DL-110054-5-44,GROUP_HOUSING_BLOCK,333.15,9,EXISTING,BUILDING_FOOTPRINT_GIS,0.868
BLD-00455,IN-DL-110054-5-45,APARTMENT_BLOCK,318.97,4,EXISTING,BUILDING_FOOTPRINT_GIS,0.849
BLD-00456,IN-DL-110054-5-46,APARTMENT_BLOCK,393.54,8,EXISTING,BUILDING_FOOTPRINT_GIS,0.843
BLD-00457,IN-DL-110054-5-47,APARTMENT_BLOCK,302.22,7,EXISTING,BUILDING_FOOTPRINT_GIS,0.833
BLD-00458,IN-DL-110054-5-48,APARTMENT_BLOCK,337.47,5,EXISTING,BUILDING_FOOTPRINT_GIS,0.94
BLD-00459,IN-DL-110054-5-49,APARTMENT_BLOCK,303.46,5,EXISTING,BUILDING_FOOTPRINT_GIS,0.854
BLD-00460,IN-DL-110054-5-50,APARTMENT_BLOCK,260.36,5,EXISTING,BUILDING_FOOTPRINT_GIS,0.876
BLD-00461,IN-DL-110054-5-51,BUILDER_FLOOR,469.47,2,EXISTING,BUILDING_FOOTPRINT_GIS,0.888
BLD-00462,IN-DL-110054-5-52,INDEPENDENT_HOUSE,404.33,4,EXISTING,BUILDING_FOOTPRINT_GIS,0.786
BLD-00463,IN-DL-110054-5-53,BUILDER_FLOOR,407.88,3,EXISTING,BUILDING_FOOTPRINT_GIS,0.789
BLD-00464,IN-DL-110054-5-54,INDEPENDENT_HOUSE,472.11,2,EXISTING,BUILDING_FOOTPRINT_GIS,0.815
BLD-00465,IN-DL-110054-5-55,BUILDER_FLOOR,452.0,1,EXISTING,BUILDING_FOOTPRINT_GIS,0.95
BLD-00466,IN-DL-110054-5-56,INDEPENDENT_HOUSE,557.68,3,EXISTING,BUILDING_FOOTPRINT_GIS,0.877
BLD-00467,IN-DL-110054-5-57,BUILDER_FLOOR,428.28,2,EXISTING,BUILDING_FOOTPRINT_GIS,0.828
BLD-00468,IN-DL-110054-5-58,APARTMENT_BLOCK,478.22,4,EXISTING,BUILDING_FOOTPRINT_GIS,0.782
BLD-00469,IN-DL-110054-5-59,APARTMENT_BLOCK,430.03,6,EXISTING,BUILDING_FOOTPRINT_GIS,0.906
BLD-00470,IN-DL-110054-5-60,APARTMENT_BLOCK,392.51,8,EXISTING,BUILDING_FOOTPRINT_GIS,0.905
BLD-00471,IN-DL-110054-5-61,INDEPENDENT_HOUSE,306.1,4,EXISTING,BUILDING_FOOTPRINT_GIS,0.799
BLD-00472,IN-DL-110054-5-62,BUILDER_FLOOR,263.63,4,EXISTING,BUILDING_FOOTPRINT_GIS,0.792
BLD-00473,IN-DL-110054-5-63,INDEPENDENT_HOUSE,265.94,3,EXISTING,BUILDING_FOOTPRINT_GIS,0.847
BLD-00474,IN-DL-110054-5-64,BUILDER_FLOOR,307.82,4,EXISTING,BUILDING_FOOTPRINT_GIS,0.818
BLD-00475,IN-DL-110054-5-65,INDEPENDENT_HOUSE,431.26,4,EXISTING,BUILDING_FOOTPRINT_GIS,0.882
BLD-00476,IN-DL-110054-5-66,BUILDER_FLOOR,363.62,4,EXISTING,BUILDING_FOOTPRINT_GIS,0.854
BLD-00477,IN-DL-110054-5-67,INDEPENDENT_HOUSE,279.24,1,EXISTING,BUILDING_FOOTPRINT_GIS,0.888
BLD-00478,IN-DL-110054-5-68,APARTMENT_BLOCK,311.81,4,EXISTING,BUILDING_FOOTPRINT_GIS,0.904
BLD-00479,IN-DL-110054-5-69,APARTMENT_BLOCK,280.39,5,EXISTING,BUILDING_FOOTPRINT_GIS,0.864
BLD-00480,IN-DL-110054-5-70,APARTMENT_BLOCK,255.92,9,EXISTING,BUILDING_FOOTPRINT_GIS,0.911
BLD-00481,IN-DL-110054-5-71,BUILDER_FLOOR,410.04,3,EXISTING,BUILDING_FOOTPRINT_GIS,0.935
BLD-00482,IN-DL-110054-5-72,INDEPENDENT_HOUSE,243.85,2,EXISTING,BUILDING_FOOTPRINT_GIS,0.929
BLD-00483,IN-DL-110054-5-73,BUILDER_FLOOR,243.45,4,EXISTING,BUILDING_FOOTPRINT_GIS,0.791
BLD-00484,IN-DL-110054-5-74,INDEPENDENT_HOUSE,281.78,3,EXISTING,BUILDING_FOOTPRINT_GIS,0.806
BLD-00485,IN-DL-110054-5-75,BUILDER_FLOOR,269.79,3,EXISTING,BUILDING_FOOTPRINT_GIS,0.862
BLD-00486,IN-DL-110054-5-76,INDEPENDENT_HOUSE,332.86,2,EXISTING,BUILDING_FOOTPRINT_GIS,0.848
BLD-00487,IN-DL-110054-5-77,BUILDER_FLOOR,255.62,2,EXISTING,BUILDING_FOOTPRINT_GIS,0.954
BLD-00488,IN-DL-110054-5-78,REDEVELOPMENT_PARCEL,285.43,6,UNDER_CONSTRUCTION,BUILDING_FOOTPRINT_GIS,0.964
BLD-00489,IN-DL-110054-5-79,REDEVELOPMENT_PARCEL,256.67,4,UNDER_CONSTRUCTION,BUILDING_FOOTPRINT_GIS,0.906
BLD-00490,IN-DL-110054-5-80,REDEVELOPMENT_PARCEL,234.27,1,UNDER_CONSTRUCTION,BUILDING_FOOTPRINT_GIS,0.811
BLD-00491,IN-DL-110054-5-85,UTILITY_PARCEL,422.15,1,EXISTING,BUILDING_FOOTPRINT_GIS,0.832
BLD-00492,IN-DL-110054-5-86,ELECTRICAL_SUBSTATION,355.94,1,EXISTING,BUILDING_FOOTPRINT_GIS,0.822
BLD-00493,IN-DL-110054-5-87,LOCAL_SHOPPING_COMPLEX,273.35,4,EXISTING,BUILDING_FOOTPRINT_GIS,0.891
BLD-00494,IN-DL-110054-5-88,OFFICE_COMMERCIAL_PLOT,305.22,3,EXISTING,BUILDING_FOOTPRINT_GIS,0.872
BLD-00495,IN-DL-110054-5-89,UNDER_CONSTRUCTION_PLOT,274.47,4,UNDER_CONSTRUCTION,BUILDING_FOOTPRINT_GIS,0.829
BLD-00496,IN-DL-110054-5-90,UNDER_CONSTRUCTION_PLOT,250.52,1,UNDER_CONSTRUCTION,BUILDING_FOOTPRINT_GIS,0.85
BLD-00497,IN-DL-110054-5-96,REDEVELOPMENT_PARCEL,399.04,5,UNDER_CONSTRUCTION,BUILDING_FOOTPRINT_GIS,0.825
BLD-00498,IN-DL-110054-5-97,REDEVELOPMENT_PARCEL,306.45,5,UNDER_CONSTRUCTION,BUILDING_FOOTPRINT_GIS,0.782
BLD-00499,IN-DL-110054-5-98,REDEVELOPMENT_PARCEL,342.18,5,UNDER_CONSTRUCTION,BUILDING_FOOTPRINT_GIS,0.875
BLD-00500,IN-DL-110054-5-99,REDEVELOPMENT_PARCEL,307.7,5,UNDER_CONSTRUCTION,BUILDING_FOOTPRINT_GIS,0.959
BLD-00501,IN-DL-110054-5-100,REDEVELOPMENT_PARCEL,280.85,4,UNDER_CONSTRUCTION,BUILDING_FOOTPRINT_GIS,0.885
BLD-00502,IN-DL-110054-6-1,RETAIL_SHOP,271.1,4,EXISTING,BUILDING_FOOTPRINT_GIS,0.899
BLD-00503,IN-DL-110054-6-2,RETAIL_SHOP,273.48,4,EXISTING,BUILDING_FOOTPRINT_GIS,0.917
BLD-00504,IN-DL-110054-6-3,RETAIL_SHOP,316.54,4,EXISTING,BUILDING_FOOTPRINT_GIS,0.78
BLD-00505,IN-DL-110054-6-4,RETAIL_SHOP,303.07,5,EXISTING,BUILDING_FOOTPRINT_GIS,0.853
BLD-00506,IN-DL-110054-6-5,RETAIL_SHOP,263.48,5,EXISTING,BUILDING_FOOTPRINT_GIS,0.964
BLD-00507,IN-DL-110054-6-6,RETAIL_SHOP,397.12,4,EXISTING,BUILDING_FOOTPRINT_GIS,0.873
BLD-00508,IN-DL-110054-6-7,RETAIL_SHOP,320.64,3,EXISTING,BUILDING_FOOTPRINT_GIS,0.93
BLD-00509,IN-DL-110054-6-8,OFFICE_COMMERCIAL_PLOT,288.33,4,EXISTING,BUILDING_FOOTPRINT_GIS,0.91
BLD-00510,IN-DL-110054-6-9,OFFICE_COMMERCIAL_PLOT,263.17,4,EXISTING,BUILDING_FOOTPRINT_GIS,0.813
BLD-00511,IN-DL-110054-6-10,OFFICE_COMMERCIAL_PLOT,301.97,4,EXISTING,BUILDING_FOOTPRINT_GIS,0.797
BLD-00512,IN-DL-110054-6-11,RETAIL_SHOP,256.66,3,EXISTING,BUILDING_FOOTPRINT_GIS,0.807
BLD-00513,IN-DL-110054-6-12,RETAIL_SHOP,246.23,5,EXISTING,BUILDING_FOOTPRINT_GIS,0.909
BLD-00514,IN-DL-110054-6-13,RETAIL_SHOP,285.01,4,EXISTING,BUILDING_FOOTPRINT_GIS,0.8
BLD-00515,IN-DL-110054-6-14,RETAIL_SHOP,272.87,5,EXISTING,BUILDING_FOOTPRINT_GIS,0.953
BLD-00516,IN-DL-110054-6-15,RETAIL_SHOP,237.23,5,EXISTING,BUILDING_FOOTPRINT_GIS,0.933
BLD-00517,IN-DL-110054-6-16,RETAIL_SHOP,357.55,3,EXISTING,BUILDING_FOOTPRINT_GIS,0.892
BLD-00518,IN-DL-110054-6-17,RETAIL_SHOP,288.7,4,EXISTING,BUILDING_FOOTPRINT_GIS,0.906
BLD-00519,IN-DL-110054-6-18,OFFICE_COMMERCIAL_PLOT,259.61,3,EXISTING,BUILDING_FOOTPRINT_GIS,0.916
BLD-00520,IN-DL-110054-6-19,OFFICE_COMMERCIAL_PLOT,236.95,3,EXISTING,BUILDING_FOOTPRINT_GIS,0.781
BLD-00521,IN-DL-110054-6-20,OFFICE_COMMERCIAL_PLOT,271.88,2,EXISTING,BUILDING_FOOTPRINT_GIS,0.827
BLD-00522,IN-DL-110054-6-21,RETAIL_SHOP,254.52,3,EXISTING,BUILDING_FOOTPRINT_GIS,0.959
BLD-00523,IN-DL-110054-6-22,RETAIL_SHOP,256.75,2,EXISTING,BUILDING_FOOTPRINT_GIS,0.807
BLD-00524,IN-DL-110054-6-23,RETAIL_SHOP,297.18,2,EXISTING,BUILDING_FOOTPRINT_GIS,0.791
BLD-00525,IN-DL-110054-6-24,RETAIL_SHOP,284.53,2,EXISTING,BUILDING_FOOTPRINT_GIS,0.789
BLD-00526,IN-DL-110054-6-25,RETAIL_SHOP,247.36,5,EXISTING,BUILDING_FOOTPRINT_GIS,0.939
BLD-00527,IN-DL-110054-6-26,RETAIL_SHOP,372.83,5,EXISTING,BUILDING_FOOTPRINT_GIS,0.89
BLD-00528,IN-DL-110054-6-27,RETAIL_SHOP,301.03,5,EXISTING,BUILDING_FOOTPRINT_GIS,0.881
BLD-00529,IN-DL-110054-6-28,OFFICE_COMMERCIAL_PLOT,270.7,3,EXISTING,BUILDING_FOOTPRINT_GIS,0.954
BLD-00530,IN-DL-110054-6-29,OFFICE_COMMERCIAL_PLOT,247.08,3,EXISTING,BUILDING_FOOTPRINT_GIS,0.944
BLD-00531,IN-DL-110054-6-30,OFFICE_COMMERCIAL_PLOT,283.5,2,EXISTING,BUILDING_FOOTPRINT_GIS,0.933
BLD-00532,IN-DL-110054-6-31,RETAIL_SHOP,287.11,3,EXISTING,BUILDING_FOOTPRINT_GIS,0.867
BLD-00533,IN-DL-110054-6-32,RETAIL_SHOP,289.63,3,EXISTING,BUILDING_FOOTPRINT_GIS,0.875
BLD-00534,IN-DL-110054-6-33,RETAIL_SHOP,335.24,4,EXISTING,BUILDING_FOOTPRINT_GIS,0.792
BLD-00535,IN-DL-110054-6-34,RETAIL_SHOP,320.96,2,EXISTING,BUILDING_FOOTPRINT_GIS,0.81
BLD-00536,IN-DL-110054-6-35,RETAIL_SHOP,279.03,2,EXISTING,BUILDING_FOOTPRINT_GIS,0.918
BLD-00537,IN-DL-110054-6-36,RETAIL_SHOP,420.56,2,EXISTING,BUILDING_FOOTPRINT_GIS,0.842
BLD-00538,IN-DL-110054-6-37,RETAIL_SHOP,343.13,5,EXISTING,BUILDING_FOOTPRINT_GIS,0.805
BLD-00539,IN-DL-110054-6-38,OFFICE_COMMERCIAL_PLOT,305.36,3,EXISTING,BUILDING_FOOTPRINT_GIS,0.911
BLD-00540,IN-DL-110054-6-39,OFFICE_COMMERCIAL_PLOT,278.71,4,EXISTING,BUILDING_FOOTPRINT_GIS,0.809
BLD-00541,IN-DL-110054-6-40,OFFICE_COMMERCIAL_PLOT,319.8,5,EXISTING,BUILDING_FOOTPRINT_GIS,0.874
BLD-00542,IN-DL-110054-6-41,MIXED_USE_BUILDING,294.11,5,EXISTING,BUILDING_FOOTPRINT_GIS,0.817
BLD-00543,IN-DL-110054-6-42,MIXED_USE_BUILDING,296.7,3,EXISTING,BUILDING_FOOTPRINT_GIS,0.836
BLD-00544,IN-DL-110054-6-43,MIXED_USE_BUILDING,343.42,2,EXISTING,BUILDING_FOOTPRINT_GIS,0.935
BLD-00545,IN-DL-110054-6-44,MIXED_USE_BUILDING,328.79,5,EXISTING,BUILDING_FOOTPRINT_GIS,0.821
BLD-00546,IN-DL-110054-6-45,MIXED_USE_BUILDING,285.84,3,EXISTING,BUILDING_FOOTPRINT_GIS,0.832
BLD-00547,IN-DL-110054-6-46,MIXED_USE_BUILDING,430.83,4,EXISTING,BUILDING_FOOTPRINT_GIS,0.86
BLD-00548,IN-DL-110054-6-47,MIXED_USE_BUILDING,347.86,5,EXISTING,BUILDING_FOOTPRINT_GIS,0.878
BLD-00549,IN-DL-110054-6-48,MIXED_USE_BUILDING,312.81,2,EXISTING,BUILDING_FOOTPRINT_GIS,0.844
BLD-00550,IN-DL-110054-6-49,MIXED_USE_BUILDING,285.51,2,EXISTING,BUILDING_FOOTPRINT_GIS,0.931
BLD-00551,IN-DL-110054-6-50,MIXED_USE_BUILDING,327.6,3,EXISTING,BUILDING_FOOTPRINT_GIS,0.924
BLD-00552,IN-DL-110054-6-51,MIXED_USE_BUILDING,377.81,4,EXISTING,BUILDING_FOOTPRINT_GIS,0.801
BLD-00553,IN-DL-110054-6-52,MIXED_USE_BUILDING,381.13,4,EXISTING,BUILDING_FOOTPRINT_GIS,0.862
BLD-00554,IN-DL-110054-6-53,MIXED_USE_BUILDING,441.15,2,EXISTING,BUILDING_FOOTPRINT_GIS,0.951
BLD-00555,IN-DL-110054-6-54,MIXED_USE_BUILDING,422.36,5,EXISTING,BUILDING_FOOTPRINT_GIS,0.789
BLD-00556,IN-DL-110054-6-55,MIXED_USE_BUILDING,367.19,3,EXISTING,BUILDING_FOOTPRINT_GIS,0.814
BLD-00557,IN-DL-110054-6-56,MIXED_USE_BUILDING,553.43,2,EXISTING,BUILDING_FOOTPRINT_GIS,0.95
BLD-00558,IN-DL-110054-6-57,MIXED_USE_BUILDING,446.86,4,EXISTING,BUILDING_FOOTPRINT_GIS,0.856
BLD-00559,IN-DL-110054-6-58,MIXED_USE_BUILDING,422.59,3,EXISTING,BUILDING_FOOTPRINT_GIS,0.852
BLD-00560,IN-DL-110054-6-59,MIXED_USE_BUILDING,366.76,3,EXISTING,BUILDING_FOOTPRINT_GIS,0.891
BLD-00561,IN-DL-110054-6-60,MIXED_USE_BUILDING,395.58,2,EXISTING,BUILDING_FOOTPRINT_GIS,0.825
BLD-00562,IN-DL-110054-6-61,BUILDER_FLOOR,228.27,1,EXISTING,BUILDING_FOOTPRINT_GIS,0.908
BLD-00563,IN-DL-110054-6-62,BUILDER_FLOOR,244.97,1,EXISTING,BUILDING_FOOTPRINT_GIS,0.839
BLD-00564,IN-DL-110054-6-63,BUILDER_FLOOR,283.54,1,EXISTING,BUILDING_FOOTPRINT_GIS,0.931
BLD-00565,IN-DL-110054-6-64,BUILDER_FLOOR,271.47,2,EXISTING,BUILDING_FOOTPRINT_GIS,0.896
BLD-00566,IN-DL-110054-6-65,BUILDER_FLOOR,236.01,4,EXISTING,BUILDING_FOOTPRINT_GIS,0.956
BLD-00567,IN-DL-110054-6-66,BUILDER_FLOOR,355.72,3,EXISTING,BUILDING_FOOTPRINT_GIS,0.943
BLD-00568,IN-DL-110054-6-67,INDEPENDENT_HOUSE,287.22,1,EXISTING,BUILDING_FOOTPRINT_GIS,0.879
BLD-00569,IN-DL-110054-6-68,INDEPENDENT_HOUSE,258.27,4,EXISTING,BUILDING_FOOTPRINT_GIS,0.909
BLD-00570,IN-DL-110054-6-69,INDEPENDENT_HOUSE,238.19,3,EXISTING,BUILDING_FOOTPRINT_GIS,0.844
BLD-00571,IN-DL-110054-6-70,INDEPENDENT_HOUSE,270.49,3,EXISTING,BUILDING_FOOTPRINT_GIS,0.848
BLD-00572,IN-DL-110054-6-71,BUILDER_FLOOR,259.67,1,EXISTING,BUILDING_FOOTPRINT_GIS,0.809
BLD-00573,IN-DL-110054-6-72,BUILDER_FLOOR,261.96,1,EXISTING,BUILDING_FOOTPRINT_GIS,0.827
BLD-00574,IN-DL-110054-6-73,BUILDER_FLOOR,303.2,2,EXISTING,BUILDING_FOOTPRINT_GIS,0.797
BLD-00575,IN-DL-110054-6-74,BUILDER_FLOOR,290.29,1,EXISTING,BUILDING_FOOTPRINT_GIS,0.927
BLD-00576,IN-DL-110054-6-75,BUILDER_FLOOR,252.37,4,EXISTING,BUILDING_FOOTPRINT_GIS,0.853
BLD-00577,IN-DL-110054-6-76,BUILDER_FLOOR,380.38,2,EXISTING,BUILDING_FOOTPRINT_GIS,0.832
BLD-00578,IN-DL-110054-6-77,INDEPENDENT_HOUSE,307.13,1,EXISTING,BUILDING_FOOTPRINT_GIS,0.889
BLD-00579,IN-DL-110054-6-78,INDEPENDENT_HOUSE,276.18,1,EXISTING,BUILDING_FOOTPRINT_GIS,0.848
BLD-00580,IN-DL-110054-6-79,INDEPENDENT_HOUSE,252.08,3,EXISTING,BUILDING_FOOTPRINT_GIS,0.937
BLD-00581,IN-DL-110054-6-80,INDEPENDENT_HOUSE,289.24,1,EXISTING,BUILDING_FOOTPRINT_GIS,0.928
BLD-00582,IN-DL-110054-6-81,BUILDER_FLOOR,291.12,2,EXISTING,BUILDING_FOOTPRINT_GIS,0.788
BLD-00583,IN-DL-110054-6-82,BUILDER_FLOOR,293.68,1,EXISTING,BUILDING_FOOTPRINT_GIS,0.948
BLD-00584,IN-DL-110054-6-83,BUILDER_FLOOR,339.92,4,EXISTING,BUILDING_FOOTPRINT_GIS,0.852
BLD-00585,IN-DL-110054-6-84,BUILDER_FLOOR,325.44,2,EXISTING,BUILDING_FOOTPRINT_GIS,0.791
BLD-00586,IN-DL-110054-6-85,BUILDER_FLOOR,282.93,2,EXISTING,BUILDING_FOOTPRINT_GIS,0.909
BLD-00587,IN-DL-110054-6-86,BUILDER_FLOOR,624.02,1,EXISTING,BUILDING_FOOTPRINT_GIS,0.881
BLD-00588,IN-DL-110054-6-87,INDEPENDENT_HOUSE,344.32,1,EXISTING,BUILDING_FOOTPRINT_GIS,0.877
BLD-00589,IN-DL-110054-6-88,INDEPENDENT_HOUSE,309.62,1,EXISTING,BUILDING_FOOTPRINT_GIS,0.796
BLD-00590,IN-DL-110054-6-89,INDEPENDENT_HOUSE,282.61,2,EXISTING,BUILDING_FOOTPRINT_GIS,0.908
BLD-00591,IN-DL-110054-6-90,INDEPENDENT_HOUSE,324.26,2,EXISTING,BUILDING_FOOTPRINT_GIS,0.795
BLD-00592,IN-DL-110054-6-95,HOSPITAL_CLINIC,169.57,1,EXISTING,BUILDING_FOOTPRINT_GIS,0.936
BLD-00593,IN-DL-110054-6-95,HOSPITAL_CLINIC,169.57,1,EXISTING,BUILDING_FOOTPRINT_GIS,0.958
BLD-00594,IN-DL-110054-6-96,SCHOOL,255.59,3,EXISTING,BUILDING_FOOTPRINT_GIS,0.896
BLD-00595,IN-DL-110054-6-96,SCHOOL,255.59,3,EXISTING,BUILDING_FOOTPRINT_GIS,0.91
BLD-00596,IN-DL-110054-6-97,UTILITY_PARCEL,344.3,1,EXISTING,BUILDING_FOOTPRINT_GIS,0.804
BLD-00597,IN-DL-110054-6-99,REDEVELOPMENT_PARCEL,282.59,5,UNDER_CONSTRUCTION,BUILDING_FOOTPRINT_GIS,0.906
BLD-00598,IN-DL-110054-6-100,LOCAL_SHOPPING_COMPLEX,324.25,3,EXISTING,BUILDING_FOOTPRINT_GIS,0.919
BLD-00599,IN-DL-110054-7-1,INDEPENDENT_HOUSE,255.91,3,EXISTING,BUILDING_FOOTPRINT_GIS,0.949
BLD-00600,IN-DL-110054-7-2,BUILDER_FLOOR,281.73,1,EXISTING,BUILDING_FOOTPRINT_GIS,0.901
BLD-00601,IN-DL-110054-7-3,BUILDER_FLOOR,269.73,2,EXISTING,BUILDING_FOOTPRINT_GIS,0.846
BLD-00602,IN-DL-110054-7-4,INDEPENDENT_HOUSE,246.48,2,EXISTING,BUILDING_FOOTPRINT_GIS,0.814
BLD-00603,IN-DL-110054-7-5,BUILDER_FLOOR,255.58,1,EXISTING,BUILDING_FOOTPRINT_GIS,0.905
BLD-00604,IN-DL-110054-7-6,BUILDER_FLOOR,384.81,2,EXISTING,BUILDING_FOOTPRINT_GIS,0.966
BLD-00605,IN-DL-110054-7-7,INDEPENDENT_HOUSE,256.62,4,EXISTING,BUILDING_FOOTPRINT_GIS,0.883
BLD-00606,IN-DL-110054-7-8,BUILDER_FLOOR,342.75,2,EXISTING,BUILDING_FOOTPRINT_GIS,0.941
BLD-00607,IN-DL-110054-7-9,BUILDER_FLOOR,268.76,1,EXISTING,BUILDING_FOOTPRINT_GIS,0.864
BLD-00608,IN-DL-110054-7-10,INDEPENDENT_HOUSE,282.25,3,EXISTING,BUILDING_FOOTPRINT_GIS,0.895
BLD-00609,IN-DL-110054-7-11,BUILDER_FLOOR,253.8,1,EXISTING,BUILDING_FOOTPRINT_GIS,0.788
BLD-00610,IN-DL-110054-7-12,BUILDER_FLOOR,293.77,1,EXISTING,BUILDING_FOOTPRINT_GIS,0.969
BLD-00611,IN-DL-110054-7-13,INDEPENDENT_HOUSE,411.57,1,EXISTING,BUILDING_FOOTPRINT_GIS,0.861
BLD-00612,IN-DL-110054-7-14,BUILDER_FLOOR,244.52,2,EXISTING,BUILDING_FOOTPRINT_GIS,0.933
BLD-00613,IN-DL-110054-7-15,BUILDER_FLOOR,266.49,2,EXISTING,BUILDING_FOOTPRINT_GIS,0.864
BLD-00614,IN-DL-110054-7-16,INDEPENDENT_HOUSE,401.25,4,EXISTING,BUILDING_FOOTPRINT_GIS,0.82
BLD-00615,IN-DL-110054-7-17,BUILDER_FLOOR,267.59,2,EXISTING,BUILDING_FOOTPRINT_GIS,0.784
BLD-00616,IN-DL-110054-7-18,BUILDER_FLOOR,244.24,1,EXISTING,BUILDING_FOOTPRINT_GIS,0.827
BLD-00617,IN-DL-110054-7-19,INDEPENDENT_HOUSE,280.24,3,EXISTING,BUILDING_FOOTPRINT_GIS,0.95
BLD-00618,IN-DL-110054-7-20,BUILDER_FLOOR,276.65,2,EXISTING,BUILDING_FOOTPRINT_GIS,0.811
BLD-00619,IN-DL-110054-7-21,BUILDER_FLOOR,289.27,3,EXISTING,BUILDING_FOOTPRINT_GIS,0.839
BLD-00620,IN-DL-110054-7-22,INDEPENDENT_HOUSE,331.38,3,EXISTING,BUILDING_FOOTPRINT_GIS,0.969
BLD-00621,IN-DL-110054-7-23,BUILDER_FLOOR,317.27,2,EXISTING,BUILDING_FOOTPRINT_GIS,0.846
BLD-00622,IN-DL-110054-7-24,BUILDER_FLOOR,275.83,3,EXISTING,BUILDING_FOOTPRINT_GIS,0.784
BLD-00623,IN-DL-110054-7-25,INDEPENDENT_HOUSE,300.62,1,EXISTING,BUILDING_FOOTPRINT_GIS,0.946
BLD-00624,IN-DL-110054-7-26,BUILDER_FLOOR,457.71,2,EXISTING,BUILDING_FOOTPRINT_GIS,0.788
BLD-00625,IN-DL-110054-7-27,BUILDER_FLOOR,301.85,3,EXISTING,BUILDING_FOOTPRINT_GIS,0.816
BLD-00626,IN-DL-110054-7-28,INDEPENDENT_HOUSE,275.51,3,EXISTING,BUILDING_FOOTPRINT_GIS,0.844
BLD-00627,IN-DL-110054-7-29,BUILDER_FLOOR,316.12,3,EXISTING,BUILDING_FOOTPRINT_GIS,0.927
BLD-00628,IN-DL-110054-7-30,BUILDER_FLOOR,312.08,1,EXISTING,BUILDING_FOOTPRINT_GIS,0.932
BLD-00629,IN-DL-110054-7-31,INDEPENDENT_HOUSE,293.29,1,EXISTING,BUILDING_FOOTPRINT_GIS,0.961
BLD-00630,IN-DL-110054-7-32,BUILDER_FLOOR,339.47,4,EXISTING,BUILDING_FOOTPRINT_GIS,0.947
BLD-00631,IN-DL-110054-7-33,BUILDER_FLOOR,325.01,1,EXISTING,BUILDING_FOOTPRINT_GIS,0.871
BLD-00632,IN-DL-110054-7-34,INDEPENDENT_HOUSE,282.56,2,EXISTING,BUILDING_FOOTPRINT_GIS,0.781
BLD-00633,IN-DL-110054-7-35,BUILDER_FLOOR,307.95,3,EXISTING,BUILDING_FOOTPRINT_GIS,0.794
BLD-00634,IN-DL-110054-7-36,BUILDER_FLOOR,463.67,4,EXISTING,BUILDING_FOOTPRINT_GIS,0.938
BLD-00635,IN-DL-110054-7-37,INDEPENDENT_HOUSE,309.21,1,EXISTING,BUILDING_FOOTPRINT_GIS,0.853
BLD-00636,IN-DL-110054-7-38,BUILDER_FLOOR,282.23,4,EXISTING,BUILDING_FOOTPRINT_GIS,0.84
BLD-00637,IN-DL-110054-7-39,BUILDER_FLOOR,323.84,4,EXISTING,BUILDING_FOOTPRINT_GIS,0.91
BLD-00638,IN-DL-110054-7-40,INDEPENDENT_HOUSE,340.1,1,EXISTING,BUILDING_FOOTPRINT_GIS,0.911
BLD-00639,IN-DL-110054-7-41,BUILDER_FLOOR,264.53,4,EXISTING,BUILDING_FOOTPRINT_GIS,0.934
BLD-00640,IN-DL-110054-7-42,BUILDER_FLOOR,306.18,4,EXISTING,BUILDING_FOOTPRINT_GIS,0.967
BLD-00641,IN-DL-110054-7-43,INDEPENDENT_HOUSE,293.14,1,EXISTING,BUILDING_FOOTPRINT_GIS,0.963
BLD-00642,IN-DL-110054-7-44,BUILDER_FLOOR,254.85,4,EXISTING,BUILDING_FOOTPRINT_GIS,0.853
BLD-00643,IN-DL-110054-7-45,BUILDER_FLOOR,280.64,2,EXISTING,BUILDING_FOOTPRINT_GIS,0.878
BLD-00644,IN-DL-110054-7-46,INDEPENDENT_HOUSE,418.2,1,EXISTING,BUILDING_FOOTPRINT_GIS,0.801
BLD-00645,IN-DL-110054-7-47,BUILDER_FLOOR,278.89,4,EXISTING,BUILDING_FOOTPRINT_GIS,0.814
BLD-00646,IN-DL-110054-7-48,BUILDER_FLOOR,254.56,4,EXISTING,BUILDING_FOOTPRINT_GIS,0.905
BLD-00647,IN-DL-110054-7-49,INDEPENDENT_HOUSE,292.08,3,EXISTING,BUILDING_FOOTPRINT_GIS,0.833
BLD-00648,IN-DL-110054-7-50,BUILDER_FLOOR,306.75,4,EXISTING,BUILDING_FOOTPRINT_GIS,0.801
BLD-00649,IN-DL-110054-7-51,BUILDER_FLOOR,353.9,4,EXISTING,BUILDING_FOOTPRINT_GIS,0.925
BLD-00650,IN-DL-110054-7-52,INDEPENDENT_HOUSE,409.63,2,EXISTING,BUILDING_FOOTPRINT_GIS,0.812
BLD-00651,IN-DL-110054-7-53,BUILDER_FLOOR,392.19,2,EXISTING,BUILDING_FOOTPRINT_GIS,0.866
BLD-00652,IN-DL-110054-7-54,BUILDER_FLOOR,340.95,3,EXISTING,BUILDING_FOOTPRINT_GIS,0.884
BLD-00653,IN-DL-110054-7-55,INDEPENDENT_HOUSE,371.6,4,EXISTING,BUILDING_FOOTPRINT_GIS,0.904
BLD-00654,IN-DL-110054-7-56,BUILDER_FLOOR,559.5,3,EXISTING,BUILDING_FOOTPRINT_GIS,0.96
BLD-00655,IN-DL-110054-7-57,BUILDER_FLOOR,373.12,2,EXISTING,BUILDING_FOOTPRINT_GIS,0.911
BLD-00656,IN-DL-110054-7-58,INDEPENDENT_HOUSE,340.56,3,EXISTING,BUILDING_FOOTPRINT_GIS,0.846
BLD-00657,IN-DL-110054-7-59,BUILDER_FLOOR,390.76,1,EXISTING,BUILDING_FOOTPRINT_GIS,0.864
BLD-00658,IN-DL-110054-7-60,BUILDER_FLOOR,410.39,3,EXISTING,BUILDING_FOOTPRINT_GIS,0.925
BLD-00659,IN-DL-110054-7-61,INDEPENDENT_HOUSE,258.94,2,EXISTING,BUILDING_FOOTPRINT_GIS,0.905
BLD-00660,IN-DL-110054-7-62,BUILDER_FLOOR,299.72,4,EXISTING,BUILDING_FOOTPRINT_GIS,0.861
BLD-00661,IN-DL-110054-7-63,BUILDER_FLOOR,286.96,3,EXISTING,BUILDING_FOOTPRINT_GIS,0.846
BLD-00662,IN-DL-110054-7-64,INDEPENDENT_HOUSE,262.14,3,EXISTING,BUILDING_FOOTPRINT_GIS,0.868
BLD-00663,IN-DL-110054-7-65,BUILDER_FLOOR,271.89,4,EXISTING,BUILDING_FOOTPRINT_GIS,0.791
BLD-00664,IN-DL-110054-7-66,BUILDER_FLOOR,409.37,4,EXISTING,BUILDING_FOOTPRINT_GIS,0.799
BLD-00665,IN-DL-110054-7-67,INDEPENDENT_HOUSE,273.01,2,EXISTING,BUILDING_FOOTPRINT_GIS,0.803
BLD-00666,IN-DL-110054-7-68,BUILDER_FLOOR,249.18,1,EXISTING,BUILDING_FOOTPRINT_GIS,0.785
BLD-00667,IN-DL-110054-7-69,BUILDER_FLOOR,285.92,3,EXISTING,BUILDING_FOOTPRINT_GIS,0.942
BLD-00668,IN-DL-110054-7-70,INDEPENDENT_HOUSE,300.27,2,EXISTING,BUILDING_FOOTPRINT_GIS,0.904
BLD-00669,IN-DL-110054-7-71,APARTMENT_BLOCK,290.3,5,EXISTING,BUILDING_FOOTPRINT_GIS,0.799
BLD-00670,IN-DL-110054-7-72,APARTMENT_BLOCK,336.01,4,EXISTING,BUILDING_FOOTPRINT_GIS,0.941
BLD-00671,IN-DL-110054-7-73,APARTMENT_BLOCK,321.7,9,EXISTING,BUILDING_FOOTPRINT_GIS,0.803
BLD-00672,IN-DL-110054-7-74,APARTMENT_BLOCK,279.68,4,EXISTING,BUILDING_FOOTPRINT_GIS,0.801
BLD-00673,IN-DL-110054-7-75,APARTMENT_BLOCK,304.82,4,EXISTING,BUILDING_FOOTPRINT_GIS,0.936
BLD-00674,IN-DL-110054-7-76,REDEVELOPMENT_PARCEL,464.07,2,UNDER_CONSTRUCTION,BUILDING_FOOTPRINT_GIS,0.792
BLD-00675,IN-DL-110054-7-77,MIXED_USE_BUILDING,321.58,3,EXISTING,BUILDING_FOOTPRINT_GIS,0.933
BLD-00676,IN-DL-110054-7-78,MIXED_USE_BUILDING,279.36,2,EXISTING,BUILDING_FOOTPRINT_GIS,0.792
BLD-00677,IN-DL-110054-7-79,MIXED_USE_BUILDING,320.54,3,EXISTING,BUILDING_FOOTPRINT_GIS,0.887
BLD-00678,IN-DL-110054-7-80,MIXED_USE_BUILDING,336.63,2,EXISTING,BUILDING_FOOTPRINT_GIS,0.899
BLD-00679,IN-DL-110054-7-81,APARTMENT_BLOCK,290.29,7,EXISTING,BUILDING_FOOTPRINT_GIS,0.91
BLD-00680,IN-DL-110054-7-82,APARTMENT_BLOCK,335.99,7,EXISTING,BUILDING_FOOTPRINT_GIS,0.86
BLD-00681,IN-DL-110054-7-83,APARTMENT_BLOCK,470.73,4,EXISTING,BUILDING_FOOTPRINT_GIS,0.925
BLD-00682,IN-DL-110054-7-84,APARTMENT_BLOCK,279.66,8,EXISTING,BUILDING_FOOTPRINT_GIS,0.903
BLD-00683,IN-DL-110054-7-85,APARTMENT_BLOCK,304.8,9,EXISTING,BUILDING_FOOTPRINT_GIS,0.898
BLD-00684,IN-DL-110054-7-86,REDEVELOPMENT_PARCEL,458.92,6,UNDER_CONSTRUCTION,BUILDING_FOOTPRINT_GIS,0.824
BLD-00685,IN-DL-110054-7-87,MIXED_USE_BUILDING,447.85,4,EXISTING,BUILDING_FOOTPRINT_GIS,0.867
BLD-00686,IN-DL-110054-7-88,MIXED_USE_BUILDING,279.34,3,EXISTING,BUILDING_FOOTPRINT_GIS,0.808
BLD-00687,IN-DL-110054-7-89,MIXED_USE_BUILDING,320.52,3,EXISTING,BUILDING_FOOTPRINT_GIS,0.905
BLD-00688,IN-DL-110054-7-90,MIXED_USE_BUILDING,336.62,3,EXISTING,BUILDING_FOOTPRINT_GIS,0.856
BLD-00689,IN-DL-110054-7-94,UTILITY_PARCEL,249.45,1,EXISTING,BUILDING_FOOTPRINT_GIS,0.864
BLD-00690,IN-DL-110054-7-95,ELECTRICAL_SUBSTATION,271.87,1,EXISTING,BUILDING_FOOTPRINT_GIS,0.84
BLD-00691,IN-DL-110054-7-96,RETAIL_SHOP,409.34,2,EXISTING,BUILDING_FOOTPRINT_GIS,0.858
BLD-00692,IN-DL-110054-7-97,RETAIL_SHOP,272.98,3,EXISTING,BUILDING_FOOTPRINT_GIS,0.877
BLD-00693,IN-DL-110054-7-98,OFFICE_COMMERCIAL_PLOT,364.6,4,EXISTING,BUILDING_FOOTPRINT_GIS,0.943
BLD-00694,IN-DL-110054-7-100,UNDER_CONSTRUCTION_PLOT,300.25,3,UNDER_CONSTRUCTION,BUILDING_FOOTPRINT_GIS,0.828
BLD-00695,IN-DL-110054-8-1,SCHOOL,176.1,1,EXISTING,BUILDING_FOOTPRINT_GIS,0.912
BLD-00696,IN-DL-110054-8-1,SCHOOL,176.1,1,EXISTING,BUILDING_FOOTPRINT_GIS,0.883
BLD-00697,IN-DL-110054-8-2,SCHOOL,168.6,4,EXISTING,BUILDING_FOOTPRINT_GIS,0.824
BLD-00698,IN-DL-110054-8-2,SCHOOL,168.6,4,EXISTING,BUILDING_FOOTPRINT_GIS,0.781
BLD-00699,IN-DL-110054-8-3,SCHOOL,146.58,5,EXISTING,BUILDING_FOOTPRINT_GIS,0.859
BLD-00700,IN-DL-110054-8-3,SCHOOL,146.58,5,EXISTING,BUILDING_FOOTPRINT_GIS,0.815
BLD-00701,IN-DL-110054-8-4,SCHOOL,159.75,5,EXISTING,BUILDING_FOOTPRINT_GIS,0.863
BLD-00702,IN-DL-110054-8-4,SCHOOL,159.75,5,EXISTING,BUILDING_FOOTPRINT_GIS,0.903
BLD-00703,IN-DL-110054-8-5,COLLEGE_TRAINING_CENTRE,178.38,4,EXISTING,BUILDING_FOOTPRINT_GIS,0.809
BLD-00704,IN-DL-110054-8-5,COLLEGE_TRAINING_CENTRE,178.38,4,EXISTING,BUILDING_FOOTPRINT_GIS,0.913
BLD-00705,IN-DL-110054-8-6,COLLEGE_TRAINING_CENTRE,222.58,1,EXISTING,BUILDING_FOOTPRINT_GIS,0.957
BLD-00706,IN-DL-110054-8-6,COLLEGE_TRAINING_CENTRE,222.58,1,EXISTING,BUILDING_FOOTPRINT_GIS,0.824
BLD-00707,IN-DL-110054-8-7,COLLEGE_TRAINING_CENTRE,146.41,3,EXISTING,BUILDING_FOOTPRINT_GIS,0.899
BLD-00708,IN-DL-110054-8-7,COLLEGE_TRAINING_CENTRE,146.41,3,EXISTING,BUILDING_FOOTPRINT_GIS,0.79
BLD-00709,IN-DL-110054-8-8,MUNICIPAL_PROPERTY,167.99,3,EXISTING,BUILDING_FOOTPRINT_GIS,0.78
BLD-00710,IN-DL-110054-8-8,MUNICIPAL_PROPERTY,167.99,3,EXISTING,BUILDING_FOOTPRINT_GIS,0.828
BLD-00711,IN-DL-110054-8-9,MUNICIPAL_PROPERTY,176.43,5,EXISTING,BUILDING_FOOTPRINT_GIS,0.919
BLD-00712,IN-DL-110054-8-9,MUNICIPAL_PROPERTY,176.43,5,EXISTING,BUILDING_FOOTPRINT_GIS,0.838
BLD-00713,IN-DL-110054-8-10,MUNICIPAL_PROPERTY,152.67,5,EXISTING,BUILDING_FOOTPRINT_GIS,0.931
BLD-00714,IN-DL-110054-8-10,MUNICIPAL_PROPERTY,152.67,5,EXISTING,BUILDING_FOOTPRINT_GIS,0.832
BLD-00715,IN-DL-110054-8-11,SCHOOL,198.65,2,EXISTING,BUILDING_FOOTPRINT_GIS,0.849
BLD-00716,IN-DL-110054-8-11,SCHOOL,198.65,2,EXISTING,BUILDING_FOOTPRINT_GIS,0.822
BLD-00717,IN-DL-110054-8-12,SCHOOL,190.19,3,EXISTING,BUILDING_FOOTPRINT_GIS,0.849
BLD-00718,IN-DL-110054-8-12,SCHOOL,190.19,3,EXISTING,BUILDING_FOOTPRINT_GIS,0.781
BLD-00719,IN-DL-110054-8-13,SCHOOL,165.35,2,EXISTING,BUILDING_FOOTPRINT_GIS,0.955
BLD-00720,IN-DL-110054-8-13,SCHOOL,165.35,2,EXISTING,BUILDING_FOOTPRINT_GIS,0.92
BLD-00721,IN-DL-110054-8-14,SCHOOL,180.21,3,EXISTING,BUILDING_FOOTPRINT_GIS,0.833
BLD-00722,IN-DL-110054-8-14,SCHOOL,180.21,3,EXISTING,BUILDING_FOOTPRINT_GIS,0.96
BLD-00723,IN-DL-110054-8-15,COLLEGE_TRAINING_CENTRE,201.22,5,EXISTING,BUILDING_FOOTPRINT_GIS,0.814
BLD-00724,IN-DL-110054-8-15,COLLEGE_TRAINING_CENTRE,201.22,5,EXISTING,BUILDING_FOOTPRINT_GIS,0.841
BLD-00725,IN-DL-110054-8-16,COLLEGE_TRAINING_CENTRE,646.43,3,EXISTING,BUILDING_FOOTPRINT_GIS,0.959
BLD-00726,IN-DL-110054-8-16,COLLEGE_TRAINING_CENTRE,264.78,3,EXISTING,BUILDING_FOOTPRINT_GIS,0.816
BLD-00727,IN-DL-110054-8-17,COLLEGE_TRAINING_CENTRE,165.16,5,EXISTING,BUILDING_FOOTPRINT_GIS,0.843
BLD-00728,IN-DL-110054-8-17,COLLEGE_TRAINING_CENTRE,165.16,5,EXISTING,BUILDING_FOOTPRINT_GIS,0.816
BLD-00729,IN-DL-110054-8-18,MUNICIPAL_PROPERTY,189.5,3,EXISTING,BUILDING_FOOTPRINT_GIS,0.847
BLD-00730,IN-DL-110054-8-18,MUNICIPAL_PROPERTY,189.5,3,EXISTING,BUILDING_FOOTPRINT_GIS,0.915
BLD-00731,IN-DL-110054-8-19,MUNICIPAL_PROPERTY,199.02,1,EXISTING,BUILDING_FOOTPRINT_GIS,0.841
BLD-00732,IN-DL-110054-8-19,MUNICIPAL_PROPERTY,199.02,1,EXISTING,BUILDING_FOOTPRINT_GIS,0.853
BLD-00733,IN-DL-110054-8-20,MUNICIPAL_PROPERTY,172.22,1,EXISTING,BUILDING_FOOTPRINT_GIS,0.825
BLD-00734,IN-DL-110054-8-20,MUNICIPAL_PROPERTY,172.22,1,EXISTING,BUILDING_FOOTPRINT_GIS,0.791
BLD-00735,IN-DL-110054-8-21,SCHOOL,496.82,4,EXISTING,BUILDING_FOOTPRINT_GIS,0.851
BLD-00736,IN-DL-110054-8-21,SCHOOL,203.5,4,EXISTING,BUILDING_FOOTPRINT_GIS,0.874
BLD-00737,IN-DL-110054-8-22,SCHOOL,194.83,1,EXISTING,BUILDING_FOOTPRINT_GIS,0.863
BLD-00738,IN-DL-110054-8-22,SCHOOL,194.83,1,EXISTING,BUILDING_FOOTPRINT_GIS,0.89
BLD-00739,IN-DL-110054-8-25,PLAYGROUND,343.91,1,UNAUTHORISED_ENCROACHMENT,BUILDING_FOOTPRINT_GIS,0.91
BLD-00740,IN-DL-110054-8-29,MUNICIPAL_PROPERTY,203.88,5,EXISTING,BUILDING_FOOTPRINT_GIS,0.952
BLD-00741,IN-DL-110054-8-29,MUNICIPAL_PROPERTY,203.88,5,EXISTING,BUILDING_FOOTPRINT_GIS,0.906
BLD-00742,IN-DL-110054-8-30,MUNICIPAL_PROPERTY,176.42,2,EXISTING,BUILDING_FOOTPRINT_GIS,0.819
BLD-00743,IN-DL-110054-8-30,MUNICIPAL_PROPERTY,176.42,2,EXISTING,BUILDING_FOOTPRINT_GIS,0.791
BLD-00744,IN-DL-110054-8-31,INDEPENDENT_HOUSE,306.23,3,EXISTING,BUILDING_FOOTPRINT_GIS,0.948
BLD-00745,IN-DL-110054-8-32,INDEPENDENT_HOUSE,293.18,4,EXISTING,BUILDING_FOOTPRINT_GIS,0.845
BLD-00746,IN-DL-110054-8-36,PUBLIC_PARK,391.39,1,UNAUTHORISED_ENCROACHMENT,BUILDING_FOOTPRINT_GIS,0.884
BLD-00747,IN-DL-110054-8-39,HOSPITAL_CLINIC,183.88,1,EXISTING,BUILDING_FOOTPRINT_GIS,0.79
BLD-00748,IN-DL-110054-8-39,HOSPITAL_CLINIC,183.88,1,EXISTING,BUILDING_FOOTPRINT_GIS,0.88
BLD-00749,IN-DL-110054-8-40,HOSPITAL_CLINIC,159.12,4,EXISTING,BUILDING_FOOTPRINT_GIS,0.899
BLD-00750,IN-DL-110054-8-40,HOSPITAL_CLINIC,159.12,4,EXISTING,BUILDING_FOOTPRINT_GIS,0.906
BLD-00751,IN-DL-110054-8-41,INDEPENDENT_HOUSE,280.33,2,EXISTING,BUILDING_FOOTPRINT_GIS,0.898
BLD-00752,IN-DL-110054-8-42,INDEPENDENT_HOUSE,268.39,3,EXISTING,BUILDING_FOOTPRINT_GIS,0.79
BLD-00753,IN-DL-110054-8-48,GREEN_BELT,267.42,1,UNAUTHORISED_ENCROACHMENT,BUILDING_FOOTPRINT_GIS,0.853
BLD-00754,IN-DL-110054-8-49,RELIGIOUS_COMMUNITY_PROPERTY,280.84,2,EXISTING,BUILDING_FOOTPRINT_GIS,0.905
BLD-00755,IN-DL-110054-8-50,RELIGIOUS_COMMUNITY_PROPERTY,243.03,3,EXISTING,BUILDING_FOOTPRINT_GIS,0.852
BLD-00756,IN-DL-110054-8-51,INDEPENDENT_HOUSE,429.06,4,EXISTING,BUILDING_FOOTPRINT_GIS,0.787
BLD-00757,IN-DL-110054-8-52,INDEPENDENT_HOUSE,410.79,3,EXISTING,BUILDING_FOOTPRINT_GIS,0.862
BLD-00758,IN-DL-110054-8-57,PUBLIC_PARK,356.72,1,UNAUTHORISED_ENCROACHMENT,BUILDING_FOOTPRINT_GIS,0.834
BLD-00759,IN-DL-110054-8-59,RELIGIOUS_COMMUNITY_PROPERTY,429.86,1,EXISTING,BUILDING_FOOTPRINT_GIS,0.936
BLD-00760,IN-DL-110054-8-60,RELIGIOUS_COMMUNITY_PROPERTY,371.98,3,EXISTING,BUILDING_FOOTPRINT_GIS,0.832
BLD-00761,IN-DL-110054-8-61,INDEPENDENT_HOUSE,336.06,3,EXISTING,BUILDING_FOOTPRINT_GIS,0.911
BLD-00762,IN-DL-110054-8-62,INDEPENDENT_HOUSE,321.75,2,EXISTING,BUILDING_FOOTPRINT_GIS,0.943
BLD-00763,IN-DL-110054-8-69,HOSPITAL_CLINIC,201.8,5,EXISTING,BUILDING_FOOTPRINT_GIS,0.94
BLD-00764,IN-DL-110054-8-69,HOSPITAL_CLINIC,201.8,5,EXISTING,BUILDING_FOOTPRINT_GIS,0.851
BLD-00765,IN-DL-110054-8-70,HOSPITAL_CLINIC,174.63,2,EXISTING,BUILDING_FOOTPRINT_GIS,0.9
BLD-00766,IN-DL-110054-8-70,HOSPITAL_CLINIC,174.63,2,EXISTING,BUILDING_FOOTPRINT_GIS,0.822
BLD-00767,IN-DL-110054-8-71,INDEPENDENT_HOUSE,336.04,4,EXISTING,BUILDING_FOOTPRINT_GIS,0.939
BLD-00768,IN-DL-110054-8-72,INDEPENDENT_HOUSE,321.73,1,EXISTING,BUILDING_FOOTPRINT_GIS,0.819
BLD-00769,IN-DL-110054-8-73,UTILITY_PARCEL,279.7,1,EXISTING,BUILDING_FOOTPRINT_GIS,0.842
BLD-00770,IN-DL-110054-8-74,WATER_INFRASTRUCTURE,304.84,1,EXISTING,BUILDING_FOOTPRINT_GIS,0.944
BLD-00771,IN-DL-110054-8-75,ELECTRICAL_SUBSTATION,340.39,1,EXISTING,BUILDING_FOOTPRINT_GIS,0.938
BLD-00772,IN-DL-110054-8-76,MUNICIPAL_PROPERTY,254.57,1,EXISTING,BUILDING_FOOTPRINT_GIS,0.967
BLD-00773,IN-DL-110054-8-76,MUNICIPAL_PROPERTY,254.57,1,EXISTING,BUILDING_FOOTPRINT_GIS,0.935
BLD-00774,IN-DL-110054-8-77,GOVERNMENT_LAND,279.38,4,EXISTING,BUILDING_FOOTPRINT_GIS,0.854
BLD-00775,IN-DL-110054-8-79,RELIGIOUS_COMMUNITY_PROPERTY,336.67,1,EXISTING,BUILDING_FOOTPRINT_GIS,0.792
BLD-00776,IN-DL-110054-8-80,RELIGIOUS_COMMUNITY_PROPERTY,291.33,1,EXISTING,BUILDING_FOOTPRINT_GIS,0.887
BLD-00777,IN-DL-110054-8-81,INDEPENDENT_HOUSE,299.74,4,EXISTING,BUILDING_FOOTPRINT_GIS,0.788
BLD-00778,IN-DL-110054-8-82,INDEPENDENT_HOUSE,286.97,1,EXISTING,BUILDING_FOOTPRINT_GIS,0.827
BLD-00779,IN-DL-110054-8-83,UTILITY_PARCEL,249.48,1,EXISTING,BUILDING_FOOTPRINT_GIS,0.951
BLD-00780,IN-DL-110054-8-84,WATER_INFRASTRUCTURE,271.91,1,EXISTING,BUILDING_FOOTPRINT_GIS,0.786
BLD-00781,IN-DL-110054-8-85,ELECTRICAL_SUBSTATION,303.62,1,EXISTING,BUILDING_FOOTPRINT_GIS,0.786
BLD-00782,IN-DL-110054-8-86,MUNICIPAL_PROPERTY,227.07,3,EXISTING,BUILDING_FOOTPRINT_GIS,0.961
BLD-00783,IN-DL-110054-8-86,MUNICIPAL_PROPERTY,227.07,3,EXISTING,BUILDING_FOOTPRINT_GIS,0.863
BLD-00784,IN-DL-110054-8-87,GOVERNMENT_LAND,249.2,3,EXISTING,BUILDING_FOOTPRINT_GIS,0.8
BLD-00785,IN-DL-110054-8-91,INDEPENDENT_HOUSE,263.51,1,EXISTING,BUILDING_FOOTPRINT_GIS,0.787
BLD-00786,IN-DL-110054-8-92,INDEPENDENT_HOUSE,268.39,4,EXISTING,BUILDING_FOOTPRINT_GIS,0.905
BLD-00787,IN-DL-110054-8-93,UTILITY_PARCEL,233.33,1,EXISTING,BUILDING_FOOTPRINT_GIS,0.902
BLD-00788,IN-DL-110054-8-94,WATER_INFRASTRUCTURE,254.3,1,EXISTING,BUILDING_FOOTPRINT_GIS,0.914
BLD-00789,IN-DL-110054-8-95,ELECTRICAL_SUBSTATION,283.96,1,EXISTING,BUILDING_FOOTPRINT_GIS,0.814
BLD-00790,IN-DL-110054-8-96,MUNICIPAL_PROPERTY,212.36,2,EXISTING,BUILDING_FOOTPRINT_GIS,0.808
BLD-00791,IN-DL-110054-8-96,MUNICIPAL_PROPERTY,212.36,2,EXISTING,BUILDING_FOOTPRINT_GIS,0.801
BLD-00792,IN-DL-110054-8-97,GOVERNMENT_LAND,233.06,3,EXISTING,BUILDING_FOOTPRINT_GIS,0.878
BLD-00793,IN-DL-110054-9-1,WATER_INFRASTRUCTURE,321.11,1,EXISTING,BUILDING_FOOTPRINT_GIS,0.925
BLD-00794,IN-DL-110054-9-2,INDEPENDENT_HOUSE,282.07,2,EXISTING,BUILDING_FOOTPRINT_GIS,0.928
BLD-00795,IN-DL-110054-9-3,INDEPENDENT_HOUSE,304.25,4,EXISTING,BUILDING_FOOTPRINT_GIS,0.92
BLD-00796,IN-DL-110054-9-4,INDEPENDENT_HOUSE,357.25,3,EXISTING,BUILDING_FOOTPRINT_GIS,0.952
BLD-00797,IN-DL-110054-9-5,INDEPENDENT_HOUSE,305.5,4,EXISTING,BUILDING_FOOTPRINT_GIS,0.925
BLD-00798,IN-DL-110054-9-6,INDEPENDENT_HOUSE,395.38,2,EXISTING,BUILDING_FOOTPRINT_GIS,0.832
BLD-00799,IN-DL-110054-9-7,INDEPENDENT_HOUSE,319.95,1,EXISTING,BUILDING_FOOTPRINT_GIS,0.876
BLD-00800,IN-DL-110054-9-8,INDEPENDENT_HOUSE,336.01,2,EXISTING,BUILDING_FOOTPRINT_GIS,0.956
BLD-00801,IN-DL-110054-9-9,MIXED_USE_BUILDING,290.77,4,EXISTING,BUILDING_FOOTPRINT_GIS,0.806
BLD-00802,IN-DL-110054-9-10,MIXED_USE_BUILDING,286.36,2,EXISTING,BUILDING_FOOTPRINT_GIS,0.941
BLD-00803,IN-DL-110054-9-11,WATER_INFRASTRUCTURE,328.95,1,EXISTING,BUILDING_FOOTPRINT_GIS,0.808
BLD-00804,IN-DL-110054-9-12,INDEPENDENT_HOUSE,285.98,1,EXISTING,BUILDING_FOOTPRINT_GIS,0.858
BLD-00805,IN-DL-110054-9-13,INDEPENDENT_HOUSE,311.68,3,EXISTING,BUILDING_FOOTPRINT_GIS,0.892
BLD-00806,IN-DL-110054-9-14,INDEPENDENT_HOUSE,348.03,2,EXISTING,BUILDING_FOOTPRINT_GIS,0.835
BLD-00807,IN-DL-110054-9-15,INDEPENDENT_HOUSE,312.96,3,EXISTING,BUILDING_FOOTPRINT_GIS,0.84
BLD-00808,IN-DL-110054-9-16,INDEPENDENT_HOUSE,405.03,1,EXISTING,BUILDING_FOOTPRINT_GIS,0.819
BLD-00809,IN-DL-110054-9-17,INDEPENDENT_HOUSE,327.75,4,EXISTING,BUILDING_FOOTPRINT_GIS,0.842
BLD-00810,IN-DL-110054-9-18,INDEPENDENT_HOUSE,344.21,1,EXISTING,BUILDING_FOOTPRINT_GIS,0.894
BLD-00811,IN-DL-110054-9-19,MIXED_USE_BUILDING,297.86,4,EXISTING,BUILDING_FOOTPRINT_GIS,0.796
BLD-00812,IN-DL-110054-9-20,MIXED_USE_BUILDING,293.35,2,EXISTING,BUILDING_FOOTPRINT_GIS,0.923
BLD-00813,IN-DL-110054-9-21,WATER_INFRASTRUCTURE,296.69,1,EXISTING,BUILDING_FOOTPRINT_GIS,0.876
BLD-00814,IN-DL-110054-9-22,INDEPENDENT_HOUSE,257.93,4,EXISTING,BUILDING_FOOTPRINT_GIS,0.795
BLD-00815,IN-DL-110054-9-23,INDEPENDENT_HOUSE,281.12,4,EXISTING,BUILDING_FOOTPRINT_GIS,0.911
BLD-00816,IN-DL-110054-9-24,INDEPENDENT_HOUSE,313.9,4,EXISTING,BUILDING_FOOTPRINT_GIS,0.815
BLD-00817,IN-DL-110054-9-25,INDEPENDENT_HOUSE,282.27,1,EXISTING,BUILDING_FOOTPRINT_GIS,0.863
BLD-00818,IN-DL-110054-9-26,INDEPENDENT_HOUSE,365.31,3,EXISTING,BUILDING_FOOTPRINT_GIS,0.944
BLD-00819,IN-DL-110054-9-27,INDEPENDENT_HOUSE,295.62,4,EXISTING,BUILDING_FOOTPRINT_GIS,0.924
BLD-00820,IN-DL-110054-9-28,INDEPENDENT_HOUSE,310.46,1,EXISTING,BUILDING_FOOTPRINT_GIS,0.898
BLD-00821,IN-DL-110054-9-29,MIXED_USE_BUILDING,268.66,4,EXISTING,BUILDING_FOOTPRINT_GIS,0.869
BLD-00822,IN-DL-110054-9-30,MIXED_USE_BUILDING,267.33,3,EXISTING,BUILDING_FOOTPRINT_GIS,0.888
BLD-00823,IN-DL-110054-9-31,WATER_INFRASTRUCTURE,271.6,1,EXISTING,BUILDING_FOOTPRINT_GIS,0.821
BLD-00824,IN-DL-110054-9-32,BUILDER_FLOOR,236.12,4,EXISTING,BUILDING_FOOTPRINT_GIS,0.849
BLD-00825,IN-DL-110054-9-33,BUILDER_FLOOR,257.34,1,EXISTING,BUILDING_FOOTPRINT_GIS,0.954
BLD-00826,IN-DL-110054-9-34,BUILDER_FLOOR,287.35,2,EXISTING,BUILDING_FOOTPRINT_GIS,0.907
BLD-00827,IN-DL-110054-9-35,BUILDER_FLOOR,258.4,3,EXISTING,BUILDING_FOOTPRINT_GIS,0.837
BLD-00828,IN-DL-110054-9-36,BUILDER_FLOOR,334.41,3,EXISTING,BUILDING_FOOTPRINT_GIS,0.924
BLD-00829,IN-DL-110054-9-37,BUILDER_FLOOR,270.61,1,EXISTING,BUILDING_FOOTPRINT_GIS,0.962
BLD-00830,IN-DL-110054-9-38,BUILDER_FLOOR,284.2,3,EXISTING,BUILDING_FOOTPRINT_GIS,0.913
BLD-00831,IN-DL-110054-9-39,BUILDER_FLOOR,245.93,3,EXISTING,BUILDING_FOOTPRINT_GIS,0.88
BLD-00832,IN-DL-110054-9-40,BUILDER_FLOOR,242.21,3,EXISTING,BUILDING_FOOTPRINT_GIS,0.804
BLD-00833,IN-DL-110054-9-41,WATER_INFRASTRUCTURE,273.0,1,EXISTING,BUILDING_FOOTPRINT_GIS,0.954
BLD-00834,IN-DL-110054-9-42,BUILDER_FLOOR,252.49,2,EXISTING,BUILDING_FOOTPRINT_GIS,0.893
BLD-00835,IN-DL-110054-9-43,BUILDER_FLOOR,275.18,4,EXISTING,BUILDING_FOOTPRINT_GIS,0.935
BLD-00836,IN-DL-110054-9-44,BUILDER_FLOOR,307.27,1,EXISTING,BUILDING_FOOTPRINT_GIS,0.914
BLD-00837,IN-DL-110054-9-45,BUILDER_FLOOR,276.31,4,EXISTING,BUILDING_FOOTPRINT_GIS,0.824
BLD-00838,IN-DL-110054-9-46,BUILDER_FLOOR,357.6,3,EXISTING,BUILDING_FOOTPRINT_GIS,0.803
BLD-00839,IN-DL-110054-9-47,BUILDER_FLOOR,289.38,4,EXISTING,BUILDING_FOOTPRINT_GIS,0.942
BLD-00840,IN-DL-110054-9-48,BUILDER_FLOOR,303.91,3,EXISTING,BUILDING_FOOTPRINT_GIS,0.934
BLD-00841,IN-DL-110054-9-49,BUILDER_FLOOR,262.99,4,EXISTING,BUILDING_FOOTPRINT_GIS,0.919
BLD-00842,IN-DL-110054-9-50,BUILDER_FLOOR,259.0,2,EXISTING,BUILDING_FOOTPRINT_GIS,0.923
BLD-00843,IN-DL-110054-9-51,WATER_INFRASTRUCTURE,451.37,1,EXISTING,BUILDING_FOOTPRINT_GIS,0.847
BLD-00844,IN-DL-110054-9-52,BUILDER_FLOOR,392.41,1,EXISTING,BUILDING_FOOTPRINT_GIS,0.896
BLD-00845,IN-DL-110054-9-53,BUILDER_FLOOR,427.68,4,EXISTING,BUILDING_FOOTPRINT_GIS,0.828
BLD-00846,IN-DL-110054-9-54,BUILDER_FLOOR,477.56,2,EXISTING,BUILDING_FOOTPRINT_GIS,0.887
BLD-00847,IN-DL-110054-9-55,BUILDER_FLOOR,429.43,1,EXISTING,BUILDING_FOOTPRINT_GIS,0.787
BLD-00848,IN-DL-110054-9-56,BUILDER_FLOOR,555.77,2,EXISTING,BUILDING_FOOTPRINT_GIS,0.966
BLD-00849,IN-DL-110054-9-57,BUILDER_FLOOR,449.74,1,EXISTING,BUILDING_FOOTPRINT_GIS,0.836
BLD-00850,IN-DL-110054-9-58,BUILDER_FLOOR,472.32,2,EXISTING,BUILDING_FOOTPRINT_GIS,0.963
BLD-00851,IN-DL-110054-9-59,BUILDER_FLOOR,408.72,4,EXISTING,BUILDING_FOOTPRINT_GIS,0.896
BLD-00852,IN-DL-110054-9-60,BUILDER_FLOOR,402.53,1,EXISTING,BUILDING_FOOTPRINT_GIS,0.94
BLD-00853,IN-DL-110054-9-64,UNDER_CONSTRUCTION_PLOT,344.46,3,UNDER_CONSTRUCTION,BUILDING_FOOTPRINT_GIS,0.95
BLD-00854,IN-DL-110054-9-65,UNDER_CONSTRUCTION_PLOT,309.75,3,UNDER_CONSTRUCTION,BUILDING_FOOTPRINT_GIS,0.883
BLD-00855,IN-DL-110054-9-66,INDEPENDENT_HOUSE,400.88,2,EXISTING,BUILDING_FOOTPRINT_GIS,0.874
BLD-00856,IN-DL-110054-9-67,INDEPENDENT_HOUSE,324.4,4,EXISTING,BUILDING_FOOTPRINT_GIS,0.963
BLD-00857,IN-DL-110054-9-68,INDEPENDENT_HOUSE,340.69,2,EXISTING,BUILDING_FOOTPRINT_GIS,0.952
BLD-00858,IN-DL-110054-9-69,INDEPENDENT_HOUSE,294.82,2,EXISTING,BUILDING_FOOTPRINT_GIS,0.8
BLD-00859,IN-DL-110054-9-70,INDEPENDENT_HOUSE,290.35,3,EXISTING,BUILDING_FOOTPRINT_GIS,0.939
BLD-00860,IN-DL-110054-9-74,UNDER_CONSTRUCTION_PLOT,307.25,6,UNDER_CONSTRUCTION,BUILDING_FOOTPRINT_GIS,0.888
BLD-00861,IN-DL-110054-9-75,UNDER_CONSTRUCTION_PLOT,276.29,2,UNDER_CONSTRUCTION,BUILDING_FOOTPRINT_GIS,0.824
BLD-00862,IN-DL-110054-9-76,INDEPENDENT_HOUSE,357.57,1,EXISTING,BUILDING_FOOTPRINT_GIS,0.966
BLD-00863,IN-DL-110054-9-77,INDEPENDENT_HOUSE,289.35,3,EXISTING,BUILDING_FOOTPRINT_GIS,0.953
BLD-00864,IN-DL-110054-9-78,INDEPENDENT_HOUSE,303.88,2,EXISTING,BUILDING_FOOTPRINT_GIS,0.908
BLD-00865,IN-DL-110054-9-79,INDEPENDENT_HOUSE,262.96,4,EXISTING,BUILDING_FOOTPRINT_GIS,0.929
BLD-00866,IN-DL-110054-9-80,INDEPENDENT_HOUSE,258.98,3,EXISTING,BUILDING_FOOTPRINT_GIS,0.847
BLD-00867,IN-DL-110054-9-83,UTILITY_PARCEL,257.34,1,EXISTING,BUILDING_FOOTPRINT_GIS,0.88
BLD-00868,IN-DL-110054-9-84,ELECTRICAL_SUBSTATION,287.35,1,EXISTING,BUILDING_FOOTPRINT_GIS,0.94
BLD-00869,IN-DL-110054-9-86,RETAIL_SHOP,334.42,2,EXISTING,BUILDING_FOOTPRINT_GIS,0.893
BLD-00870,IN-DL-110054-9-87,RETAIL_SHOP,270.62,3,EXISTING,BUILDING_FOOTPRINT_GIS,0.874
BLD-00871,IN-DL-110054-9-90,RELIGIOUS_COMMUNITY_PROPERTY,242.21,3,EXISTING,BUILDING_FOOTPRINT_GIS,0.787
BLD-00872,IN-DL-110054-9-91,REDEVELOPMENT_PARCEL,296.72,4,UNDER_CONSTRUCTION,BUILDING_FOOTPRINT_GIS,0.791
BLD-00873,IN-DL-110054-9-92,REDEVELOPMENT_PARCEL,257.96,2,UNDER_CONSTRUCTION,BUILDING_FOOTPRINT_GIS,0.888
BLD-00874,IN-DL-110054-9-93,REDEVELOPMENT_PARCEL,281.14,4,UNDER_CONSTRUCTION,BUILDING_FOOTPRINT_GIS,0.889
BLD-00875,IN-DL-110054-9-94,REDEVELOPMENT_PARCEL,313.93,4,UNDER_CONSTRUCTION,BUILDING_FOOTPRINT_GIS,0.913
BLD-00876,IN-DL-110054-9-95,REDEVELOPMENT_PARCEL,282.29,2,UNDER_CONSTRUCTION,BUILDING_FOOTPRINT_GIS,0.834
BLD-00877,IN-DL-110054-9-96,UNDER_CONSTRUCTION_PLOT,365.34,2,UNDER_CONSTRUCTION,BUILDING_FOOTPRINT_GIS,0.899
BLD-00878,IN-DL-110054-9-97,UNDER_CONSTRUCTION_PLOT,295.64,1,UNDER_CONSTRUCTION,BUILDING_FOOTPRINT_GIS,0.926
BLD-00879,IN-DL-110054-9-98,UNDER_CONSTRUCTION_PLOT,310.49,1,UNDER_CONSTRUCTION,BUILDING_FOOTPRINT_GIS,0.826
BLD-00880,IN-DL-110054-9-99,UNDER_CONSTRUCTION_PLOT,268.68,4,UNDER_CONSTRUCTION,BUILDING_FOOTPRINT_GIS,0.808
BLD-00881,IN-DL-110054-9-100,UNDER_CONSTRUCTION_PLOT,264.61,5,UNDER_CONSTRUCTION,BUILDING_FOOTPRINT_GIS,0.91
BLD-00882,IN-DL-110054-10-1,REDEVELOPMENT_PARCEL,284.15,6,UNDER_CONSTRUCTION,BUILDING_FOOTPRINT_GIS,0.969
BLD-00883,IN-DL-110054-10-2,REDEVELOPMENT_PARCEL,309.69,5,UNDER_CONSTRUCTION,BUILDING_FOOTPRINT_GIS,0.903
BLD-00884,IN-DL-110054-10-3,REDEVELOPMENT_PARCEL,345.81,1,UNDER_CONSTRUCTION,BUILDING_FOOTPRINT_GIS,0.907
BLD-00885,IN-DL-110054-10-4,REDEVELOPMENT_PARCEL,314.19,2,UNDER_CONSTRUCTION,BUILDING_FOOTPRINT_GIS,0.896
BLD-00886,IN-DL-110054-10-5,UNDER_CONSTRUCTION_PLOT,283.83,2,UNDER_CONSTRUCTION,BUILDING_FOOTPRINT_GIS,0.836
BLD-00887,IN-DL-110054-10-6,UNDER_CONSTRUCTION_PLOT,444.74,2,UNDER_CONSTRUCTION,BUILDING_FOOTPRINT_GIS,0.908
BLD-00888,IN-DL-110054-10-7,UNDER_CONSTRUCTION_PLOT,342.02,4,UNDER_CONSTRUCTION,BUILDING_FOOTPRINT_GIS,0.869
BLD-00889,IN-DL-110054-10-11,REDEVELOPMENT_PARCEL,240.91,3,UNDER_CONSTRUCTION,BUILDING_FOOTPRINT_GIS,0.835
BLD-00890,IN-DL-110054-10-12,REDEVELOPMENT_PARCEL,279.33,5,UNDER_CONSTRUCTION,BUILDING_FOOTPRINT_GIS,0.962
BLD-00891,IN-DL-110054-10-13,REDEVELOPMENT_PARCEL,311.9,5,UNDER_CONSTRUCTION,BUILDING_FOOTPRINT_GIS,0.899
BLD-00892,IN-DL-110054-10-14,REDEVELOPMENT_PARCEL,280.47,5,UNDER_CONSTRUCTION,BUILDING_FOOTPRINT_GIS,0.903
BLD-00893,IN-DL-110054-10-15,UNDER_CONSTRUCTION_PLOT,374.6,2,UNDER_CONSTRUCTION,BUILDING_FOOTPRINT_GIS,0.881
BLD-00894,IN-DL-110054-10-16,UNDER_CONSTRUCTION_PLOT,405.73,6,UNDER_CONSTRUCTION,BUILDING_FOOTPRINT_GIS,0.889
BLD-00895,IN-DL-110054-10-17,UNDER_CONSTRUCTION_PLOT,308.48,4,UNDER_CONSTRUCTION,BUILDING_FOOTPRINT_GIS,0.928
BLD-00896,IN-DL-110054-10-21,REDEVELOPMENT_PARCEL,234.61,1,UNDER_CONSTRUCTION,BUILDING_FOOTPRINT_GIS,0.814
BLD-00897,IN-DL-110054-10-22,REDEVELOPMENT_PARCEL,255.7,4,UNDER_CONSTRUCTION,BUILDING_FOOTPRINT_GIS,0.884
BLD-00898,IN-DL-110054-10-23,REDEVELOPMENT_PARCEL,285.52,4,UNDER_CONSTRUCTION,BUILDING_FOOTPRINT_GIS,0.8
BLD-00899,IN-DL-110054-10-24,REDEVELOPMENT_PARCEL,256.75,2,UNDER_CONSTRUCTION,BUILDING_FOOTPRINT_GIS,0.845
BLD-00900,IN-DL-110054-10-25,UNDER_CONSTRUCTION_PLOT,234.34,6,UNDER_CONSTRUCTION,BUILDING_FOOTPRINT_GIS,0.791
BLD-00901,IN-DL-110054-10-26,UNDER_CONSTRUCTION_PLOT,367.2,6,UNDER_CONSTRUCTION,BUILDING_FOOTPRINT_GIS,0.95
BLD-00902,IN-DL-110054-10-27,UNDER_CONSTRUCTION_PLOT,282.39,5,UNDER_CONSTRUCTION,BUILDING_FOOTPRINT_GIS,0.848
BLD-00903,IN-DL-110054-10-31,REDEVELOPMENT_PARCEL,250.88,6,UNDER_CONSTRUCTION,BUILDING_FOOTPRINT_GIS,0.956
BLD-00904,IN-DL-110054-10-32,REDEVELOPMENT_PARCEL,273.43,4,UNDER_CONSTRUCTION,BUILDING_FOOTPRINT_GIS,0.969
BLD-00905,IN-DL-110054-10-33,REDEVELOPMENT_PARCEL,305.32,4,UNDER_CONSTRUCTION,BUILDING_FOOTPRINT_GIS,0.894
BLD-00906,IN-DL-110054-10-34,REDEVELOPMENT_PARCEL,274.55,5,UNDER_CONSTRUCTION,BUILDING_FOOTPRINT_GIS,0.862
BLD-00907,IN-DL-110054-10-35,UNDER_CONSTRUCTION_PLOT,250.59,6,UNDER_CONSTRUCTION,BUILDING_FOOTPRINT_GIS,0.887
BLD-00908,IN-DL-110054-10-36,UNDER_CONSTRUCTION_PLOT,392.66,2,UNDER_CONSTRUCTION,BUILDING_FOOTPRINT_GIS,0.827
BLD-00909,IN-DL-110054-10-37,UNDER_CONSTRUCTION_PLOT,301.97,1,UNDER_CONSTRUCTION,BUILDING_FOOTPRINT_GIS,0.901
BLD-00910,IN-DL-110054-10-41,APARTMENT_BLOCK,281.26,5,EXISTING,BUILDING_FOOTPRINT_GIS,0.947
BLD-00911,IN-DL-110054-10-42,APARTMENT_BLOCK,306.54,8,EXISTING,BUILDING_FOOTPRINT_GIS,0.921
BLD-00912,IN-DL-110054-10-43,APARTMENT_BLOCK,342.29,6,EXISTING,BUILDING_FOOTPRINT_GIS,0.936
BLD-00913,IN-DL-110054-10-44,APARTMENT_BLOCK,307.8,6,EXISTING,BUILDING_FOOTPRINT_GIS,0.872
BLD-00914,IN-DL-110054-10-45,APARTMENT_BLOCK,280.94,9,EXISTING,BUILDING_FOOTPRINT_GIS,0.915
BLD-00915,IN-DL-110054-10-46,APARTMENT_BLOCK,440.21,5,EXISTING,BUILDING_FOOTPRINT_GIS,0.872
BLD-00916,IN-DL-110054-10-47,BUILDER_FLOOR,338.54,1,EXISTING,BUILDING_FOOTPRINT_GIS,0.808
BLD-00917,IN-DL-110054-10-48,BUILDER_FLOOR,292.95,4,EXISTING,BUILDING_FOOTPRINT_GIS,0.793
BLD-00918,IN-DL-110054-10-49,BUILDER_FLOOR,288.51,2,EXISTING,BUILDING_FOOTPRINT_GIS,0.882
BLD-00919,IN-DL-110054-10-50,BUILDER_FLOOR,490.56,2,EXISTING,BUILDING_FOOTPRINT_GIS,0.805
BLD-00920,IN-DL-110054-10-51,APARTMENT_BLOCK,390.18,8,EXISTING,BUILDING_FOOTPRINT_GIS,0.915
BLD-00921,IN-DL-110054-10-52,APARTMENT_BLOCK,425.25,5,EXISTING,BUILDING_FOOTPRINT_GIS,0.873
BLD-00922,IN-DL-110054-10-53,APARTMENT_BLOCK,474.84,7,EXISTING,BUILDING_FOOTPRINT_GIS,0.953
BLD-00923,IN-DL-110054-10-54,APARTMENT_BLOCK,449.4,8,EXISTING,BUILDING_FOOTPRINT_GIS,0.956
BLD-00924,IN-DL-110054-10-55,APARTMENT_BLOCK,389.73,5,EXISTING,BUILDING_FOOTPRINT_GIS,0.922
BLD-00925,IN-DL-110054-10-56,APARTMENT_BLOCK,610.68,7,EXISTING,BUILDING_FOOTPRINT_GIS,0.785
BLD-00926,IN-DL-110054-10-57,BUILDER_FLOOR,469.64,4,EXISTING,BUILDING_FOOTPRINT_GIS,0.874
BLD-00927,IN-DL-110054-10-58,BUILDER_FLOOR,406.4,4,EXISTING,BUILDING_FOOTPRINT_GIS,0.906
BLD-00928,IN-DL-110054-10-59,BUILDER_FLOOR,400.24,2,EXISTING,BUILDING_FOOTPRINT_GIS,0.919
BLD-00929,IN-DL-110054-10-60,BUILDER_FLOOR,465.07,1,EXISTING,BUILDING_FOOTPRINT_GIS,0.867
BLD-00930,IN-DL-110054-10-63,PUBLIC_PARK,305.29,1,UNAUTHORISED_ENCROACHMENT,BUILDING_FOOTPRINT_GIS,0.94
BLD-00931,IN-DL-110054-10-64,UTILITY_PARCEL,274.53,1,EXISTING,BUILDING_FOOTPRINT_GIS,0.849
BLD-00932,IN-DL-110054-10-65,APARTMENT_BLOCK,250.57,10,EXISTING,BUILDING_FOOTPRINT_GIS,0.918
BLD-00933,IN-DL-110054-10-66,APARTMENT_BLOCK,392.63,4,EXISTING,BUILDING_FOOTPRINT_GIS,0.912
BLD-00934,IN-DL-110054-10-67,BUILDER_FLOOR,301.95,2,EXISTING,BUILDING_FOOTPRINT_GIS,0.805
BLD-00935,IN-DL-110054-10-68,BUILDER_FLOOR,261.29,1,EXISTING,BUILDING_FOOTPRINT_GIS,0.861
BLD-00936,IN-DL-110054-10-69,BUILDER_FLOOR,257.33,1,EXISTING,BUILDING_FOOTPRINT_GIS,0.871
BLD-00937,IN-DL-110054-10-70,BUILDER_FLOOR,299.01,2,EXISTING,BUILDING_FOOTPRINT_GIS,0.889
BLD-00938,IN-DL-110054-10-71,APARTMENT_BLOCK,220.54,4,EXISTING,BUILDING_FOOTPRINT_GIS,0.83
BLD-00939,IN-DL-110054-10-72,APARTMENT_BLOCK,255.7,5,EXISTING,BUILDING_FOOTPRINT_GIS,0.909
BLD-00940,IN-DL-110054-10-73,APARTMENT_BLOCK,417.81,7,EXISTING,BUILDING_FOOTPRINT_GIS,0.875
BLD-00941,IN-DL-110054-10-74,APARTMENT_BLOCK,256.75,10,EXISTING,BUILDING_FOOTPRINT_GIS,0.824
BLD-00942,IN-DL-110054-10-75,APARTMENT_BLOCK,234.35,7,EXISTING,BUILDING_FOOTPRINT_GIS,0.824
BLD-00943,IN-DL-110054-10-76,APARTMENT_BLOCK,367.2,10,EXISTING,BUILDING_FOOTPRINT_GIS,0.921
BLD-00944,IN-DL-110054-10-77,BUILDER_FLOOR,282.4,4,EXISTING,BUILDING_FOOTPRINT_GIS,0.841
BLD-00945,IN-DL-110054-10-78,BUILDER_FLOOR,244.37,3,EXISTING,BUILDING_FOOTPRINT_GIS,0.89
BLD-00946,IN-DL-110054-10-79,BUILDER_FLOOR,352.17,2,EXISTING,BUILDING_FOOTPRINT_GIS,0.958
BLD-00947,IN-DL-110054-10-80,BUILDER_FLOOR,279.65,4,EXISTING,BUILDING_FOOTPRINT_GIS,0.796
BLD-00948,IN-DL-110054-10-81,RETAIL_SHOP,256.31,4,EXISTING,BUILDING_FOOTPRINT_GIS,0.965
BLD-00949,IN-DL-110054-10-82,OFFICE_COMMERCIAL_PLOT,279.35,2,EXISTING,BUILDING_FOOTPRINT_GIS,0.91
BLD-00950,IN-DL-110054-10-83,MIXED_USE_BUILDING,311.93,2,EXISTING,BUILDING_FOOTPRINT_GIS,0.808
BLD-00951,IN-DL-110054-10-84,MIXED_USE_BUILDING,280.5,2,EXISTING,BUILDING_FOOTPRINT_GIS,0.941
BLD-00952,IN-DL-110054-10-85,GOVERNMENT_LAND,256.02,3,EXISTING,BUILDING_FOOTPRINT_GIS,0.804
BLD-00953,IN-DL-110054-10-86,COLLEGE_TRAINING_CENTRE,240.45,3,EXISTING,BUILDING_FOOTPRINT_GIS,0.914
BLD-00954,IN-DL-110054-10-86,COLLEGE_TRAINING_CENTRE,240.45,3,EXISTING,BUILDING_FOOTPRINT_GIS,0.935
BLD-00955,IN-DL-110054-10-88,GREEN_BELT,266.97,1,UNAUTHORISED_ENCROACHMENT,BUILDING_FOOTPRINT_GIS,0.827
BLD-00956,IN-DL-110054-10-89,WATER_INFRASTRUCTURE,262.92,1,EXISTING,BUILDING_FOOTPRINT_GIS,0.881
BLD-00957,IN-DL-110054-10-93,UTILITY_PARCEL,345.82,1,EXISTING,BUILDING_FOOTPRINT_GIS,0.954
BLD-00958,IN-DL-110054-10-94,ELECTRICAL_SUBSTATION,310.97,1,EXISTING,BUILDING_FOOTPRINT_GIS,0.902
BLD-00959,IN-DL-110054-10-95,WATER_INFRASTRUCTURE,283.84,1,EXISTING,BUILDING_FOOTPRINT_GIS,0.913
BLD-00960,IN-DL-110054-10-97,LOCAL_SHOPPING_COMPLEX,342.03,3,EXISTING,BUILDING_FOOTPRINT_GIS,0.909
BLD-00961,IN-DL-110054-10-98,OFFICE_COMMERCIAL_PLOT,295.98,5,EXISTING,BUILDING_FOOTPRINT_GIS,0.832
