canonical_parcel_id,cell_id,parcel_number,record_status,lineage_status,former_owner,retired_date,retirement_reason,historical_geometry_id
IN-DL-110054-1-101,CELL-01,101,HISTORICAL_RETIRED,RETIRED_SPLIT,Municipal Corporation of Delhi,2009-03-15,Subdivision mutation in CELL-01,HIST-IN-DL-110054-1-101
IN-DL-110054-1-102,CELL-01,102,HISTORICAL_RETIRED,RETIRED_MERGED,Pramaan Education Society,2011-07-10,Plot consolidation in CELL-01,HIST-IN-DL-110054-1-102
IN-DL-110054-1-103,CELL-01,103,HISTORICAL_RETIRED,RETIRED_MERGED,Pramaan Education Society,2011-07-10,Plot consolidation in CELL-01,HIST-IN-DL-110054-1-103
IN-DL-110054-1-104,CELL-01,104,HISTORICAL_RETIRED,RETIRED_REDEVELOPMENT,Navjeevan Health Trust,2017-11-05,Redevelopment consolidation in CELL-01,HIST-IN-DL-110054-1-104
IN-DL-110054-1-105,CELL-01,105,HISTORICAL_RETIRED,RETIRED_REDEVELOPMENT,Navjeevan Health Trust,2017-11-05,Redevelopment consolidation in CELL-01,HIST-IN-DL-110054-1-105
IN-DL-110054-1-106,CELL-01,106,HISTORICAL_RETIRED,RETIRED_SPLIT,Pramaan Community Trust,2019-04-12,Late corner-plot subdivision,HIST-IN-DL-110054-1-106
IN-DL-110054-2-101,CELL-02,101,HISTORICAL_RETIRED,RETIRED_SPLIT,Municipal Corporation of Delhi,2010-03-15,Subdivision mutation in CELL-02,HIST-IN-DL-110054-2-101
IN-DL-110054-2-102,CELL-02,102,HISTORICAL_RETIRED,RETIRED_MERGED,Pramaan Education Society,2012-07-10,Plot consolidation in CELL-02,HIST-IN-DL-110054-2-102
IN-DL-110054-2-103,CELL-02,103,HISTORICAL_RETIRED,RETIRED_MERGED,Pramaan Education Society,2012-07-10,Plot consolidation in CELL-02,HIST-IN-DL-110054-2-103
IN-DL-110054-2-104,CELL-02,104,HISTORICAL_RETIRED,RETIRED_REDEVELOPMENT,Navjeevan Health Trust,2018-11-05,Redevelopment consolidation in CELL-02,HIST-IN-DL-110054-2-104
IN-DL-110054-2-105,CELL-02,105,HISTORICAL_RETIRED,RETIRED_REDEVELOPMENT,Navjeevan Health Trust,2018-11-05,Redevelopment consolidation in CELL-02,HIST-IN-DL-110054-2-105
IN-DL-110054-2-106,CELL-02,106,HISTORICAL_RETIRED,RETIRED_SPLIT,Municipal Corporation of Delhi,2021-02-18,Cell-boundary reindexing after subdivision,HIST-IN-DL-110054-2-106
IN-DL-110054-3-101,CELL-03,101,HISTORICAL_RETIRED,RETIRED_SPLIT,Municipal Corporation of Delhi,2011-03-15,Subdivision mutation in CELL-03,HIST-IN-DL-110054-3-101
IN-DL-110054-3-102,CELL-03,102,HISTORICAL_RETIRED,RETIRED_MERGED,Municipal Corporation of Delhi,2013-07-10,Plot consolidation in CELL-03,HIST-IN-DL-110054-3-102
IN-DL-110054-3-103,CELL-03,103,HISTORICAL_RETIRED,RETIRED_MERGED,Municipal Corporation of Delhi,2013-07-10,Plot consolidation in CELL-03,HIST-IN-DL-110054-3-103
IN-DL-110054-3-104,CELL-03,104,HISTORICAL_RETIRED,RETIRED_REDEVELOPMENT,Municipal Corporation of Delhi,2019-11-05,Redevelopment consolidation in CELL-03,HIST-IN-DL-110054-3-104
IN-DL-110054-3-105,CELL-03,105,HISTORICAL_RETIRED,RETIRED_REDEVELOPMENT,Municipal Corporation of Delhi,2019-11-05,Redevelopment consolidation in CELL-03,HIST-IN-DL-110054-3-105
IN-DL-110054-3-106,CELL-03,106,HISTORICAL_RETIRED,RETIRED_SPLIT,BSES Yamuna Power Limited,2020-09-03,Builder-floor subdivision,HIST-IN-DL-110054-3-106
IN-DL-110054-4-101,CELL-04,101,HISTORICAL_RETIRED,RETIRED_SPLIT,Municipal Corporation of Delhi,2012-03-15,Subdivision mutation in CELL-04,HIST-IN-DL-110054-4-101
IN-DL-110054-4-102,CELL-04,102,HISTORICAL_RETIRED,RETIRED_MERGED,BSES Yamuna Power Limited,2014-07-10,Plot consolidation in CELL-04,HIST-IN-DL-110054-4-102
IN-DL-110054-4-103,CELL-04,103,HISTORICAL_RETIRED,RETIRED_MERGED,BSES Yamuna Power Limited,2014-07-10,Plot consolidation in CELL-04,HIST-IN-DL-110054-4-103
IN-DL-110054-4-104,CELL-04,104,HISTORICAL_RETIRED,RETIRED_REDEVELOPMENT,BSES Yamuna Power Limited,2020-11-05,Redevelopment consolidation in CELL-04,HIST-IN-DL-110054-4-104
IN-DL-110054-4-105,CELL-04,105,HISTORICAL_RETIRED,RETIRED_REDEVELOPMENT,BSES Yamuna Power Limited,2020-11-05,Redevelopment consolidation in CELL-04,HIST-IN-DL-110054-4-105
IN-DL-110054-4-106,CELL-04,106,HISTORICAL_RETIRED,RETIRED_MERGED,Pramaan Redevelopment LLP,2022-06-27,Cross-cell consolidation after grid correction,HIST-IN-DL-110054-4-106
IN-DL-110054-5-101,CELL-05,101,HISTORICAL_RETIRED,RETIRED_SPLIT,Deepak Kapoor,2013-03-15,Subdivision mutation in CELL-05,HIST-IN-DL-110054-5-101
IN-DL-110054-5-102,CELL-05,102,HISTORICAL_RETIRED,RETIRED_MERGED,Ishaan Arora,2015-07-10,Plot consolidation in CELL-05,HIST-IN-DL-110054-5-102
IN-DL-110054-5-103,CELL-05,103,HISTORICAL_RETIRED,RETIRED_MERGED,Ishaan Arora,2015-07-10,Plot consolidation in CELL-05,HIST-IN-DL-110054-5-103
IN-DL-110054-5-104,CELL-05,104,HISTORICAL_RETIRED,RETIRED_REDEVELOPMENT,Sneha Mehta,2016-11-05,Redevelopment consolidation in CELL-05,HIST-IN-DL-110054-5-104
IN-DL-110054-5-105,CELL-05,105,HISTORICAL_RETIRED,RETIRED_REDEVELOPMENT,Sneha Mehta,2016-11-05,Redevelopment consolidation in CELL-05,HIST-IN-DL-110054-5-105
IN-DL-110054-5-106,CELL-05,106,HISTORICAL_RETIRED,RETIRED_MERGED,Pramaan Redevelopment LLP,2022-06-27,Cross-cell consolidation after grid correction,HIST-IN-DL-110054-5-106
IN-DL-110054-6-101,CELL-06,101,HISTORICAL_RETIRED,RETIRED_SPLIT,Municipal Corporation of Delhi,2014-03-15,Subdivision mutation in CELL-06,HIST-IN-DL-110054-6-101
IN-DL-110054-6-102,CELL-06,102,HISTORICAL_RETIRED,RETIRED_MERGED,Municipal Corporation of Delhi,2016-07-10,Plot consolidation in CELL-06,HIST-IN-DL-110054-6-102
IN-DL-110054-6-103,CELL-06,103,HISTORICAL_RETIRED,RETIRED_MERGED,Municipal Corporation of Delhi,2016-07-10,Plot consolidation in CELL-06,HIST-IN-DL-110054-6-103
IN-DL-110054-6-104,CELL-06,104,HISTORICAL_RETIRED,RETIRED_REDEVELOPMENT,Municipal Corporation of Delhi,2017-11-05,Redevelopment consolidation in CELL-06,HIST-IN-DL-110054-6-104
IN-DL-110054-6-105,CELL-06,105,HISTORICAL_RETIRED,RETIRED_REDEVELOPMENT,Municipal Corporation of Delhi,2017-11-05,Redevelopment consolidation in CELL-06,HIST-IN-DL-110054-6-105
IN-DL-110054-6-106,CELL-06,106,HISTORICAL_RETIRED,RETIRED_REDEVELOPMENT,Municipal Corporation of Delhi,2017-11-05,Redevelopment consolidation in CELL-06,HIST-IN-DL-110054-6-106
IN-DL-110054-7-101,CELL-07,101,HISTORICAL_RETIRED,RETIRED_SPLIT,Municipal Corporation of Delhi,2015-03-15,Subdivision mutation in CELL-07,HIST-IN-DL-110054-7-101
IN-DL-110054-7-102,CELL-07,102,HISTORICAL_RETIRED,RETIRED_MERGED,Yamuna View Apartment Owners Association,2010-07-10,Plot consolidation in CELL-07,HIST-IN-DL-110054-7-102
IN-DL-110054-7-103,CELL-07,103,HISTORICAL_RETIRED,RETIRED_MERGED,Yamuna View Apartment Owners Association,2010-07-10,Plot consolidation in CELL-07,HIST-IN-DL-110054-7-103
IN-DL-110054-7-104,CELL-07,104,HISTORICAL_RETIRED,RETIRED_REDEVELOPMENT,BSES Yamuna Power Limited,2018-11-05,Redevelopment consolidation in CELL-07,HIST-IN-DL-110054-7-104
IN-DL-110054-7-105,CELL-07,105,HISTORICAL_RETIRED,RETIRED_REDEVELOPMENT,BSES Yamuna Power Limited,2018-11-05,Redevelopment consolidation in CELL-07,HIST-IN-DL-110054-7-105
IN-DL-110054-7-106,CELL-07,106,HISTORICAL_RETIRED,RETIRED_SPLIT,Pramaan Redevelopment LLP,2023-01-16,Cross-cell split after revised cell boundary,HIST-IN-DL-110054-7-106
IN-DL-110054-8-101,CELL-08,101,HISTORICAL_RETIRED,RETIRED_SPLIT,Deepak Mishra,2008-03-15,Subdivision mutation in CELL-08,HIST-IN-DL-110054-8-101
IN-DL-110054-8-102,CELL-08,102,HISTORICAL_RETIRED,RETIRED_MERGED,BSES Yamuna Power Limited,2011-07-10,Plot consolidation in CELL-08,HIST-IN-DL-110054-8-102
IN-DL-110054-8-103,CELL-08,103,HISTORICAL_RETIRED,RETIRED_MERGED,BSES Yamuna Power Limited,2011-07-10,Plot consolidation in CELL-08,HIST-IN-DL-110054-8-103
IN-DL-110054-8-104,CELL-08,104,HISTORICAL_RETIRED,RETIRED_REDEVELOPMENT,Delhi Jal Board,2019-11-05,Redevelopment consolidation in CELL-08,HIST-IN-DL-110054-8-104
IN-DL-110054-8-105,CELL-08,105,HISTORICAL_RETIRED,RETIRED_REDEVELOPMENT,Delhi Jal Board,2019-11-05,Redevelopment consolidation in CELL-08,HIST-IN-DL-110054-8-105
IN-DL-110054-8-106,CELL-08,106,HISTORICAL_RETIRED,RETIRED_MERGED,Pramaan Redevelopment LLP,2022-12-08,Cross-cell merge for access regularisation,HIST-IN-DL-110054-8-106
IN-DL-110054-9-101,CELL-09,101,HISTORICAL_RETIRED,RETIRED_SPLIT,Pramaan Redevelopment LLP,2009-03-15,Subdivision mutation in CELL-09,HIST-IN-DL-110054-9-101
IN-DL-110054-9-102,CELL-09,102,HISTORICAL_RETIRED,RETIRED_MERGED,Pramaan Redevelopment LLP,2012-07-10,Plot consolidation in CELL-09,HIST-IN-DL-110054-9-102
IN-DL-110054-9-103,CELL-09,103,HISTORICAL_RETIRED,RETIRED_MERGED,Pramaan Redevelopment LLP,2012-07-10,Plot consolidation in CELL-09,HIST-IN-DL-110054-9-103
IN-DL-110054-9-104,CELL-09,104,HISTORICAL_RETIRED,RETIRED_REDEVELOPMENT,Pramaan Redevelopment LLP,2020-11-05,Redevelopment consolidation in CELL-09,HIST-IN-DL-110054-9-104
IN-DL-110054-9-105,CELL-09,105,HISTORICAL_RETIRED,RETIRED_REDEVELOPMENT,Pramaan Redevelopment LLP,2020-11-05,Redevelopment consolidation in CELL-09,HIST-IN-DL-110054-9-105
IN-DL-110054-9-106,CELL-09,106,HISTORICAL_RETIRED,RETIRED_MERGED,Pramaan Redevelopment LLP,2022-12-08,Cross-cell merge for access regularisation,HIST-IN-DL-110054-9-106
IN-DL-110054-10-101,CELL-10,101,HISTORICAL_RETIRED,RETIRED_SPLIT,Municipal Corporation of Delhi,2010-03-15,Subdivision mutation in CELL-10,HIST-IN-DL-110054-10-101
IN-DL-110054-10-102,CELL-10,102,HISTORICAL_RETIRED,RETIRED_MERGED,BSES Yamuna Power Limited,2013-07-10,Plot consolidation in CELL-10,HIST-IN-DL-110054-10-102
IN-DL-110054-10-103,CELL-10,103,HISTORICAL_RETIRED,RETIRED_MERGED,BSES Yamuna Power Limited,2013-07-10,Plot consolidation in CELL-10,HIST-IN-DL-110054-10-103
IN-DL-110054-10-104,CELL-10,104,HISTORICAL_RETIRED,RETIRED_REDEVELOPMENT,BSES Yamuna Power Limited,2016-11-05,Redevelopment consolidation in CELL-10,HIST-IN-DL-110054-10-104
IN-DL-110054-10-105,CELL-10,105,HISTORICAL_RETIRED,RETIRED_REDEVELOPMENT,BSES Yamuna Power Limited,2016-11-05,Redevelopment consolidation in CELL-10,HIST-IN-DL-110054-10-105
IN-DL-110054-10-106,CELL-10,106,HISTORICAL_RETIRED,RETIRED_REDEVELOPMENT,BSES Yamuna Power Limited,2016-11-05,Redevelopment consolidation in CELL-10,HIST-IN-DL-110054-10-106
