revenue_record_id,parcel_id,canonical_id,khasra_no,survey_no,plot_name,land_owner,guardian_name,recorded_area_sqm,land_class,village_mouza,tehsil,mutation_no,mutation_date,record_year,source_document,digitization_status,field_verified,data_quality,primary_conflict_type,notes
REV-2025-0001,P001,CP-KAK-001,20/1/2,KAK/101/A,Kakrola Khasra Plot 01,Ananya Dhingra,Saanvi Verma,304.1,Abadi / Urban Residential,Kakrola,Matiala,MUT-2021-1001,2021-04-08,2025,Digitized Jamabandi / RoR extract,Digitized_Verified,Yes,Good,Parcel name mismatch,Parcel naming differs from survey label while stable IDs and geometry align.
REV-2025-0002,P002,CP-KAK-002,20/2/3,KAK/102/A,Kakrola Khasra Plot 02,Aditi Jain,Tanvi Sinha,373.5,Abadi / Urban Residential,Kakrola,Matiala,MUT-2022-1002,2022-07-15,2025,Digitized Jamabandi / RoR extract,Digitized_Verified,Yes,Good,Parcel name mismatch,Parcel naming differs from survey label while stable IDs and geometry align.
REV-2025-0003,P003,CP-KAK-003,20/3/1,KAK/103/A,Kakrola Khasra Plot 03,Aarav Sharma,Pranav Sinha,288.5,Abadi / Urban Residential,Kakrola,Matiala,MUT-2023-1003,2023-10-22,2025,Digitized Jamabandi / RoR extract,Digitized_Verified,Yes,Good,Parcel name mismatch,Parcel naming differs from survey label while stable IDs and geometry align.
REV-2025-0004,P004,CP-KAK-004,20/4/2,KAK/104/A,Kakrola Khasra Plot 04,Dev Kapoor,Aarav Wadhwa,380.1,Abadi / Urban Residential,Kakrola,Matiala,MUT-2024-1004,2024-01-02,2025,Digitized Jamabandi / RoR extract,Digitized_Verified,Yes,Good,Parcel name mismatch,Parcel naming differs from survey label while stable IDs and geometry align.
REV-2025-0005,P005,CP-KAK-005,20/5/3,KAK/105/A,Kakrola Parcel-05,Sahil Malhotra,Raghav Batra,352.4,Abadi / Urban Residential,Kakrola,Matiala,MUT-2025-1005,2025-04-09,2025,Digitized Jamabandi / RoR extract,Digitized_Verified,Yes,Good,Owner mismatch,Revenue ownership is stale relative to a later registered transfer.
REV-2025-0006,P006,CP-KAK-006,20/6/1,KAK/106/A,Kakrola Parcel-06,Aarav Khanna,Dev Dhingra,298.0,Abadi / Urban Residential,Kakrola,Matiala,MUT-2020-1006,2020-07-16,2025,Digitized Jamabandi / RoR extract,Digitized_Verified,Yes,Good,Owner mismatch,Revenue ownership is stale relative to a later registered transfer.
REV-2025-0007,P007,CP-KAK-007,20/7/2,KAK/107/A,Kakrola Parcel-07,Naina Jain,Tanvi Rao,284.6,Abadi / Urban Residential,Kakrola,Matiala,MUT-2021-1007,2021-10-23,2025,Digitized Jamabandi / RoR extract,Digitized_Verified,Yes,Good,Owner mismatch,Revenue ownership is stale relative to a later registered transfer.
REV-2025-0008,P008,CP-KAK-008,20/8/3,KAK/108/A,Kakrola Parcel-08,Shaurya Sinha,Avni Rao,221.6,Abadi / Urban Residential,Kakrola,Matiala,MUT-2022-1008,2022-01-03,2025,Digitized Jamabandi / RoR extract,Digitized_Verified,Yes,Good,Owner mismatch,Revenue ownership is stale relative to a later registered transfer.
REV-2025-0009,P009,CP-KAK-009,21/1/1,KAK/109/B,Kakrola Parcel-09,Isha Joshi,Aarav Chawla,274.6,Abadi / Urban Residential,Kakrola,Matiala,MUT-2023-1009,2023-04-10,2025,Digitized Jamabandi / RoR extract,Digitized_Verified,Yes,Good,Geometry mismatch,Current revenue-source test record.
REV-2025-0010,P010,CP-KAK-010,21/2/2,KAK/110/B,Kakrola Parcel-10,Aditya Gupta,Aditi Chawla,371.9,Abadi / Urban Residential,Kakrola,Matiala,MUT-2024-1010,2024-07-17,2025,Digitized Jamabandi / RoR extract,Digitized_Verified,Yes,Good,Geometry mismatch,Current revenue-source test record.
REV-2025-0011,P011,CP-KAK-011,21/3/3,KAK/111/B,Kakrola Parcel-11,Neel Kapoor,Tanvi Dhingra,237.5,Abadi / Urban Residential,Kakrola,Matiala,MUT-2025-1011,2025-10-24,2025,Digitized Jamabandi / RoR extract,Digitized_Verified,Yes,Good,Geometry mismatch,Current revenue-source test record.
REV-2025-0012,P012,CP-KAK-012,21/4/1,KAK/112/B,Kakrola Parcel-12,Ishaan Kapoor,Avni Joshi,296.2,Abadi / Urban Residential,Kakrola,Matiala,MUT-2020-1012,2020-01-04,2025,Digitized Jamabandi / RoR extract,Digitized_Verified,Yes,Good,Geometry mismatch,Current revenue-source test record.
REV-2025-0013,P013,CP-KAK-013,21/5/2,KAK/113/B,Kakrola Parcel-13,Varun Nair,Aditi Gupta,379.4,Abadi / Urban Residential,Kakrola,Matiala,MUT-2021-1013,2021-04-11,2025,Digitized Jamabandi / RoR extract,Digitized_Verified,Yes,Good,Area mismatch,Revenue area differs materially from survey/registration measurements.
REV-2025-0014,P014,CP-KAK-014,21/6/3,KAK/114/B,Kakrola Parcel-14,Shaurya Rao,Diya Batra,242.4,Abadi / Urban Residential,Kakrola,Matiala,MUT-2022-1014,2022-07-18,2025,Digitized Jamabandi / RoR extract,Digitized_Verified,Yes,Good,Area mismatch,Revenue area differs materially from survey/registration measurements.
REV-2025-0015,P015,CP-KAK-015,21/7/1,KAK/115/B,Kakrola Parcel-15,Shreya Sharma,Yash Malhotra,254.7,Abadi / Urban Residential,Kakrola,Matiala,MUT-2023-1015,2023-10-25,2025,Digitized Jamabandi / RoR extract,Digitized_Verified,Yes,Good,Area mismatch,Revenue area differs materially from survey/registration measurements.
REV-2025-0016,P016,CP-KAK-016,21/8/2,KAK/116/B,Kakrola Parcel-16,Saanvi Sinha,Aditya Nair,270.1,Abadi / Urban Residential,Kakrola,Matiala,MUT-2024-1016,2024-01-05,2025,Digitized Jamabandi / RoR extract,Digitized_Verified,Yes,Good,Area mismatch,Revenue area differs materially from survey/registration measurements.
REV-2025-0017,P017,CP-KAK-017,22/1/3,KAK/117/C,Kakrola Parcel-17,Rhea Malhotra,Nisha Dhingra,269.4,Abadi / Urban Residential,Kakrola,Matiala,MUT-2025-1017,2025-04-12,2025,Digitized Jamabandi / RoR extract,Digitized_Verified,Yes,Good,Parcel merging,Revenue still maintains separate parcel entries; downstream sources indicate amalgamation.
REV-2025-0018,P018,CP-KAK-018,22/2/1,KAK/118/C,Kakrola Parcel-18,Ishaan Arora,Rhea Batra,377.2,Abadi / Urban Residential,Kakrola,Matiala,MUT-2020-1018,2020-07-19,2025,Digitized Jamabandi / RoR extract,Digitized_Verified,Yes,Good,Parcel merging,Revenue still maintains separate parcel entries; downstream sources indicate amalgamation.
REV-2025-0019,P019,CP-KAK-019,22/3/2,KAK/119/C,Kakrola Parcel-19,Aniket Malhotra,Tanvi Mehta,356.8,Abadi / Urban Residential,Kakrola,Matiala,MUT-2021-1019,2021-10-26,2025,Digitized Jamabandi / RoR extract,Digitized_Verified,Yes,Good,Parcel merging,Revenue still maintains separate parcel entries; downstream sources indicate amalgamation.
REV-2025-0020,P020,CP-KAK-020,22/4/3,KAK/120/C,Kakrola Parcel-20,Nisha Batra,Varun Gupta,303.5,Abadi / Urban Residential,Kakrola,Matiala,MUT-2022-1020,2022-01-06,2025,Digitized Jamabandi / RoR extract,Digitized_Verified,Yes,Good,Parcel merging,Revenue still maintains separate parcel entries; downstream sources indicate amalgamation.
REV-2025-0021,P021,CP-KAK-021,22/5/1,KAK/121/C,Kakrola Parcel-21,Neel Jain,Aisha Joshi,219.7,Abadi / Urban Residential,Kakrola,Matiala,MUT-2023-1021,2023-04-13,2025,Digitized Jamabandi / RoR extract,Digitized_Verified,Yes,Good,,Current revenue-source test record.
REV-2025-0022,P022,CP-KAK-022,22/6/2,KAK/122/C,Kakrola Parcel-22,Kunal Nair,Ishaan Sinha,242.9,Abadi / Urban Residential,Kakrola,Matiala,MUT-2024-1022,2024-07-20,2025,Digitized Jamabandi / RoR extract,Digitized_Verified,Yes,Good,,Current revenue-source test record.
REV-2025-0023,P023,CP-KAK-023,22/7/3,KAK/123/C,Kakrola Parcel-23,Dev Jain,Arjun Kohli,204.5,Abadi / Urban Residential,Kakrola,Matiala,MUT-2025-1023,2025-10-27,2025,Digitized Jamabandi / RoR extract,Digitized_Verified,Yes,Good,,Current revenue-source test record.
REV-2025-0024,P024,CP-KAK-024,22/8/1,KAK/124/C,Kakrola Parcel-24,Pranav Khanna,Vihaan Sinha,299.6,Abadi / Urban Residential,Kakrola,Matiala,MUT-2020-1024,2020-01-07,2025,Digitized Jamabandi / RoR extract,Digitized_Verified,Yes,Good,,Current revenue-source test record.
REV-2025-0025,P025,CP-KAK-025,23/1/2,KAK/125/D,Kakrola Parcel-25,Ananya Arora,Rhea Chawla,353.8,Abadi / Urban Residential,Kakrola,Matiala,MUT-2021-1025,2021-04-14,2025,Digitized Jamabandi / RoR extract,Digitized_Verified,Yes,Good,,Current revenue-source test record.
REV-2025-0026,P026,CP-KAK-026,23/2/3,KAK/126/D,Kakrola Parcel-26,Kavya Malhotra,Ananya Sinha,245.6,Abadi / Urban Residential,Kakrola,Matiala,MUT-2022-1026,2022-07-21,2025,Digitized Jamabandi / RoR extract,Digitized_Verified,Yes,Good,,Current revenue-source test record.
REV-2025-0027,P027,CP-KAK-027,23/3/1,KAK/127/D,Kakrola Parcel-27,Aisha Rao,Aarav Bansal,207.2,Abadi / Urban Residential,Kakrola,Matiala,MUT-2023-1027,2023-10-01,2025,Digitized Jamabandi / RoR extract,Digitized_Verified,Yes,Good,,Current revenue-source test record.
REV-2025-0028,P028,CP-KAK-028,23/4/2,KAK/128/D,Kakrola Parcel-28,Avni Verma,Saanvi Wadhwa,335.7,Abadi / Urban Residential,Kakrola,Matiala,MUT-2024-1028,2024-01-08,2025,Digitized Jamabandi / RoR extract,Digitized_Verified,Yes,Good,,Current revenue-source test record.
REV-2025-0029,P029,CP-KAK-029,23/5/3,KAK/129/D,Kakrola Parcel-29,Aarav Arora,Priya Dhingra,290.2,Abadi / Urban Residential,Kakrola,Matiala,MUT-2025-1029,2025-04-15,2025,Digitized Jamabandi / RoR extract,Digitized_Verified,Yes,Good,,Current revenue-source test record.
REV-2025-0030,P030,CP-KAK-030,23/6/1,KAK/130/D,Kakrola Parcel-30,Myra Wadhwa,Ananya Nair,229.3,Abadi / Urban Residential,Kakrola,Matiala,MUT-2020-1030,2020-07-22,2025,Digitized Jamabandi / RoR extract,Digitized_Verified,Yes,Good,,Current revenue-source test record.
REV-2025-0031,P031,CP-KAK-031,23/7/2,KAK/131/D,Kakrola Parcel-31,Avni Mehta,Priya Wadhwa,327.6,Abadi / Urban Residential,Kakrola,Matiala,MUT-2021-1031,2021-10-02,2025,Digitized Jamabandi / RoR extract,Digitized_Verified,Yes,Good,,Current revenue-source test record.
REV-2025-0032,P032,CP-KAK-032,23/8/3,KAK/132/D,Kakrola Parcel-32,Aniket Wadhwa,Raghav Saxena,238.5,Abadi / Urban Residential,Kakrola,Matiala,MUT-2022-1032,2022-01-09,2025,Digitized Jamabandi / RoR extract,Digitized_Verified,Yes,Good,,Current revenue-source test record.
REV-2025-0033,P033,CP-MAT-001,30/PARENT-1,MAT/101/A,Matiala Parcel-01,Aditya Chawla,Diya Kohli,353.0,Abadi / Urban Residential,Matiala,Matiala,MUT-2023-1033,2023-04-16,2025,Digitized Jamabandi / RoR extract,Digitized_Verified,Yes,Good,Parcel splitting,Revenue references the pre-split parent parcel while survey/GeoJSON represent child parcels.
REV-2025-0034,P034,CP-MAT-002,30/PARENT-1,MAT/102/A,Matiala Parcel-02,Naina Sharma,Rohan Rao,379.1,Abadi / Urban Residential,Matiala,Matiala,MUT-2024-1034,2024-07-23,2025,Digitized Jamabandi / RoR extract,Digitized_Verified,Yes,Good,Parcel splitting,Revenue references the pre-split parent parcel while survey/GeoJSON represent child parcels.
REV-2025-0035,P035,CP-MAT-003,30/PARENT-2,MAT/103/A,Matiala Parcel-03,Siddharth Batra,Anika Khanna,340.5,Abadi / Urban Residential,Matiala,Matiala,MUT-2025-1035,2025-10-03,2025,Digitized Jamabandi / RoR extract,Digitized_Verified,Yes,Good,Parcel splitting,Revenue references the pre-split parent parcel while survey/GeoJSON represent child parcels.
REV-2025-0036,P036,CP-MAT-004,30/PARENT-2,MAT/104/A,Matiala Parcel-04,Ananya Chawla,Ishaan Chawla,260.8,Abadi / Urban Residential,Matiala,Matiala,MUT-2020-1036,2020-01-10,2025,Digitized Jamabandi / RoR extract,Digitized_Verified,Yes,Good,Parcel splitting,Revenue references the pre-split parent parcel while survey/GeoJSON represent child parcels.
REV-2025-0037,P037,CP-MAT-005,20/5/2,MAT/105/A,Matiala Parcel-05,Aarav Dhingra,Kabir Gupta,264.9,Abadi / Urban Residential,Matiala,Matiala,MUT-2021-1037,2021-04-17,2025,Digitized Jamabandi / RoR extract,Digitized_Verified,Yes,Good,Different addressing / field semantics,Current revenue-source test record.
REV-2025-0038,P038,CP-MAT-006,20/6/3,MAT/106/A,Matiala Parcel-06,Akash Batra,Aisha Dhingra,191.2,Abadi / Urban Residential,Matiala,Matiala,MUT-2022-1038,2022-07-24,2025,Digitized Jamabandi / RoR extract,Digitized_Verified,Yes,Good,Different addressing / field semantics,Current revenue-source test record.
REV-2025-0039,P039,CP-MAT-007,20/7/1,MAT/107/A,Matiala Parcel-07,Rhea Sharma,Kunal Chawla,273.6,Abadi / Urban Residential,Matiala,Matiala,MUT-2023-1039,2023-10-04,2025,Digitized Jamabandi / RoR extract,Digitized_Verified,Yes,Good,Different addressing / field semantics,Current revenue-source test record.
REV-2025-0040,P040,CP-MAT-008,20/8/2,MAT/108/A,Matiala Parcel-08,Kunal Kohli,Kabir Rao,328.7,Abadi / Urban Residential,Matiala,Matiala,MUT-2024-1040,2024-01-11,2025,Digitized Jamabandi / RoR extract,Digitized_Verified,Yes,Good,Different addressing / field semantics,Current revenue-source test record.
REV-2025-0041,P041,CP-MAT-009,21/1/3,MAT/109/B,Matiala Parcel-09,Kabir Dhingra,Ishaan Bansal,303.9,Abadi / Urban Residential,Matiala,Matiala,MUT-2025-1041,2025-04-18,2025,Digitized Jamabandi / RoR extract,Digitized_Verified,Yes,Good,Different coordinate systems,Current revenue-source test record.
REV-2025-0042,P042,CP-MAT-010,21/2/1,MAT/110/B,Matiala Parcel-10,Avni Gupta,Aisha Gupta,366.1,Abadi / Urban Residential,Matiala,Matiala,MUT-2020-1042,2020-07-25,2025,Digitized Jamabandi / RoR extract,Digitized_Verified,Yes,Good,Different coordinate systems,Current revenue-source test record.
REV-2025-0043,P043,CP-MAT-011,21/3/2,MAT/111/B,Matiala Parcel-11,Ananya Khanna,Arjun Gupta,309.0,Abadi / Urban Residential,Matiala,Matiala,MUT-2021-1043,2021-10-05,2025,Digitized Jamabandi / RoR extract,Digitized_Verified,Yes,Good,Different coordinate systems,Current revenue-source test record.
REV-2025-0044,P044,CP-MAT-012,21/4/3,MAT/112/B,Matiala Parcel-12,Isha Bansal,Arjun Sinha,211.1,Abadi / Urban Residential,Matiala,Matiala,MUT-2022-1044,2022-01-12,2025,Digitized Jamabandi / RoR extract,Digitized_Verified,Yes,Good,Different coordinate systems,Current revenue-source test record.
REV-2025-0045,P045,CP-MAT-013,21/5/1,MAT/113/B,Matiala Parcel-13,UNKNOWN / ILLEGIBLE,Sara Verma,0,Abadi / Urban Residential,Matiala,Matiala,MUT-2023-1045,2023-04-19,2025,Digitized Jamabandi / RoR extract,Digitized_Needs_Review,No,Poor,Bad data - needs re-evaluation,Impossible or unreadable source values fail basic quality rules.
REV-2025-0046,P046,CP-MAT-014,21/6/2,MAT/114/B,Matiala Parcel-14,UNKNOWN / ILLEGIBLE,Neel Bansal,0,Abadi / Urban Residential,Matiala,Matiala,MUT-2024-1046,2024-07-26,2025,Digitized Jamabandi / RoR extract,Digitized_Needs_Review,No,Poor,Bad data - needs re-evaluation,Impossible or unreadable source values fail basic quality rules.
REV-2025-0047,P047,CP-MAT-015,21/7/3,MAT/115/B,Matiala Parcel-15,UNKNOWN / ILLEGIBLE,Vihaan Sharma,0,Abadi / Urban Residential,Matiala,Matiala,MUT-2025-1047,2025-10-06,2025,Digitized Jamabandi / RoR extract,Digitized_Needs_Review,No,Poor,Bad data - needs re-evaluation,Impossible or unreadable source values fail basic quality rules.
REV-2025-0048,P048,CP-MAT-016,21/8/1,MAT/116/B,Matiala Parcel-16,UNKNOWN / ILLEGIBLE,Avni Jain,0,Abadi / Urban Residential,Matiala,Matiala,MUT-2020-1048,2020-01-13,2025,Digitized Jamabandi / RoR extract,Digitized_Needs_Review,No,Poor,Bad data - needs re-evaluation,Impossible or unreadable source values fail basic quality rules.
REV-2025-0049,P049,CP-MAT-017,22/1/2,MAT/117/C,Matiala Parcel-17,Vihaan Bansal,Pranav Chawla,278.6,Abadi / Urban Residential,Matiala,Matiala,MUT-2021-1049,2021-04-20,2025,Digitized Jamabandi / RoR extract,Digitized_Verified,Yes,Good,,Current revenue-source test record.
REV-2025-0050,P050,CP-MAT-018,22/2/3,MAT/118/C,Matiala Parcel-18,Sara Wadhwa,Kunal Wadhwa,388.7,Abadi / Urban Residential,Matiala,Matiala,MUT-2022-1050,2022-07-27,2025,Digitized Jamabandi / RoR extract,Digitized_Verified,Yes,Good,,Current revenue-source test record.
REV-2025-0051,P051,CP-MAT-019,22/3/1,MAT/119/C,Matiala Parcel-19,Varun Sharma,Ishaan Verma,276.5,Abadi / Urban Residential,Matiala,Matiala,MUT-2023-1051,2023-10-07,2025,Digitized Jamabandi / RoR extract,Digitized_Verified,Yes,Good,,Current revenue-source test record.
REV-2025-0052,P052,CP-MAT-020,22/4/2,MAT/120/C,Matiala Parcel-20,Sahil Mehta,Aditi Rao,292.9,Abadi / Urban Residential,Matiala,Matiala,MUT-2024-1052,2024-01-14,2025,Digitized Jamabandi / RoR extract,Digitized_Verified,Yes,Good,,Current revenue-source test record.
REV-2025-0053,P053,CP-MAT-021,22/5/3,MAT/121/C,Matiala Parcel-21,Neel Chawla,Vihaan Dhingra,201.7,Abadi / Urban Residential,Matiala,Matiala,MUT-2025-1053,2025-04-21,2025,Digitized Jamabandi / RoR extract,Digitized_Verified,Yes,Good,,Current revenue-source test record.
REV-2025-0054,P054,CP-MAT-022,22/6/1,MAT/122/C,Matiala Parcel-22,Isha Mehta,Vihaan Khanna,251.8,Abadi / Urban Residential,Matiala,Matiala,MUT-2020-1054,2020-07-01,2025,Digitized Jamabandi / RoR extract,Digitized_Verified,Yes,Good,,Current revenue-source test record.
REV-2025-0055,P055,CP-MAT-023,22/7/2,MAT/123/C,Matiala Parcel-23,Aditya Sinha,Naina Chawla,280.0,Abadi / Urban Residential,Matiala,Matiala,MUT-2021-1055,2021-10-08,2025,Digitized Jamabandi / RoR extract,Digitized_Verified,Yes,Good,,Current revenue-source test record.
REV-2025-0056,P056,CP-MAT-024,22/8/3,MAT/124/C,Matiala Parcel-24,Meera Dhingra,Yash Kohli,286.0,Abadi / Urban Residential,Matiala,Matiala,MUT-2022-1056,2022-01-15,2025,Digitized Jamabandi / RoR extract,Digitized_Verified,Yes,Good,,Current revenue-source test record.
REV-2025-0057,P057,CP-MAT-025,23/1/1,MAT/125/D,Matiala Parcel-25,Rohan Wadhwa,Varun Mehta,235.1,Abadi / Urban Residential,Matiala,Matiala,MUT-2023-1057,2023-04-22,2025,Digitized Jamabandi / RoR extract,Digitized_Verified,Yes,Good,,Current revenue-source test record.
REV-2025-0058,P058,CP-MAT-026,23/2/2,MAT/126/D,Matiala Parcel-26,Tanvi Khanna,Shaurya Batra,342.7,Abadi / Urban Residential,Matiala,Matiala,MUT-2024-1058,2024-07-02,2025,Digitized Jamabandi / RoR extract,Digitized_Verified,Yes,Good,,Current revenue-source test record.
REV-2025-0059,P059,CP-MAT-027,23/3/3,MAT/127/D,Matiala Parcel-27,Isha Malhotra,Varun Khanna,384.3,Abadi / Urban Residential,Matiala,Matiala,MUT-2025-1059,2025-10-09,2025,Digitized Jamabandi / RoR extract,Digitized_Verified,Yes,Good,,Current revenue-source test record.
REV-2025-0060,P060,CP-MAT-028,23/4/1,MAT/128/D,Matiala Parcel-28,Kavya Joshi,Saanvi Khanna,267.8,Abadi / Urban Residential,Matiala,Matiala,MUT-2020-1060,2020-01-16,2025,Digitized Jamabandi / RoR extract,Digitized_Verified,Yes,Good,,Current revenue-source test record.
REV-2025-0061,P061,CP-MAT-029,23/5/2,MAT/129/D,Matiala Parcel-29,Meera Kapoor,Varun Rao,362.5,Abadi / Urban Residential,Matiala,Matiala,MUT-2021-1061,2021-04-23,2025,Digitized Jamabandi / RoR extract,Digitized_Verified,Yes,Good,,Current revenue-source test record.
REV-2025-0062,P062,CP-MAT-030,23/6/3,MAT/130/D,Matiala Parcel-30,Dev Saxena,Avni Saxena,278.0,Abadi / Urban Residential,Matiala,Matiala,MUT-2022-1062,2022-07-03,2025,Digitized Jamabandi / RoR extract,Digitized_Verified,Yes,Good,,Current revenue-source test record.
REV-2025-0063,P063,CP-MAT-031,23/7/1,MAT/131/D,Matiala Parcel-31,Neel Malhotra,Kunal Dhingra,252.5,Abadi / Urban Residential,Matiala,Matiala,MUT-2023-1063,2023-10-10,2025,Digitized Jamabandi / RoR extract,Digitized_Verified,Yes,Good,,Current revenue-source test record.
REV-2025-0064,P064,CP-MAT-032,23/8/2,MAT/132/D,Matiala Parcel-32,Aniket Chawla,Aditya Batra,276.3,Abadi / Urban Residential,Matiala,Matiala,MUT-2024-1064,2024-01-17,2025,Digitized Jamabandi / RoR extract,Digitized_Verified,Yes,Good,,Current revenue-source test record.
REV-2025-0065,P065,CP-BIN-001,20/1/3,BIN/101/A,Bindapur Parcel-01,Mihir Khanna,Ananya Joshi,243.2,Abadi / Urban Residential,Bindapur,Dwarka,MUT-2025-1065,2025-04-24,2025,Digitized Jamabandi / RoR extract,Digitized_Not_Field_Verified,No,Low,Digitized but never field verified,Record was digitized from a legacy source but has not been verified on the ground.
REV-2025-0066,P066,CP-BIN-002,20/2/1,BIN/102/A,Bindapur Parcel-02,Tanvi Kapoor,Siya Sinha,273.4,Abadi / Urban Residential,Bindapur,Dwarka,MUT-2020-1066,2020-07-04,2025,Digitized Jamabandi / RoR extract,Digitized_Not_Field_Verified,No,Low,Digitized but never field verified,Record was digitized from a legacy source but has not been verified on the ground.
REV-2025-0067,P067,CP-BIN-003,20/3/2,BIN/103/A,Bindapur Parcel-03,Kavya Chawla,Sahil Sinha,292.6,Abadi / Urban Residential,Bindapur,Dwarka,MUT-2021-1067,2021-10-11,2025,Digitized Jamabandi / RoR extract,Digitized_Not_Field_Verified,No,Low,Digitized but never field verified,Record was digitized from a legacy source but has not been verified on the ground.
REV-2025-0068,P068,CP-BIN-004,20/4/3,BIN/104/A,Bindapur Parcel-04,Siya Sharma,Mihir Nair,244.3,Abadi / Urban Residential,Bindapur,Dwarka,MUT-2022-1068,2022-01-18,2025,Digitized Jamabandi / RoR extract,Digitized_Not_Field_Verified,No,Low,Digitized but never field verified,Record was digitized from a legacy source but has not been verified on the ground.
REV-2025-0069,P069,CP-BIN-005,20/5/1,BIN/105/A,Bindapur Parcel-05,Myra Gupta,Nikhil Bansal,378.8,Abadi / Urban Residential,Bindapur,Dwarka,MUT-2023-1069,2023-04-25,2025,Digitized Jamabandi / RoR extract,Digitized_Verified,Yes,Good,Parcel overlapping,Current revenue-source test record.
REV-2025-0070,P070,CP-BIN-006,20/6/2,BIN/106/A,Bindapur Parcel-06,Siya Verma,Ananya Rao,368.4,Abadi / Urban Residential,Bindapur,Dwarka,MUT-2024-1070,2024-07-05,2025,Digitized Jamabandi / RoR extract,Digitized_Verified,Yes,Good,Parcel overlapping,Current revenue-source test record.
REV-2025-0071,P071,CP-BIN-007,20/7/3,BIN/107/A,Bindapur Parcel-07,Yash Khanna,Siddharth Chawla,204.3,Abadi / Urban Residential,Bindapur,Dwarka,MUT-2025-1071,2025-10-12,2025,Digitized Jamabandi / RoR extract,Digitized_Verified,Yes,Good,Parcel overlapping,Current revenue-source test record.
REV-2025-0072,P072,CP-BIN-008,20/8/1,BIN/108/A,Bindapur Parcel-08,Sahil Arora,Priya Sinha,244.8,Abadi / Urban Residential,Bindapur,Dwarka,MUT-2020-1072,2020-01-19,2025,Digitized Jamabandi / RoR extract,Digitized_Verified,Yes,Good,Parcel overlapping,Current revenue-source test record.
REV-2025-0073,P073,CP-BIN-009,21/1/2,BIN/109/B,Bindapur Parcel-09,Shreya Batra,Nisha Verma,213.1,Abadi / Urban Residential,Bindapur,Dwarka,MUT-2021-1073,2021-04-26,2025,Digitized Jamabandi / RoR extract,Digitized_Verified,Yes,Good,Extra gap between adjacent parcels,Current revenue-source test record.
REV-2025-0074,P074,CP-BIN-010,21/2/3,BIN/110/B,Bindapur Parcel-10,Avni Kapoor,Sahil Gupta,248.6,Abadi / Urban Residential,Bindapur,Dwarka,MUT-2022-1074,2022-07-06,2025,Digitized Jamabandi / RoR extract,Digitized_Verified,Yes,Good,Extra gap between adjacent parcels,Current revenue-source test record.
REV-2025-0075,P075,CP-BIN-011,21/3/1,BIN/111/B,Bindapur Parcel-11,Pranav Dhingra,Kunal Malhotra,388.0,Abadi / Urban Residential,Bindapur,Dwarka,MUT-2023-1075,2023-10-13,2025,Digitized Jamabandi / RoR extract,Digitized_Verified,Yes,Good,Extra gap between adjacent parcels,Current revenue-source test record.
REV-2025-0076,P076,CP-BIN-012,21/4/2,BIN/112/B,Bindapur Parcel-12,Kabir Wadhwa,Nisha Nair,245.2,Abadi / Urban Residential,Bindapur,Dwarka,MUT-2024-1076,2024-01-20,2025,Digitized Jamabandi / RoR extract,Digitized_Verified,Yes,Good,Extra gap between adjacent parcels,Current revenue-source test record.
REV-2025-0077,P077,CP-BIN-013,21/5/3,BIN/113/B,Bindapur Parcel-13,Sara Mehta,Kunal Khanna,368.9,Abadi / Urban Residential,Bindapur,Dwarka,MUT-2025-1077,2025-04-27,2025,Digitized Jamabandi / RoR extract,Digitized_Verified,Yes,Good,Invalid topology / self-intersection,Current revenue-source test record.
REV-2025-0078,P078,CP-BIN-014,21/6/1,BIN/114/B,Bindapur Parcel-14,Aditya Joshi,Kavya Kapoor,197.8,Abadi / Urban Residential,Bindapur,Dwarka,MUT-2020-1078,2020-07-07,2025,Digitized Jamabandi / RoR extract,Digitized_Verified,Yes,Good,Invalid topology / self-intersection,Current revenue-source test record.
REV-2025-0079,P079,CP-BIN-015,21/7/2,BIN/115/B,Bindapur Parcel-15,Kavya Bansal,Sara Nair,207.6,Abadi / Urban Residential,Bindapur,Dwarka,MUT-2021-1079,2021-10-14,2025,Digitized Jamabandi / RoR extract,Digitized_Verified,Yes,Good,Invalid topology / self-intersection,Current revenue-source test record.
REV-2025-0080,P080,CP-BIN-016,21/8/3,BIN/116/B,Bindapur Parcel-16,Priya Mehta,Anika Saxena,360.6,Abadi / Urban Residential,Bindapur,Dwarka,MUT-2022-1080,2022-01-21,2025,Digitized Jamabandi / RoR extract,Digitized_Verified,Yes,Good,Invalid topology / self-intersection,Current revenue-source test record.
REV-2025-0081,P081,CP-BIN-017,22/1/1,BIN/117/C,Bindapur Parcel-17,Avni Dhingra,Mihir Batra,351.3,Abadi / Urban Residential,Bindapur,Dwarka,MUT-2023-1081,2023-04-01,2025,Digitized Jamabandi / RoR extract,Digitized_Verified,Yes,Good,,Current revenue-source test record.
REV-2025-0082,P082,CP-BIN-018,22/2/2,BIN/118/C,Bindapur Parcel-18,Saanvi Arora,Meera Mehta,376.0,Abadi / Urban Residential,Bindapur,Dwarka,MUT-2024-1082,2024-07-08,2025,Digitized Jamabandi / RoR extract,Digitized_Verified,Yes,Good,,Current revenue-source test record.
REV-2025-0083,P083,CP-BIN-019,22/3/3,BIN/119/C,Bindapur Parcel-19,Priya Nair,Dev Batra,295.4,Abadi / Urban Residential,Bindapur,Dwarka,MUT-2025-1083,2025-10-15,2025,Digitized Jamabandi / RoR extract,Digitized_Verified,Yes,Good,,Current revenue-source test record.
REV-2025-0084,P084,CP-BIN-020,22/4/1,BIN/120/C,Bindapur Parcel-20,Diya Nair,Diya Gupta,381.7,Abadi / Urban Residential,Bindapur,Dwarka,MUT-2020-1084,2020-01-22,2025,Digitized Jamabandi / RoR extract,Digitized_Verified,Yes,Good,,Current revenue-source test record.
REV-2025-0085,P085,CP-BIN-021,22/5/2,BIN/121/C,Bindapur Parcel-21,Kabir Kapoor,Aditya Saxena,378.0,Abadi / Urban Residential,Bindapur,Dwarka,MUT-2021-1085,2021-04-02,2025,Digitized Jamabandi / RoR extract,Digitized_Verified,Yes,Good,,Current revenue-source test record.
REV-2025-0086,P086,CP-BIN-022,22/6/3,BIN/122/C,Bindapur Parcel-22,Rhea Kapoor,Kabir Batra,302.2,Abadi / Urban Residential,Bindapur,Dwarka,MUT-2022-1086,2022-07-09,2025,Digitized Jamabandi / RoR extract,Digitized_Verified,Yes,Good,,Current revenue-source test record.
REV-2025-0087,P087,CP-BIN-023,22/7/1,BIN/123/C,Bindapur Parcel-23,Anika Bansal,Diya Khanna,384.6,Abadi / Urban Residential,Bindapur,Dwarka,MUT-2023-1087,2023-10-16,2025,Digitized Jamabandi / RoR extract,Digitized_Verified,Yes,Good,,Current revenue-source test record.
REV-2025-0088,P088,CP-BIN-024,22/8/2,BIN/124/C,Bindapur Parcel-24,Kabir Arora,Myra Sharma,228.0,Abadi / Urban Residential,Bindapur,Dwarka,MUT-2024-1088,2024-01-23,2025,Digitized Jamabandi / RoR extract,Digitized_Verified,Yes,Good,,Current revenue-source test record.
REV-2025-0089,P089,CP-BIN-025,23/1/3,BIN/125/D,Bindapur Parcel-25,Nisha Kapoor,Nisha Rao,191.2,Abadi / Urban Residential,Bindapur,Dwarka,MUT-2025-1089,2025-04-03,2025,Digitized Jamabandi / RoR extract,Digitized_Verified,Yes,Good,,Current revenue-source test record.
REV-2025-0090,P090,CP-BIN-026,23/2/1,BIN/126/D,Bindapur Parcel-26,Meera Wadhwa,Tanvi Chawla,276.5,Abadi / Urban Residential,Bindapur,Dwarka,MUT-2020-1090,2020-07-10,2025,Digitized Jamabandi / RoR extract,Digitized_Verified,Yes,Good,,Current revenue-source test record.
REV-2025-0091,P091,CP-BIN-027,23/3/2,BIN/127/D,Bindapur Parcel-27,Ishaan Khanna,Anika Chawla,253.4,Abadi / Urban Residential,Bindapur,Dwarka,MUT-2021-1091,2021-10-17,2025,Digitized Jamabandi / RoR extract,Digitized_Verified,Yes,Good,,Current revenue-source test record.
REV-2025-0092,P092,CP-BIN-028,23/4/3,BIN/128/D,Bindapur Parcel-28,Aarav Batra,Nisha Kohli,386.3,Abadi / Urban Residential,Bindapur,Dwarka,MUT-2022-1092,2022-01-24,2025,Digitized Jamabandi / RoR extract,Digitized_Verified,Yes,Good,,Current revenue-source test record.
REV-2025-0093,P093,CP-BIN-029,23/5/1,BIN/129/D,Bindapur Parcel-29,Mihir Sharma,Rohan Malhotra,315.6,Abadi / Urban Residential,Bindapur,Dwarka,MUT-2023-1093,2023-04-04,2025,Digitized Jamabandi / RoR extract,Digitized_Verified,Yes,Good,,Current revenue-source test record.
REV-2025-0094,P094,CP-BIN-030,23/6/2,BIN/130/D,Bindapur Parcel-30,Aditya Malhotra,Pranav Mehta,228.7,Abadi / Urban Residential,Bindapur,Dwarka,MUT-2024-1094,2024-07-11,2025,Digitized Jamabandi / RoR extract,Digitized_Verified,Yes,Good,,Current revenue-source test record.
REV-2025-0095,P095,CP-BIN-031,23/7/3,BIN/131/D,Bindapur Parcel-31,Nisha Jain,Pranav Sharma,331.7,Abadi / Urban Residential,Bindapur,Dwarka,MUT-2025-1095,2025-10-18,2025,Digitized Jamabandi / RoR extract,Digitized_Verified,Yes,Good,,Current revenue-source test record.
REV-2025-0096,P096,CP-BIN-032,23/8/1,BIN/132/D,Bindapur Parcel-32,Nikhil Kohli,Saanvi Malhotra,287.3,Abadi / Urban Residential,Bindapur,Dwarka,MUT-2020-1096,2020-01-25,2025,Digitized Jamabandi / RoR extract,Digitized_Verified,Yes,Good,,Current revenue-source test record.
REV-2025-0097,P097,CP-DAB-001,20/1/2,DAB/101/A,Dabri Parcel-01,Arjun Mehta,Aditi Arora,2208.0,Abadi / Urban Residential,Dabri,Dwarka,MUT-2021-1097,2021-04-05,2025,Digitized Jamabandi / RoR extract,Digitized_Verified,Yes,Low,Legacy digitization errors,Legacy digitization appears to contain a decimal-place transcription error in area.
REV-2025-0098,P098,CP-DAB-002,20/2/3,DAB/102/4,Dabri Parcel-02,Akash Saxena,Raghav Arora,292.5,Abadi / Urban Residential,Dabri,Dwarka,MUT-2022-1098,2022-07-12,2025,Digitized Jamabandi / RoR extract,Digitized_Verified,Yes,Low,Legacy digitization errors,Legacy digitization appears to contain an OCR/transcription error in the parcel reference.
REV-2025-0099,P099,CP-DAB-003,20/3/1,DAB/103/A,Dabri Parcel-03,Priya Batra,Tanvi Verma,2281.0,Abadi / Urban Residential,Dabri,Dwarka,MUT-2023-1099,2023-10-19,2025,Digitized Jamabandi / RoR extract,Digitized_Verified,Yes,Low,Legacy digitization errors,Legacy digitization appears to contain a decimal-place transcription error in area.
REV-2025-0100,P100,CP-DAB-004,20/4/2,DAB/104/4,Dabri Parcel-04,Nisha Gupta,Siddharth Kohli,198.4,Abadi / Urban Residential,Dabri,Dwarka,MUT-2024-1100,2024-01-26,2025,Digitized Jamabandi / RoR extract,Digitized_Verified,Yes,Low,Legacy digitization errors,Legacy digitization appears to contain an OCR/transcription error in the parcel reference.
REV-2025-0101,P101,CP-DAB-005,20/5/3,DAB/105/A,Dabri Parcel-05,Rohan Nair,Priya Chawla,228.9,Abadi / Urban Residential,Dabri,Dwarka,MUT-2021-901,2021-04-06,2025,Digitized Jamabandi / RoR extract,Digitized_Verified,Yes,Good,Mutation / registration history mismatch,Revenue mutation history stops before the latest registered transfer event.
REV-2025-0102,P102,CP-DAB-006,20/6/1,DAB/106/A,Dabri Parcel-06,Myra Chawla,Meera Kohli,266.7,Abadi / Urban Residential,Dabri,Dwarka,MUT-2021-902,2021-07-13,2025,Digitized Jamabandi / RoR extract,Digitized_Verified,Yes,Good,Mutation / registration history mismatch,Revenue mutation history stops before the latest registered transfer event.
REV-2025-0103,P103,CP-DAB-007,20/7/2,DAB/107/A,Dabri Parcel-07,Mihir Joshi,Avni Wadhwa,228.3,Abadi / Urban Residential,Dabri,Dwarka,MUT-2021-903,2021-10-20,2025,Digitized Jamabandi / RoR extract,Digitized_Verified,Yes,Good,Mutation / registration history mismatch,Revenue mutation history stops before the latest registered transfer event.
REV-2025-0104,P104,CP-DAB-008,20/8/3,DAB/108/A,Dabri Parcel-08,Isha Rao,Kunal Joshi,280.1,Abadi / Urban Residential,Dabri,Dwarka,MUT-2021-904,2021-01-27,2025,Digitized Jamabandi / RoR extract,Digitized_Verified,Yes,Good,Mutation / registration history mismatch,Revenue mutation history stops before the latest registered transfer event.
REV-2025-0105,P105,CP-DAB-009,21/1/1,DAB/109/B,Dabri Parcel-09,Arjun Batra,Rhea Gupta,214.8,Abadi / Urban Residential,Dabri,Dwarka,MUT-2023-1105,2023-04-07,2025,Digitized Jamabandi / RoR extract,Digitized_Verified,Yes,Good,Survey status mismatch,Current revenue-source test record.
REV-2025-0106,P106,CP-DAB-010,21/2/2,DAB/110/B,Dabri Parcel-10,Aisha Wadhwa,Ananya Batra,323.7,Abadi / Urban Residential,Dabri,Dwarka,MUT-2024-1106,2024-07-14,2025,Digitized Jamabandi / RoR extract,Digitized_Verified,Yes,Good,Survey status mismatch,Current revenue-source test record.
REV-2025-0107,P107,CP-DAB-011,21/3/3,DAB/111/B,Dabri Parcel-11,Aarav Malhotra,Shaurya Sharma,205.6,Abadi / Urban Residential,Dabri,Dwarka,MUT-2025-1107,2025-10-21,2025,Digitized Jamabandi / RoR extract,Digitized_Verified,Yes,Good,Survey status mismatch,Current revenue-source test record.
REV-2025-0108,P108,CP-DAB-012,21/4/1,DAB/112/B,Dabri Parcel-12,Raghav Sharma,Avni Kohli,232.4,Abadi / Urban Residential,Dabri,Dwarka,MUT-2020-1108,2020-01-01,2025,Digitized Jamabandi / RoR extract,Digitized_Verified,Yes,Good,Survey status mismatch,Current revenue-source test record.
REV-2025-0109,P109,CP-DAB-013,21/5/2,DAB/113/B,Dabri Parcel-13,Aarav Rao,Aniket Bansal,385.6,Abadi / Urban Residential,Dabri,Dwarka,MUT-2021-1109,2021-04-08,2025,Digitized Jamabandi / RoR extract,Digitized_Verified,Yes,Good,Planning / land-use mismatch,Current revenue-source test record.
REV-2025-0110,P110,CP-DAB-014,21/6/3,DAB/114/B,Dabri Parcel-14,Kabir Malhotra,Yash Chawla,320.1,Abadi / Urban Residential,Dabri,Dwarka,MUT-2022-1110,2022-07-15,2025,Digitized Jamabandi / RoR extract,Digitized_Verified,Yes,Good,Planning / land-use mismatch,Current revenue-source test record.
REV-2025-0111,P111,CP-DAB-015,21/7/1,DAB/115/B,Dabri Parcel-15,Varun Joshi,Shaurya Jain,344.5,Abadi / Urban Residential,Dabri,Dwarka,MUT-2023-1111,2023-10-22,2025,Digitized Jamabandi / RoR extract,Digitized_Verified,Yes,Good,Planning / land-use mismatch,Current revenue-source test record.
REV-2025-0112,P112,CP-DAB-016,21/8/2,DAB/116/B,Dabri Parcel-16,Kunal Sharma,Kavya Sinha,249.4,Abadi / Urban Residential,Dabri,Dwarka,MUT-2024-1112,2024-01-02,2025,Digitized Jamabandi / RoR extract,Digitized_Verified,Yes,Good,Planning / land-use mismatch,Current revenue-source test record.
REV-2025-0113,P113,CP-DAB-017,22/1/3,DAB/117/C,Dabri Parcel-17,Nikhil Kapoor,Sara Chawla,347.0,Abadi / Urban Residential,Dabri,Dwarka,MUT-2025-1113,2025-04-09,2025,Digitized Jamabandi / RoR extract,Digitized_Verified,Yes,Good,,Current revenue-source test record.
REV-2025-0114,P114,CP-DAB-018,22/2/1,DAB/118/C,Dabri Parcel-18,Sara Rao,Naina Joshi,324.1,Abadi / Urban Residential,Dabri,Dwarka,MUT-2020-1114,2020-07-16,2025,Digitized Jamabandi / RoR extract,Digitized_Verified,Yes,Good,,Current revenue-source test record.
REV-2025-0115,P115,CP-DAB-019,22/3/2,DAB/119/C,Dabri Parcel-19,Priya Gupta,Nikhil Mehta,273.1,Abadi / Urban Residential,Dabri,Dwarka,MUT-2021-1115,2021-10-23,2025,Digitized Jamabandi / RoR extract,Digitized_Verified,Yes,Good,,Current revenue-source test record.
REV-2025-0116,P116,CP-DAB-020,22/4/3,DAB/120/C,Dabri Parcel-20,Priya Kohli,Arjun Saxena,378.3,Abadi / Urban Residential,Dabri,Dwarka,MUT-2022-1116,2022-01-03,2025,Digitized Jamabandi / RoR extract,Digitized_Verified,Yes,Good,,Current revenue-source test record.
REV-2025-0117,P117,CP-DAB-021,22/5/1,DAB/121/C,Dabri Parcel-21,Priya Sharma,Raghav Rao,302.6,Abadi / Urban Residential,Dabri,Dwarka,MUT-2023-1117,2023-04-10,2025,Digitized Jamabandi / RoR extract,Digitized_Verified,Yes,Good,,Current revenue-source test record.
REV-2025-0118,P118,CP-DAB-022,22/6/2,DAB/122/C,Dabri Parcel-22,Aditi Wadhwa,Naina Verma,354.7,Abadi / Urban Residential,Dabri,Dwarka,MUT-2024-1118,2024-07-17,2025,Digitized Jamabandi / RoR extract,Digitized_Verified,Yes,Good,,Current revenue-source test record.
REV-2025-0119,P119,CP-DAB-023,22/7/3,DAB/123/C,Dabri Parcel-23,Arjun Nair,Mihir Rao,386.7,Abadi / Urban Residential,Dabri,Dwarka,MUT-2025-1119,2025-10-24,2025,Digitized Jamabandi / RoR extract,Digitized_Verified,Yes,Good,,Current revenue-source test record.
REV-2025-0120,P120,CP-DAB-024,22/8/1,DAB/124/C,Dabri Parcel-24,Siya Arora,Siya Nair,322.8,Abadi / Urban Residential,Dabri,Dwarka,MUT-2020-1120,2020-01-04,2025,Digitized Jamabandi / RoR extract,Digitized_Verified,Yes,Good,,Current revenue-source test record.
REV-2025-0121,P121,CP-DAB-025,23/1/2,DAB/125/D,Dabri Parcel-25,Vihaan Kapoor,Rohan Gupta,307.6,Abadi / Urban Residential,Dabri,Dwarka,MUT-2021-1121,2021-04-11,2025,Digitized Jamabandi / RoR extract,Digitized_Verified,Yes,Good,,Current revenue-source test record.
REV-2025-0122,P122,CP-DAB-026,23/2/3,DAB/126/D,Dabri Parcel-26,Pranav Batra,Dev Sinha,381.4,Abadi / Urban Residential,Dabri,Dwarka,MUT-2022-1122,2022-07-18,2025,Digitized Jamabandi / RoR extract,Digitized_Verified,Yes,Good,,Current revenue-source test record.
REV-2025-0123,P123,CP-DAB-027,23/3/1,DAB/127/D,Dabri Parcel-27,Rohan Saxena,Shreya Mehta,309.7,Abadi / Urban Residential,Dabri,Dwarka,MUT-2023-1123,2023-10-25,2025,Digitized Jamabandi / RoR extract,Digitized_Verified,Yes,Good,,Current revenue-source test record.
REV-2025-0124,P124,CP-DAB-028,23/4/2,DAB/128/D,Dabri Parcel-28,Kavya Nair,Nikhil Sinha,201.4,Abadi / Urban Residential,Dabri,Dwarka,MUT-2024-1124,2024-01-05,2025,Digitized Jamabandi / RoR extract,Digitized_Verified,Yes,Good,,Current revenue-source test record.
REV-2025-0125,P125,CP-DAB-029,23/5/3,DAB/129/D,Dabri Parcel-29,Rohan Kohli,Arjun Khanna,256.0,Abadi / Urban Residential,Dabri,Dwarka,MUT-2025-1125,2025-04-12,2025,Digitized Jamabandi / RoR extract,Digitized_Verified,Yes,Good,,Current revenue-source test record.
REV-2025-0126,P126,CP-DAB-030,23/6/1,DAB/130/D,Dabri Parcel-30,Myra Dhingra,Priya Khanna,240.3,Abadi / Urban Residential,Dabri,Dwarka,MUT-2020-1126,2020-07-19,2025,Digitized Jamabandi / RoR extract,Digitized_Verified,Yes,Good,,Current revenue-source test record.
REV-2025-0127,P127,CP-DAB-031,23/7/2,DAB/131/D,Dabri Parcel-31,Shreya Dhingra,Neel Khanna,192.9,Abadi / Urban Residential,Dabri,Dwarka,MUT-2021-1127,2021-10-26,2025,Digitized Jamabandi / RoR extract,Digitized_Verified,Yes,Good,,Current revenue-source test record.
REV-2025-0128,P128,CP-DAB-032,23/8/3,DAB/132/D,Dabri Parcel-32,Vihaan Malhotra,Shaurya Chawla,274.6,Abadi / Urban Residential,Dabri,Dwarka,MUT-2022-1128,2022-01-06,2025,Digitized Jamabandi / RoR extract,Digitized_Verified,Yes,Good,,Current revenue-source test record.
