registration_id,parcel_id_ref,canonical_id,deed_no,deed_type,registration_date,seller_name,buyer_name,parcel_reference,transaction_area_sqm,declared_value_inr,sub_registrar_office,mutation_reference,registered_address,document_digitized,document_verified,record_year,primary_conflict_type,notes
REG-2025-0001,P001,CP-KAK-001,SRIX/2025/70001,Sale Deed,2025-06-12,Ishaan Wadhwa,Ananya Dhingra,KAK/101/A,304.1,19666000,"e-Sub-Registrar IX, Kapashera, Delhi",MUT-2021-1001,"Kakrola, Dwarka, Delhi",Yes,Yes,2025,Parcel name mismatch,Registration-source test record aligned to the parcel reference.
REG-2025-0002,P002,CP-KAK-002,SRIX/2025/70002,Sale Deed,2025-11-23,Isha Kohli,Aditi Jain,KAK/102/A,373.5,21604000,"e-Sub-Registrar IX, Kapashera, Delhi",MUT-2022-1002,"Kakrola, Dwarka, Delhi",Yes,Yes,2025,Parcel name mismatch,Registration-source test record aligned to the parcel reference.
REG-2025-0003,P003,CP-KAK-003,SRIX/2025/70003,Sale Deed,2025-04-07,Diya Kapoor,Aarav Sharma,KAK/103/A,288.5,19347000,"e-Sub-Registrar IX, Kapashera, Delhi",MUT-2023-1003,"Kakrola, Dwarka, Delhi",Yes,Yes,2025,Parcel name mismatch,Registration-source test record aligned to the parcel reference.
REG-2025-0004,P004,CP-KAK-004,SRIX/2025/70004,Sale Deed,2025-09-18,Vihaan Nair,Dev Kapoor,KAK/104/A,380.1,26073000,"e-Sub-Registrar IX, Kapashera, Delhi",MUT-2024-1004,"Kakrola, Dwarka, Delhi",Yes,Yes,2025,Parcel name mismatch,Registration-source test record aligned to the parcel reference.
REG-2025-0005,P005,CP-KAK-005,SRIX/2025/70005,Sale Deed,2025-02-02,Sahil Malhotra,Yash Jain,KAK/105/A,352.4,22491000,"e-Sub-Registrar IX, Kapashera, Delhi",MUT-2025-1005,"Kakrola, Dwarka, Delhi",Yes,Yes,2025,Owner mismatch,Registered transfer names the newer buyer; revenue mutation has not fully synchronized.
REG-2025-0006,P006,CP-KAK-006,SRIX/2025/70006,Sale Deed,2025-07-13,Aarav Khanna,Saanvi Gupta,KAK/106/A,298.0,16866000,"e-Sub-Registrar IX, Kapashera, Delhi",MUT-2020-1006,"Kakrola, Dwarka, Delhi",Yes,Yes,2025,Owner mismatch,Registered transfer names the newer buyer; revenue mutation has not fully synchronized.
REG-2025-0007,P007,CP-KAK-007,SRIX/2025/70007,Sale Deed,2025-12-24,Naina Jain,Mihir Kapoor,KAK/107/A,284.6,16304000,"e-Sub-Registrar IX, Kapashera, Delhi",MUT-2021-1007,"Kakrola, Dwarka, Delhi",Yes,Yes,2025,Owner mismatch,Registered transfer names the newer buyer; revenue mutation has not fully synchronized.
REG-2025-0008,P008,CP-KAK-008,SRIX/2025/70008,Sale Deed,2025-05-08,Shaurya Sinha,Anika Kapoor,KAK/108/A,221.6,14317000,"e-Sub-Registrar IX, Kapashera, Delhi",MUT-2022-1008,"Kakrola, Dwarka, Delhi",Yes,Yes,2025,Owner mismatch,Registered transfer names the newer buyer; revenue mutation has not fully synchronized.
REG-2025-0009,P009,CP-KAK-009,SRIX/2025/70009,Sale Deed,2025-10-19,Varun Arora,Isha Joshi,KAK/109/B,274.6,16651000,"e-Sub-Registrar IX, Kapashera, Delhi",MUT-2023-1009,"Kakrola, Dwarka, Delhi",Yes,Yes,2025,Geometry mismatch,Registration-source test record aligned to the parcel reference.
REG-2025-0010,P010,CP-KAK-010,SRIX/2025/70010,Sale Deed,2025-03-03,Akash Rao,Aditya Gupta,KAK/110/B,371.9,28173000,"e-Sub-Registrar IX, Kapashera, Delhi",MUT-2024-1010,"Kakrola, Dwarka, Delhi",Yes,Yes,2025,Geometry mismatch,Registration-source test record aligned to the parcel reference.
REG-2025-0011,P011,CP-KAK-011,SRIX/2025/70011,Sale Deed,2025-08-14,Isha Chawla,Neel Kapoor,KAK/111/B,237.5,18178000,"e-Sub-Registrar IX, Kapashera, Delhi",MUT-2025-1011,"Kakrola, Dwarka, Delhi",Yes,Yes,2025,Geometry mismatch,Registration-source test record aligned to the parcel reference.
REG-2025-0012,P012,CP-KAK-012,SRIX/2025/70012,Sale Deed,2025-01-25,Priya Kapoor,Ishaan Kapoor,KAK/112/B,296.2,21613000,"e-Sub-Registrar IX, Kapashera, Delhi",MUT-2020-1012,"Kakrola, Dwarka, Delhi",Yes,Yes,2025,Geometry mismatch,Registration-source test record aligned to the parcel reference.
REG-2025-0013,P013,CP-KAK-013,SRIX/2025/70013,Sale Deed,2025-06-09,Aniket Batra,Varun Nair,KAK/113/B,428.0,25454000,"e-Sub-Registrar IX, Kapashera, Delhi",MUT-2021-1013,"Kakrola, Dwarka, Delhi",Yes,Yes,2025,Area mismatch,Registration-source test record aligned to the parcel reference.
REG-2025-0014,P014,CP-KAK-014,SRIX/2025/70014,Sale Deed,2025-11-20,Pranav Jain,Shaurya Rao,KAK/114/B,270.3,13886000,"e-Sub-Registrar IX, Kapashera, Delhi",MUT-2022-1014,"Kakrola, Dwarka, Delhi",Yes,Yes,2025,Area mismatch,Registration-source test record aligned to the parcel reference.
REG-2025-0015,P015,CP-KAK-015,SRIX/2025/70015,Sale Deed,2025-04-04,Arjun Sharma,Shreya Sharma,KAK/115/B,278.9,18239000,"e-Sub-Registrar IX, Kapashera, Delhi",MUT-2023-1015,"Kakrola, Dwarka, Delhi",Yes,Yes,2025,Area mismatch,Registration-source test record aligned to the parcel reference.
REG-2025-0016,P016,CP-KAK-016,SRIX/2025/70016,Sale Deed,2025-09-15,Tanvi Joshi,Saanvi Sinha,KAK/116/B,294.7,17505000,"e-Sub-Registrar IX, Kapashera, Delhi",MUT-2024-1016,"Kakrola, Dwarka, Delhi",Yes,Yes,2025,Area mismatch,Registration-source test record aligned to the parcel reference.
REG-2025-0017,P017,CP-KAK-017,SRIX/2025/70017,Amalgamation / Consolidation Deed,2025-02-26,Raghav Sinha,Rhea Malhotra,KAK/117/C + KAK/118/C,269.4,20200000,"e-Sub-Registrar IX, Kapashera, Delhi",MUT-2025-1017,"Kakrola, Dwarka, Delhi",Yes,Yes,2025,Parcel merging,Registered document treats this parcel and its paired neighbor as one combined holding.
REG-2025-0018,P018,CP-KAK-018,SRIX/2025/70018,Amalgamation / Consolidation Deed,2025-07-10,Sara Bansal,Ishaan Arora,KAK/118/C + KAK/117/C,377.2,20648000,"e-Sub-Registrar IX, Kapashera, Delhi",MUT-2020-1018,"Kakrola, Dwarka, Delhi",Yes,Yes,2025,Parcel merging,Registered document treats this parcel and its paired neighbor as one combined holding.
REG-2025-0019,P019,CP-KAK-019,SRIX/2025/70019,Amalgamation / Consolidation Deed,2025-12-21,Aditi Nair,Aniket Malhotra,KAK/119/C + KAK/120/C,356.8,22388000,"e-Sub-Registrar IX, Kapashera, Delhi",MUT-2021-1019,"Kakrola, Dwarka, Delhi",Yes,Yes,2025,Parcel merging,Registered document treats this parcel and its paired neighbor as one combined holding.
REG-2025-0020,P020,CP-KAK-020,SRIX/2025/70020,Amalgamation / Consolidation Deed,2025-05-05,Aarav Verma,Nisha Batra,KAK/120/C + KAK/119/C,303.5,21613000,"e-Sub-Registrar IX, Kapashera, Delhi",MUT-2022-1020,"Kakrola, Dwarka, Delhi",Yes,Yes,2025,Parcel merging,Registered document treats this parcel and its paired neighbor as one combined holding.
REG-2025-0021,P021,CP-KAK-021,SRIX/2025/70021,Sale Deed,2025-10-16,Shreya Kapoor,Neel Jain,KAK/121/C,219.7,16523000,"e-Sub-Registrar IX, Kapashera, Delhi",MUT-2023-1021,"Kakrola, Dwarka, Delhi",Yes,Yes,2025,,Registration-source test record aligned to the parcel reference.
REG-2025-0022,P022,CP-KAK-022,SRIX/2025/70022,Sale Deed,2025-03-27,Anika Batra,Kunal Nair,KAK/122/C,242.9,12689000,"e-Sub-Registrar IX, Kapashera, Delhi",MUT-2024-1022,"Kakrola, Dwarka, Delhi",Yes,Yes,2025,,Registration-source test record aligned to the parcel reference.
REG-2025-0023,P023,CP-KAK-023,SRIX/2025/70023,Sale Deed,2025-08-11,Ananya Kapoor,Dev Jain,KAK/123/C,204.5,15238000,"e-Sub-Registrar IX, Kapashera, Delhi",MUT-2025-1023,"Kakrola, Dwarka, Delhi",Yes,Yes,2025,,Registration-source test record aligned to the parcel reference.
REG-2025-0024,P024,CP-KAK-024,SRIX/2025/70024,Sale Deed,2025-01-22,Dev Arora,Pranav Khanna,KAK/124/C,299.6,23040000,"e-Sub-Registrar IX, Kapashera, Delhi",MUT-2020-1024,"Kakrola, Dwarka, Delhi",Yes,Yes,2025,,Registration-source test record aligned to the parcel reference.
REG-2025-0025,P025,CP-KAK-025,SRIX/2025/70025,Sale Deed,2025-06-06,Siddharth Joshi,Ananya Arora,KAK/125/D,353.8,24919000,"e-Sub-Registrar IX, Kapashera, Delhi",MUT-2021-1025,"Kakrola, Dwarka, Delhi",Yes,Yes,2025,,Registration-source test record aligned to the parcel reference.
REG-2025-0026,P026,CP-KAK-026,SRIX/2025/70026,Sale Deed,2025-11-17,Neel Batra,Kavya Malhotra,KAK/126/D,245.6,15362000,"e-Sub-Registrar IX, Kapashera, Delhi",MUT-2022-1026,"Kakrola, Dwarka, Delhi",Yes,Yes,2025,,Registration-source test record aligned to the parcel reference.
REG-2025-0027,P027,CP-KAK-027,SRIX/2025/70027,Sale Deed,2025-04-01,Isha Verma,Aisha Rao,KAK/127/D,207.2,15230000,"e-Sub-Registrar IX, Kapashera, Delhi",MUT-2023-1027,"Kakrola, Dwarka, Delhi",Yes,Yes,2025,,Registration-source test record aligned to the parcel reference.
REG-2025-0028,P028,CP-KAK-028,SRIX/2025/70028,Sale Deed,2025-09-12,Ishaan Joshi,Avni Verma,KAK/128/D,335.7,19241000,"e-Sub-Registrar IX, Kapashera, Delhi",MUT-2024-1028,"Kakrola, Dwarka, Delhi",Yes,Yes,2025,,Registration-source test record aligned to the parcel reference.
REG-2025-0029,P029,CP-KAK-029,SRIX/2025/70029,Sale Deed,2025-02-23,Avni Bansal,Aarav Arora,KAK/129/D,290.2,20246000,"e-Sub-Registrar IX, Kapashera, Delhi",MUT-2025-1029,"Kakrola, Dwarka, Delhi",Yes,Yes,2025,,Registration-source test record aligned to the parcel reference.
REG-2025-0030,P030,CP-KAK-030,SRIX/2025/70030,Sale Deed,2025-07-07,Kunal Gupta,Myra Wadhwa,KAK/130/D,229.3,12230000,"e-Sub-Registrar IX, Kapashera, Delhi",MUT-2020-1030,"Kakrola, Dwarka, Delhi",Yes,Yes,2025,,Registration-source test record aligned to the parcel reference.
REG-2025-0031,P031,CP-KAK-031,SRIX/2025/70031,Sale Deed,2025-12-18,Pranav Malhotra,Avni Mehta,KAK/131/D,327.6,18357000,"e-Sub-Registrar IX, Kapashera, Delhi",MUT-2021-1031,"Kakrola, Dwarka, Delhi",Yes,Yes,2025,,Registration-source test record aligned to the parcel reference.
REG-2025-0032,P032,CP-KAK-032,SRIX/2025/70032,Sale Deed,2025-05-02,Mihir Mehta,Aniket Wadhwa,KAK/132/D,238.5,14812000,"e-Sub-Registrar IX, Kapashera, Delhi",MUT-2022-1032,"Kakrola, Dwarka, Delhi",Yes,Yes,2025,,Registration-source test record aligned to the parcel reference.
REG-2025-0033,P033,CP-MAT-001,SRIX/2025/70033,Subdivision / Partition Deed,2025-10-13,Naina Rao,Aditya Chawla,MAT/PARENT/01,353.0,18622000,"e-Sub-Registrar IX, Kapashera, Delhi",MUT-2023-1033,"Matiala, Dwarka, Delhi",Yes,Yes,2025,Parcel splitting,Subdivision evidence refers to the parent parcel and newly created child parcels.
REG-2025-0034,P034,CP-MAT-002,SRIX/2025/70034,Subdivision / Partition Deed,2025-03-24,Aditya Kapoor,Naina Sharma,MAT/PARENT/01,379.1,22627000,"e-Sub-Registrar IX, Kapashera, Delhi",MUT-2024-1034,"Matiala, Dwarka, Delhi",Yes,Yes,2025,Parcel splitting,Subdivision evidence refers to the parent parcel and newly created child parcels.
REG-2025-0035,P035,CP-MAT-003,SRIX/2025/70035,Subdivision / Partition Deed,2025-08-08,Siya Saxena,Siddharth Batra,MAT/PARENT/02,340.5,19823000,"e-Sub-Registrar IX, Kapashera, Delhi",MUT-2025-1035,"Matiala, Dwarka, Delhi",Yes,Yes,2025,Parcel splitting,Subdivision evidence refers to the parent parcel and newly created child parcels.
REG-2025-0036,P036,CP-MAT-004,SRIX/2025/70036,Subdivision / Partition Deed,2025-01-19,Isha Arora,Ananya Chawla,MAT/PARENT/02,260.8,15500000,"e-Sub-Registrar IX, Kapashera, Delhi",MUT-2020-1036,"Matiala, Dwarka, Delhi",Yes,Yes,2025,Parcel splitting,Subdivision evidence refers to the parent parcel and newly created child parcels.
REG-2025-0037,P037,CP-MAT-005,SRIX/2025/70037,Sale Deed,2025-06-03,Yash Dhingra,Aarav Dhingra,MAT/105/A,264.9,18013000,"e-Sub-Registrar IX, Kapashera, Delhi",MUT-2021-1037,"Matiala, Dwarka, Delhi",Yes,Yes,2025,Different addressing / field semantics,Registration-source test record aligned to the parcel reference.
REG-2025-0038,P038,CP-MAT-006,SRIX/2025/70038,Sale Deed,2025-11-14,Siya Wadhwa,Akash Batra,MAT/106/A,191.2,12564000,"e-Sub-Registrar IX, Kapashera, Delhi",MUT-2022-1038,"Matiala, Dwarka, Delhi",Yes,Yes,2025,Different addressing / field semantics,Registration-source test record aligned to the parcel reference.
REG-2025-0039,P039,CP-MAT-007,SRIX/2025/70039,Sale Deed,2025-04-25,Naina Nair,Rhea Sharma,MAT/107/A,273.6,16551000,"e-Sub-Registrar IX, Kapashera, Delhi",MUT-2023-1039,"Matiala, Dwarka, Delhi",Yes,Yes,2025,Different addressing / field semantics,Registration-source test record aligned to the parcel reference.
REG-2025-0040,P040,CP-MAT-008,SRIX/2025/70040,Sale Deed,2025-09-09,Diya Verma,Kunal Kohli,MAT/108/A,328.7,25321000,"e-Sub-Registrar IX, Kapashera, Delhi",MUT-2024-1040,"Matiala, Dwarka, Delhi",Yes,Yes,2025,Different addressing / field semantics,Registration-source test record aligned to the parcel reference.
REG-2025-0041,P041,CP-MAT-009,SRIX/2025/70041,Sale Deed,2025-02-20,Shaurya Dhingra,Kabir Dhingra,MAT/109/B,303.9,16502000,"e-Sub-Registrar IX, Kapashera, Delhi",MUT-2025-1041,"Matiala, Dwarka, Delhi",Yes,Yes,2025,Different coordinate systems,Registration-source test record aligned to the parcel reference.
REG-2025-0042,P042,CP-MAT-010,SRIX/2025/70042,Sale Deed,2025-07-04,Yash Nair,Avni Gupta,MAT/110/B,366.1,24252000,"e-Sub-Registrar IX, Kapashera, Delhi",MUT-2020-1042,"Matiala, Dwarka, Delhi",Yes,Yes,2025,Different coordinate systems,Registration-source test record aligned to the parcel reference.
REG-2025-0043,P043,CP-MAT-011,SRIX/2025/70043,Sale Deed,2025-12-15,Siya Jain,Ananya Khanna,MAT/111/B,309.0,18787000,"e-Sub-Registrar IX, Kapashera, Delhi",MUT-2021-1043,"Matiala, Dwarka, Delhi",Yes,Yes,2025,Different coordinate systems,Registration-source test record aligned to the parcel reference.
REG-2025-0044,P044,CP-MAT-012,SRIX/2025/70044,Sale Deed,2025-05-26,Avni Batra,Isha Bansal,MAT/112/B,211.1,13698000,"e-Sub-Registrar IX, Kapashera, Delhi",MUT-2022-1044,"Matiala, Dwarka, Delhi",Yes,Yes,2025,Different coordinate systems,Registration-source test record aligned to the parcel reference.
REG-2025-0045,P045,CP-MAT-013,SRIX/2025/70045,Sale Deed,2025-10-10,Dev Khanna,Ananya Malhotra,MAT/113/B,,15248000,"e-Sub-Registrar IX, Kapashera, Delhi",MUT-2023-1045,"Matiala, Dwarka, Delhi",Yes,No,2025,Bad data - needs re-evaluation,Document index contains incomplete area information; source document review required.
REG-2025-0046,P046,CP-MAT-014,SRIX/2025/70046,Sale Deed,2025-03-21,Dev Mehta,Saanvi Bansal,MAT/114/B,,21911000,"e-Sub-Registrar IX, Kapashera, Delhi",MUT-2024-1046,"Matiala, Dwarka, Delhi",Yes,No,2025,Bad data - needs re-evaluation,Document index contains incomplete area information; source document review required.
REG-2025-0047,P047,CP-MAT-015,SRIX/2025/70047,Sale Deed,2025-08-05,Yash Batra,Aarav Mehta,MAT/115/B,,18830000,"e-Sub-Registrar IX, Kapashera, Delhi",MUT-2025-1047,"Matiala, Dwarka, Delhi",Yes,No,2025,Bad data - needs re-evaluation,Document index contains incomplete area information; source document review required.
REG-2025-0048,P048,CP-MAT-016,SRIX/2025/70048,Sale Deed,2025-01-16,Siya Malhotra,Avni Sharma,MAT/116/B,,16306000,"e-Sub-Registrar IX, Kapashera, Delhi",MUT-2020-1048,"Matiala, Dwarka, Delhi",Yes,No,2025,Bad data - needs re-evaluation,Document index contains incomplete area information; source document review required.
REG-2025-0049,P049,CP-MAT-017,SRIX/2025/70049,Sale Deed,2025-06-27,Kabir Saxena,Vihaan Bansal,MAT/117/C,278.6,20042000,"e-Sub-Registrar IX, Kapashera, Delhi",MUT-2021-1049,"Matiala, Dwarka, Delhi",Yes,Yes,2025,,Registration-source test record aligned to the parcel reference.
REG-2025-0050,P050,CP-MAT-018,SRIX/2025/70050,Sale Deed,2025-11-11,Aniket Gupta,Sara Wadhwa,MAT/118/C,388.7,20826000,"e-Sub-Registrar IX, Kapashera, Delhi",MUT-2022-1050,"Matiala, Dwarka, Delhi",Yes,Yes,2025,,Registration-source test record aligned to the parcel reference.
REG-2025-0051,P051,CP-MAT-019,SRIX/2025/70051,Sale Deed,2025-04-22,Raghav Gupta,Varun Sharma,MAT/119/C,276.5,15464000,"e-Sub-Registrar IX, Kapashera, Delhi",MUT-2023-1051,"Matiala, Dwarka, Delhi",Yes,Yes,2025,,Registration-source test record aligned to the parcel reference.
REG-2025-0052,P052,CP-MAT-020,SRIX/2025/70052,Sale Deed,2025-09-06,Sahil Kapoor,Sahil Mehta,MAT/120/C,292.9,20108000,"e-Sub-Registrar IX, Kapashera, Delhi",MUT-2024-1052,"Matiala, Dwarka, Delhi",Yes,Yes,2025,,Registration-source test record aligned to the parcel reference.
REG-2025-0053,P053,CP-MAT-021,SRIX/2025/70053,Sale Deed,2025-02-17,Rohan Dhingra,Neel Chawla,MAT/121/C,201.7,13310000,"e-Sub-Registrar IX, Kapashera, Delhi",MUT-2025-1053,"Matiala, Dwarka, Delhi",Yes,Yes,2025,,Registration-source test record aligned to the parcel reference.
REG-2025-0054,P054,CP-MAT-022,SRIX/2025/70054,Sale Deed,2025-07-01,Siya Gupta,Isha Mehta,MAT/122/C,251.8,14458000,"e-Sub-Registrar IX, Kapashera, Delhi",MUT-2020-1054,"Matiala, Dwarka, Delhi",Yes,Yes,2025,,Registration-source test record aligned to the parcel reference.
REG-2025-0055,P055,CP-MAT-023,SRIX/2025/70055,Sale Deed,2025-12-12,Anika Wadhwa,Aditya Sinha,MAT/123/C,280.0,19536000,"e-Sub-Registrar IX, Kapashera, Delhi",MUT-2021-1055,"Matiala, Dwarka, Delhi",Yes,Yes,2025,,Registration-source test record aligned to the parcel reference.
REG-2025-0056,P056,CP-MAT-024,SRIX/2025/70056,Sale Deed,2025-05-23,Dev Chawla,Meera Dhingra,MAT/124/C,286.0,19802000,"e-Sub-Registrar IX, Kapashera, Delhi",MUT-2022-1056,"Matiala, Dwarka, Delhi",Yes,Yes,2025,,Registration-source test record aligned to the parcel reference.
REG-2025-0057,P057,CP-MAT-025,SRIX/2025/70057,Sale Deed,2025-10-07,Pranav Kohli,Rohan Wadhwa,MAT/125/D,235.1,15049000,"e-Sub-Registrar IX, Kapashera, Delhi",MUT-2023-1057,"Matiala, Dwarka, Delhi",Yes,Yes,2025,,Registration-source test record aligned to the parcel reference.
REG-2025-0058,P058,CP-MAT-026,SRIX/2025/70058,Sale Deed,2025-03-18,Meera Sinha,Tanvi Khanna,MAT/126/D,342.7,25009000,"e-Sub-Registrar IX, Kapashera, Delhi",MUT-2024-1058,"Matiala, Dwarka, Delhi",Yes,Yes,2025,,Registration-source test record aligned to the parcel reference.
REG-2025-0059,P059,CP-MAT-027,SRIX/2025/70059,Sale Deed,2025-08-02,Shreya Arora,Isha Malhotra,MAT/127/D,384.3,23945000,"e-Sub-Registrar IX, Kapashera, Delhi",MUT-2025-1059,"Matiala, Dwarka, Delhi",Yes,Yes,2025,,Registration-source test record aligned to the parcel reference.
REG-2025-0060,P060,CP-MAT-028,SRIX/2025/70060,Sale Deed,2025-01-13,Aniket Sharma,Kavya Joshi,MAT/128/D,267.8,19928000,"e-Sub-Registrar IX, Kapashera, Delhi",MUT-2020-1060,"Matiala, Dwarka, Delhi",Yes,Yes,2025,,Registration-source test record aligned to the parcel reference.
REG-2025-0061,P061,CP-MAT-029,SRIX/2025/70061,Sale Deed,2025-06-24,Aisha Batra,Meera Kapoor,MAT/129/D,362.5,20261000,"e-Sub-Registrar IX, Kapashera, Delhi",MUT-2021-1061,"Matiala, Dwarka, Delhi",Yes,Yes,2025,,Registration-source test record aligned to the parcel reference.
REG-2025-0062,P062,CP-MAT-030,SRIX/2025/70062,Sale Deed,2025-11-08,Myra Nair,Dev Saxena,MAT/130/D,278.0,18379000,"e-Sub-Registrar IX, Kapashera, Delhi",MUT-2022-1062,"Matiala, Dwarka, Delhi",Yes,Yes,2025,,Registration-source test record aligned to the parcel reference.
REG-2025-0063,P063,CP-MAT-031,SRIX/2025/70063,Sale Deed,2025-04-19,Kavya Kohli,Neel Malhotra,MAT/131/D,252.5,17571000,"e-Sub-Registrar IX, Kapashera, Delhi",MUT-2023-1063,"Matiala, Dwarka, Delhi",Yes,Yes,2025,,Registration-source test record aligned to the parcel reference.
REG-2025-0064,P064,CP-MAT-032,SRIX/2025/70064,Sale Deed,2025-09-03,Varun Jain,Aniket Chawla,MAT/132/D,276.3,20275000,"e-Sub-Registrar IX, Kapashera, Delhi",MUT-2024-1064,"Matiala, Dwarka, Delhi",Yes,Yes,2025,,Registration-source test record aligned to the parcel reference.
REG-2025-0065,P065,CP-BIN-001,SRIX/2025/70065,Sale Deed,2025-02-14,Priya Verma,Mihir Khanna,BIN/101/A,243.2,13400000,"e-Sub-Registrar IX, Kapashera, Delhi",MUT-2025-1065,"Bindapur, Dwarka, Delhi",Yes,Yes,2025,Digitized but never field verified,Registration-source test record aligned to the parcel reference.
REG-2025-0066,P066,CP-BIN-002,SRIX/2025/70066,Sale Deed,2025-07-25,Myra Batra,Tanvi Kapoor,BIN/102/A,273.4,18194000,"e-Sub-Registrar IX, Kapashera, Delhi",MUT-2020-1066,"Bindapur, Dwarka, Delhi",Yes,Yes,2025,Digitized but never field verified,Registration-source test record aligned to the parcel reference.
REG-2025-0067,P067,CP-BIN-003,SRIX/2025/70067,Sale Deed,2025-12-09,Yash Kapoor,Kavya Chawla,BIN/103/A,292.6,21130000,"e-Sub-Registrar IX, Kapashera, Delhi",MUT-2021-1067,"Bindapur, Dwarka, Delhi",Yes,Yes,2025,Digitized but never field verified,Registration-source test record aligned to the parcel reference.
REG-2025-0068,P068,CP-BIN-004,SRIX/2025/70068,Sale Deed,2025-05-20,Nisha Khanna,Siya Sharma,BIN/104/A,244.3,16003000,"e-Sub-Registrar IX, Kapashera, Delhi",MUT-2022-1068,"Bindapur, Dwarka, Delhi",Yes,Yes,2025,Digitized but never field verified,Registration-source test record aligned to the parcel reference.
REG-2025-0069,P069,CP-BIN-005,SRIX/2025/70069,Sale Deed,2025-10-04,Naina Bansal,Myra Gupta,BIN/105/A,378.8,21490000,"e-Sub-Registrar IX, Kapashera, Delhi",MUT-2023-1069,"Bindapur, Dwarka, Delhi",Yes,Yes,2025,Parcel overlapping,Registration-source test record aligned to the parcel reference.
REG-2025-0070,P070,CP-BIN-006,SRIX/2025/70070,Sale Deed,2025-03-15,Meera Gupta,Siya Verma,BIN/106/A,368.4,26859000,"e-Sub-Registrar IX, Kapashera, Delhi",MUT-2024-1070,"Bindapur, Dwarka, Delhi",Yes,Yes,2025,Parcel overlapping,Registration-source test record aligned to the parcel reference.
REG-2025-0071,P071,CP-BIN-007,SRIX/2025/70071,Sale Deed,2025-08-26,Siddharth Jain,Yash Khanna,BIN/107/A,204.3,13785000,"e-Sub-Registrar IX, Kapashera, Delhi",MUT-2025-1071,"Bindapur, Dwarka, Delhi",Yes,Yes,2025,Parcel overlapping,Registration-source test record aligned to the parcel reference.
REG-2025-0072,P072,CP-BIN-008,SRIX/2025/70072,Sale Deed,2025-01-10,Ananya Jain,Sahil Arora,BIN/108/A,244.8,18542000,"e-Sub-Registrar IX, Kapashera, Delhi",MUT-2020-1072,"Bindapur, Dwarka, Delhi",Yes,Yes,2025,Parcel overlapping,Registration-source test record aligned to the parcel reference.
REG-2025-0073,P073,CP-BIN-009,SRIX/2025/70073,Sale Deed,2025-06-21,Aisha Bansal,Shreya Batra,BIN/109/B,213.1,15711000,"e-Sub-Registrar IX, Kapashera, Delhi",MUT-2021-1073,"Bindapur, Dwarka, Delhi",Yes,Yes,2025,Extra gap between adjacent parcels,Registration-source test record aligned to the parcel reference.
REG-2025-0074,P074,CP-BIN-010,SRIX/2025/70074,Sale Deed,2025-11-05,Kavya Wadhwa,Avni Kapoor,BIN/110/B,248.6,17436000,"e-Sub-Registrar IX, Kapashera, Delhi",MUT-2022-1074,"Bindapur, Dwarka, Delhi",Yes,Yes,2025,Extra gap between adjacent parcels,Registration-source test record aligned to the parcel reference.
REG-2025-0075,P075,CP-BIN-011,SRIX/2025/70075,Sale Deed,2025-04-16,Ananya Verma,Pranav Dhingra,BIN/111/B,388.0,24500000,"e-Sub-Registrar IX, Kapashera, Delhi",MUT-2023-1075,"Bindapur, Dwarka, Delhi",Yes,Yes,2025,Extra gap between adjacent parcels,Registration-source test record aligned to the parcel reference.
REG-2025-0076,P076,CP-BIN-012,SRIX/2025/70076,Sale Deed,2025-09-27,Priya Jain,Kabir Wadhwa,BIN/112/B,245.2,18910000,"e-Sub-Registrar IX, Kapashera, Delhi",MUT-2024-1076,"Bindapur, Dwarka, Delhi",Yes,Yes,2025,Extra gap between adjacent parcels,Registration-source test record aligned to the parcel reference.
REG-2025-0077,P077,CP-BIN-013,SRIX/2025/70077,Sale Deed,2025-02-11,Sahil Rao,Sara Mehta,BIN/113/B,368.9,26673000,"e-Sub-Registrar IX, Kapashera, Delhi",MUT-2025-1077,"Bindapur, Dwarka, Delhi",Yes,Yes,2025,Invalid topology / self-intersection,Registration-source test record aligned to the parcel reference.
REG-2025-0078,P078,CP-BIN-014,SRIX/2025/70078,Sale Deed,2025-07-22,Nikhil Khanna,Aditya Joshi,BIN/114/B,197.8,13689000,"e-Sub-Registrar IX, Kapashera, Delhi",MUT-2020-1078,"Bindapur, Dwarka, Delhi",Yes,Yes,2025,Invalid topology / self-intersection,Registration-source test record aligned to the parcel reference.
REG-2025-0079,P079,CP-BIN-015,SRIX/2025/70079,Sale Deed,2025-12-06,Isha Wadhwa,Kavya Bansal,BIN/115/B,207.6,14602000,"e-Sub-Registrar IX, Kapashera, Delhi",MUT-2021-1079,"Bindapur, Dwarka, Delhi",Yes,Yes,2025,Invalid topology / self-intersection,Registration-source test record aligned to the parcel reference.
REG-2025-0080,P080,CP-BIN-016,SRIX/2025/70080,Sale Deed,2025-05-17,Vihaan Kohli,Priya Mehta,BIN/116/B,360.6,20665000,"e-Sub-Registrar IX, Kapashera, Delhi",MUT-2022-1080,"Bindapur, Dwarka, Delhi",Yes,Yes,2025,Invalid topology / self-intersection,Registration-source test record aligned to the parcel reference.
REG-2025-0081,P081,CP-BIN-017,SRIX/2025/70081,Sale Deed,2025-10-01,Rhea Jain,Avni Dhingra,BIN/117/C,351.3,21832000,"e-Sub-Registrar IX, Kapashera, Delhi",MUT-2023-1081,"Bindapur, Dwarka, Delhi",Yes,Yes,2025,,Registration-source test record aligned to the parcel reference.
REG-2025-0082,P082,CP-BIN-018,SRIX/2025/70082,Sale Deed,2025-03-12,Pranav Arora,Saanvi Arora,BIN/118/C,376.0,21518000,"e-Sub-Registrar IX, Kapashera, Delhi",MUT-2024-1082,"Bindapur, Dwarka, Delhi",Yes,Yes,2025,,Registration-source test record aligned to the parcel reference.
REG-2025-0083,P083,CP-BIN-019,SRIX/2025/70083,Sale Deed,2025-08-23,Isha Gupta,Priya Nair,BIN/119/C,295.4,22623000,"e-Sub-Registrar IX, Kapashera, Delhi",MUT-2025-1083,"Bindapur, Dwarka, Delhi",Yes,Yes,2025,,Registration-source test record aligned to the parcel reference.
REG-2025-0084,P084,CP-BIN-020,SRIX/2025/70084,Sale Deed,2025-01-07,Arjun Rao,Diya Nair,BIN/120/C,381.7,25706000,"e-Sub-Registrar IX, Kapashera, Delhi",MUT-2020-1084,"Bindapur, Dwarka, Delhi",Yes,Yes,2025,,Registration-source test record aligned to the parcel reference.
REG-2025-0085,P085,CP-BIN-021,SRIX/2025/70085,Sale Deed,2025-06-18,Yash Rao,Kabir Kapoor,BIN/121/C,378.0,20187000,"e-Sub-Registrar IX, Kapashera, Delhi",MUT-2021-1085,"Bindapur, Dwarka, Delhi",Yes,Yes,2025,,Registration-source test record aligned to the parcel reference.
REG-2025-0086,P086,CP-BIN-022,SRIX/2025/70086,Sale Deed,2025-11-02,Sara Sharma,Rhea Kapoor,BIN/122/C,302.2,22473000,"e-Sub-Registrar IX, Kapashera, Delhi",MUT-2022-1086,"Bindapur, Dwarka, Delhi",Yes,Yes,2025,,Registration-source test record aligned to the parcel reference.
REG-2025-0087,P087,CP-BIN-023,SRIX/2025/70087,Sale Deed,2025-04-13,Meera Nair,Anika Bansal,BIN/123/C,384.6,22336000,"e-Sub-Registrar IX, Kapashera, Delhi",MUT-2023-1087,"Bindapur, Dwarka, Delhi",Yes,Yes,2025,,Registration-source test record aligned to the parcel reference.
REG-2025-0088,P088,CP-BIN-024,SRIX/2025/70088,Sale Deed,2025-09-24,Varun Kapoor,Kabir Arora,BIN/124/C,228.0,13897000,"e-Sub-Registrar IX, Kapashera, Delhi",MUT-2024-1088,"Bindapur, Dwarka, Delhi",Yes,Yes,2025,,Registration-source test record aligned to the parcel reference.
REG-2025-0089,P089,CP-BIN-025,SRIX/2025/70089,Sale Deed,2025-02-08,Mihir Gupta,Nisha Kapoor,BIN/125/D,191.2,14834000,"e-Sub-Registrar IX, Kapashera, Delhi",MUT-2025-1089,"Bindapur, Dwarka, Delhi",Yes,Yes,2025,,Registration-source test record aligned to the parcel reference.
REG-2025-0090,P090,CP-BIN-026,SRIX/2025/70090,Sale Deed,2025-07-19,Kavya Dhingra,Meera Wadhwa,BIN/126/D,276.5,17024000,"e-Sub-Registrar IX, Kapashera, Delhi",MUT-2020-1090,"Bindapur, Dwarka, Delhi",Yes,Yes,2025,,Registration-source test record aligned to the parcel reference.
REG-2025-0091,P091,CP-BIN-027,SRIX/2025/70091,Sale Deed,2025-12-03,Neel Gupta,Ishaan Khanna,BIN/127/D,253.4,15769000,"e-Sub-Registrar IX, Kapashera, Delhi",MUT-2021-1091,"Bindapur, Dwarka, Delhi",Yes,Yes,2025,,Registration-source test record aligned to the parcel reference.
REG-2025-0092,P092,CP-BIN-028,SRIX/2025/70092,Sale Deed,2025-05-14,Saanvi Dhingra,Aarav Batra,BIN/128/D,386.3,29148000,"e-Sub-Registrar IX, Kapashera, Delhi",MUT-2022-1092,"Bindapur, Dwarka, Delhi",Yes,Yes,2025,,Registration-source test record aligned to the parcel reference.
REG-2025-0093,P093,CP-BIN-029,SRIX/2025/70093,Sale Deed,2025-10-25,Mihir Malhotra,Mihir Sharma,BIN/129/D,315.6,21349000,"e-Sub-Registrar IX, Kapashera, Delhi",MUT-2023-1093,"Bindapur, Dwarka, Delhi",Yes,Yes,2025,,Registration-source test record aligned to the parcel reference.
REG-2025-0094,P094,CP-BIN-030,SRIX/2025/70094,Sale Deed,2025-03-09,Siddharth Mehta,Aditya Malhotra,BIN/130/D,228.7,16151000,"e-Sub-Registrar IX, Kapashera, Delhi",MUT-2024-1094,"Bindapur, Dwarka, Delhi",Yes,Yes,2025,,Registration-source test record aligned to the parcel reference.
REG-2025-0095,P095,CP-BIN-031,SRIX/2025/70095,Sale Deed,2025-08-20,Sara Saxena,Nisha Jain,BIN/131/D,331.7,25137000,"e-Sub-Registrar IX, Kapashera, Delhi",MUT-2025-1095,"Bindapur, Dwarka, Delhi",Yes,Yes,2025,,Registration-source test record aligned to the parcel reference.
REG-2025-0096,P096,CP-BIN-032,SRIX/2025/70096,Sale Deed,2025-01-04,Nisha Joshi,Nikhil Kohli,BIN/132/D,287.3,18968000,"e-Sub-Registrar IX, Kapashera, Delhi",MUT-2020-1096,"Bindapur, Dwarka, Delhi",Yes,Yes,2025,,Registration-source test record aligned to the parcel reference.
REG-2025-0097,P097,CP-DAB-001,SRIX/2025/70097,Sale Deed,2025-06-15,Nikhil Wadhwa,Arjun Mehta,DAB/101/A,220.8,14917000,"e-Sub-Registrar IX, Kapashera, Delhi",MUT-2021-1097,"Dabri, Dwarka, Delhi",Yes,Yes,2025,Legacy digitization errors,Registration-source test record aligned to the parcel reference.
REG-2025-0098,P098,CP-DAB-002,SRIX/2025/70098,Sale Deed,2025-11-26,Ishaan Gupta,Akash Saxena,DAB/102/A,292.5,20173000,"e-Sub-Registrar IX, Kapashera, Delhi",MUT-2022-1098,"Dabri, Dwarka, Delhi",Yes,Yes,2025,Legacy digitization errors,Registration-source test record aligned to the parcel reference.
REG-2025-0099,P099,CP-DAB-003,SRIX/2025/70099,Sale Deed,2025-04-10,Shaurya Joshi,Priya Batra,DAB/103/A,228.1,12446000,"e-Sub-Registrar IX, Kapashera, Delhi",MUT-2023-1099,"Dabri, Dwarka, Delhi",Yes,Yes,2025,Legacy digitization errors,Registration-source test record aligned to the parcel reference.
REG-2025-0100,P100,CP-DAB-004,SRIX/2025/70100,Sale Deed,2025-09-21,Aniket Saxena,Nisha Gupta,DAB/104/A,198.4,11030000,"e-Sub-Registrar IX, Kapashera, Delhi",MUT-2024-1100,"Dabri, Dwarka, Delhi",Yes,Yes,2025,Legacy digitization errors,Registration-source test record aligned to the parcel reference.
REG-2025-0101,P101,CP-DAB-005,SRIX/2025/70101,Sale Deed,2025-02-05,Naina Kohli,Rohan Nair,DAB/105/A,228.9,17619000,"e-Sub-Registrar IX, Kapashera, Delhi",MUT-PENDING-101,"Dabri, Dwarka, Delhi",Yes,Yes,2025,Mutation / registration history mismatch,Registration contains a newer transfer that has no matching current revenue mutation reference.
REG-2025-0102,P102,CP-DAB-006,SRIX/2025/70102,Sale Deed,2025-07-16,Arjun Dhingra,Myra Chawla,DAB/106/A,266.7,17905000,"e-Sub-Registrar IX, Kapashera, Delhi",MUT-PENDING-102,"Dabri, Dwarka, Delhi",Yes,Yes,2025,Mutation / registration history mismatch,Registration contains a newer transfer that has no matching current revenue mutation reference.
REG-2025-0103,P103,CP-DAB-007,SRIX/2025/70103,Sale Deed,2025-12-27,Raghav Joshi,Mihir Joshi,DAB/107/A,228.3,14886000,"e-Sub-Registrar IX, Kapashera, Delhi",MUT-PENDING-103,"Dabri, Dwarka, Delhi",Yes,Yes,2025,Mutation / registration history mismatch,Registration contains a newer transfer that has no matching current revenue mutation reference.
REG-2025-0104,P104,CP-DAB-008,SRIX/2025/70104,Sale Deed,2025-05-11,Raghav Nair,Isha Rao,DAB/108/A,280.1,17548000,"e-Sub-Registrar IX, Kapashera, Delhi",MUT-PENDING-104,"Dabri, Dwarka, Delhi",Yes,Yes,2025,Mutation / registration history mismatch,Registration contains a newer transfer that has no matching current revenue mutation reference.
REG-2025-0105,P105,CP-DAB-009,SRIX/2025/70105,Sale Deed,2025-10-22,Shaurya Kohli,Arjun Batra,DAB/109/B,214.8,15312000,"e-Sub-Registrar IX, Kapashera, Delhi",MUT-2023-1105,"Dabri, Dwarka, Delhi",Yes,Yes,2025,Survey status mismatch,Registration-source test record aligned to the parcel reference.
REG-2025-0106,P106,CP-DAB-010,SRIX/2025/70106,Sale Deed,2025-03-06,Sara Khanna,Aisha Wadhwa,DAB/110/B,323.7,22190000,"e-Sub-Registrar IX, Kapashera, Delhi",MUT-2024-1106,"Dabri, Dwarka, Delhi",Yes,Yes,2025,Survey status mismatch,Registration-source test record aligned to the parcel reference.
REG-2025-0107,P107,CP-DAB-011,SRIX/2025/70107,Sale Deed,2025-08-17,Aniket Nair,Aarav Malhotra,DAB/111/B,205.6,15662000,"e-Sub-Registrar IX, Kapashera, Delhi",MUT-2025-1107,"Dabri, Dwarka, Delhi",Yes,Yes,2025,Survey status mismatch,Registration-source test record aligned to the parcel reference.
REG-2025-0108,P108,CP-DAB-012,SRIX/2025/70108,Sale Deed,2025-01-01,Kavya Gupta,Raghav Sharma,DAB/112/B,232.4,17432000,"e-Sub-Registrar IX, Kapashera, Delhi",MUT-2020-1108,"Dabri, Dwarka, Delhi",Yes,Yes,2025,Survey status mismatch,Registration-source test record aligned to the parcel reference.
REG-2025-0109,P109,CP-DAB-013,SRIX/2025/70109,Sale Deed,2025-06-12,Vihaan Arora,Aarav Rao,DAB/113/B,385.6,30040000,"e-Sub-Registrar IX, Kapashera, Delhi",MUT-2021-1109,"Dabri, Dwarka, Delhi",Yes,Yes,2025,Planning / land-use mismatch,Registration-source test record aligned to the parcel reference.
REG-2025-0110,P110,CP-DAB-014,SRIX/2025/70110,Sale Deed,2025-11-23,Ishaan Sharma,Kabir Malhotra,DAB/114/B,320.1,24621000,"e-Sub-Registrar IX, Kapashera, Delhi",MUT-2022-1110,"Dabri, Dwarka, Delhi",Yes,Yes,2025,Planning / land-use mismatch,Registration-source test record aligned to the parcel reference.
REG-2025-0111,P111,CP-DAB-015,SRIX/2025/70111,Sale Deed,2025-04-07,Myra Jain,Varun Joshi,DAB/115/B,344.5,26370000,"e-Sub-Registrar IX, Kapashera, Delhi",MUT-2023-1111,"Dabri, Dwarka, Delhi",Yes,Yes,2025,Planning / land-use mismatch,Registration-source test record aligned to the parcel reference.
REG-2025-0112,P112,CP-DAB-016,SRIX/2025/70112,Sale Deed,2025-09-18,Kavya Mehta,Kunal Sharma,DAB/116/B,249.4,13151000,"e-Sub-Registrar IX, Kapashera, Delhi",MUT-2024-1112,"Dabri, Dwarka, Delhi",Yes,Yes,2025,Planning / land-use mismatch,Registration-source test record aligned to the parcel reference.
REG-2025-0113,P113,CP-DAB-017,SRIX/2025/70113,Sale Deed,2025-02-02,Raghav Jain,Nikhil Kapoor,DAB/117/C,347.0,23094000,"e-Sub-Registrar IX, Kapashera, Delhi",MUT-2025-1113,"Dabri, Dwarka, Delhi",Yes,Yes,2025,,Registration-source test record aligned to the parcel reference.
REG-2025-0114,P114,CP-DAB-018,SRIX/2025/70114,Sale Deed,2025-07-13,Shaurya Kapoor,Sara Rao,DAB/118/C,324.1,23511000,"e-Sub-Registrar IX, Kapashera, Delhi",MUT-2020-1114,"Dabri, Dwarka, Delhi",Yes,Yes,2025,,Registration-source test record aligned to the parcel reference.
REG-2025-0115,P115,CP-DAB-019,SRIX/2025/70115,Sale Deed,2025-12-24,Shreya Rao,Priya Gupta,DAB/119/C,273.1,14673000,"e-Sub-Registrar IX, Kapashera, Delhi",MUT-2021-1115,"Dabri, Dwarka, Delhi",Yes,Yes,2025,,Registration-source test record aligned to the parcel reference.
REG-2025-0116,P116,CP-DAB-020,SRIX/2025/70116,Sale Deed,2025-05-08,Siya Joshi,Priya Kohli,DAB/120/C,378.3,24477000,"e-Sub-Registrar IX, Kapashera, Delhi",MUT-2022-1116,"Dabri, Dwarka, Delhi",Yes,Yes,2025,,Registration-source test record aligned to the parcel reference.
REG-2025-0117,P117,CP-DAB-021,SRIX/2025/70117,Sale Deed,2025-10-19,Siya Chawla,Priya Sharma,DAB/121/C,302.6,17997000,"e-Sub-Registrar IX, Kapashera, Delhi",MUT-2023-1117,"Dabri, Dwarka, Delhi",Yes,Yes,2025,,Registration-source test record aligned to the parcel reference.
REG-2025-0118,P118,CP-DAB-022,SRIX/2025/70118,Sale Deed,2025-03-03,Siddharth Khanna,Aditi Wadhwa,DAB/122/C,354.7,26827000,"e-Sub-Registrar IX, Kapashera, Delhi",MUT-2024-1118,"Dabri, Dwarka, Delhi",Yes,Yes,2025,,Registration-source test record aligned to the parcel reference.
REG-2025-0119,P119,CP-DAB-023,SRIX/2025/70119,Sale Deed,2025-08-14,Pranav Gupta,Arjun Nair,DAB/123/C,386.7,23283000,"e-Sub-Registrar IX, Kapashera, Delhi",MUT-2025-1119,"Dabri, Dwarka, Delhi",Yes,Yes,2025,,Registration-source test record aligned to the parcel reference.
REG-2025-0120,P120,CP-DAB-024,SRIX/2025/70120,Sale Deed,2025-01-25,Varun Saxena,Siya Arora,DAB/124/C,322.8,24871000,"e-Sub-Registrar IX, Kapashera, Delhi",MUT-2020-1120,"Dabri, Dwarka, Delhi",Yes,Yes,2025,,Registration-source test record aligned to the parcel reference.
REG-2025-0121,P121,CP-DAB-025,SRIX/2025/70121,Sale Deed,2025-06-09,Kavya Batra,Vihaan Kapoor,DAB/125/D,307.6,23232000,"e-Sub-Registrar IX, Kapashera, Delhi",MUT-2021-1121,"Dabri, Dwarka, Delhi",Yes,Yes,2025,,Registration-source test record aligned to the parcel reference.
REG-2025-0122,P122,CP-DAB-026,SRIX/2025/70122,Sale Deed,2025-11-20,Akash Verma,Pranav Batra,DAB/126/D,381.4,20246000,"e-Sub-Registrar IX, Kapashera, Delhi",MUT-2022-1122,"Dabri, Dwarka, Delhi",Yes,Yes,2025,,Registration-source test record aligned to the parcel reference.
REG-2025-0123,P123,CP-DAB-027,SRIX/2025/70123,Sale Deed,2025-04-04,Raghav Malhotra,Rohan Saxena,DAB/127/D,309.7,19575000,"e-Sub-Registrar IX, Kapashera, Delhi",MUT-2023-1123,"Dabri, Dwarka, Delhi",Yes,Yes,2025,,Registration-source test record aligned to the parcel reference.
REG-2025-0124,P124,CP-DAB-028,SRIX/2025/70124,Sale Deed,2025-09-15,Akash Wadhwa,Kavya Nair,DAB/128/D,201.4,14930000,"e-Sub-Registrar IX, Kapashera, Delhi",MUT-2024-1124,"Dabri, Dwarka, Delhi",Yes,Yes,2025,,Registration-source test record aligned to the parcel reference.
REG-2025-0125,P125,CP-DAB-029,SRIX/2025/70125,Sale Deed,2025-02-26,Ishaan Malhotra,Rohan Kohli,DAB/129/D,256.0,17616000,"e-Sub-Registrar IX, Kapashera, Delhi",MUT-2025-1125,"Dabri, Dwarka, Delhi",Yes,Yes,2025,,Registration-source test record aligned to the parcel reference.
REG-2025-0126,P126,CP-DAB-030,SRIX/2025/70126,Sale Deed,2025-07-10,Rhea Arora,Myra Dhingra,DAB/130/D,240.3,18599000,"e-Sub-Registrar IX, Kapashera, Delhi",MUT-2020-1126,"Dabri, Dwarka, Delhi",Yes,Yes,2025,,Registration-source test record aligned to the parcel reference.
REG-2025-0127,P127,CP-DAB-031,SRIX/2025/70127,Sale Deed,2025-12-21,Dev Malhotra,Shreya Dhingra,DAB/131/D,192.9,13298000,"e-Sub-Registrar IX, Kapashera, Delhi",MUT-2021-1127,"Dabri, Dwarka, Delhi",Yes,Yes,2025,,Registration-source test record aligned to the parcel reference.
REG-2025-0128,P128,CP-DAB-032,SRIX/2025/70128,Sale Deed,2025-05-05,Rhea Khanna,Vihaan Malhotra,DAB/132/D,274.6,19541000,"e-Sub-Registrar IX, Kapashera, Delhi",MUT-2022-1128,"Dabri, Dwarka, Delhi",Yes,Yes,2025,,Registration-source test record aligned to the parcel reference.
