survey_record_id,parcel_id,canonical_id,survey_no,parcel_label,recorded_person,person_role,measured_area_sqm,centroid_x_native,centroid_y_native,coordinate_system,native_geometry_wkt,display_geometry_wkt_epsg4326,survey_date,survey_method,positional_accuracy_m,field_verified,topology_status,data_quality,primary_conflict_type,notes
SUR-2025-0001,P001,CP-KAK-001,KAK/101/A,KAK Block-A Parcel-01,Ananya Dhingra,Owner_Name,304.1,77.0313957,28.6196884,EPSG:4326,"POLYGON((77.0313189 28.6195967, 77.0314724 28.6195967, 77.0314724 28.6197800, 77.0313189 28.6197800, 77.0313189 28.6195967))","POLYGON((77.0313189 28.6195967, 77.0314724 28.6195967, 77.0314724 28.6197800, 77.0313189 28.6197800, 77.0313189 28.6195967))",2025-08-14,Total Station + GNSS,0.33,Yes,VALID,Good,Parcel name mismatch,Field survey geometry aligned to the canonical parcel.
SUR-2025-0002,P002,CP-KAK-002,KAK/102/A,KAK Block-A Parcel-02,Aditi Jain,Owner_Name,373.5,77.0318255,28.6196884,EPSG:4326,"POLYGON((77.0317539 28.6195677, 77.0318971 28.6195677, 77.0318971 28.6198090, 77.0317539 28.6198090, 77.0317539 28.6195677))","POLYGON((77.0317539 28.6195677, 77.0318971 28.6195677, 77.0318971 28.6198090, 77.0317539 28.6198090, 77.0317539 28.6195677))",2025-03-27,Total Station + GNSS,0.31,Yes,VALID,Good,Parcel name mismatch,Field survey geometry aligned to the canonical parcel.
SUR-2025-0003,P003,CP-KAK-003,KAK/103/A,KAK Block-A Parcel-03,Aarav Sharma,Owner_Name,288.5,77.0322553,28.6196884,EPSG:4326,"POLYGON((77.0321785 28.6196014, 77.0323320 28.6196014, 77.0323320 28.6197753, 77.0321785 28.6197753, 77.0321785 28.6196014))","POLYGON((77.0321785 28.6196014, 77.0323320 28.6196014, 77.0323320 28.6197753, 77.0321785 28.6197753, 77.0321785 28.6196014))",2025-10-13,Total Station + GNSS,0.61,Yes,VALID,Good,Parcel name mismatch,Field survey geometry aligned to the canonical parcel.
SUR-2025-0004,P004,CP-KAK-004,KAK/104/A,KAK Block-A Parcel-04,Dev Kapoor,Owner_Name,380.1,77.0326851,28.6196884,EPSG:4326,"POLYGON((77.0326032 28.6195809, 77.0327670 28.6195809, 77.0327670 28.6197958, 77.0326032 28.6197958, 77.0326032 28.6195809))","POLYGON((77.0326032 28.6195809, 77.0327670 28.6195809, 77.0327670 28.6197958, 77.0326032 28.6197958, 77.0326032 28.6195809))",2025-05-26,Total Station + GNSS,0.41,Yes,VALID,Good,Parcel name mismatch,Field survey geometry aligned to the canonical parcel.
SUR-2025-0005,P005,CP-KAK-005,KAK/105/A,Kakrola Parcel-05,Yash Jain,Owner_Name,352.4,77.0331149,28.6196884,EPSG:4326,"POLYGON((77.0330228 28.6195998, 77.0332070 28.6195998, 77.0332070 28.6197769, 77.0330228 28.6197769, 77.0330228 28.6195998))","POLYGON((77.0330228 28.6195998, 77.0332070 28.6195998, 77.0332070 28.6197769, 77.0330228 28.6197769, 77.0330228 28.6195998))",2025-12-12,Total Station + GNSS,0.64,Yes,VALID,Good,Owner mismatch,Field survey geometry aligned to the canonical parcel.
SUR-2025-0006,P006,CP-KAK-006,KAK/106/A,Kakrola Parcel-06,Saanvi Gupta,Owner_Name,298.0,77.0335447,28.6196884,EPSG:4326,"POLYGON((77.0334680 28.6195985, 77.0336215 28.6195985, 77.0336215 28.6197782, 77.0334680 28.6197782, 77.0334680 28.6195985))","POLYGON((77.0334680 28.6195985, 77.0336215 28.6195985, 77.0336215 28.6197782, 77.0334680 28.6197782, 77.0334680 28.6195985))",2025-07-25,Total Station + GNSS,0.5,Yes,VALID,Good,Owner mismatch,Field survey geometry aligned to the canonical parcel.
SUR-2025-0007,P007,CP-KAK-007,KAK/107/A,Kakrola Parcel-07,Mihir Kapoor,Owner_Name,284.6,77.0339745,28.6196884,EPSG:4326,"POLYGON((77.0338978 28.6196026, 77.0340513 28.6196026, 77.0340513 28.6197742, 77.0338978 28.6197742, 77.0338978 28.6196026))","POLYGON((77.0338978 28.6196026, 77.0340513 28.6196026, 77.0340513 28.6197742, 77.0338978 28.6197742, 77.0338978 28.6196026))",2025-02-11,Total Station + GNSS,0.51,Yes,VALID,Good,Owner mismatch,Field survey geometry aligned to the canonical parcel.
SUR-2025-0008,P008,CP-KAK-008,KAK/108/A,Kakrola Parcel-08,Anika Kapoor,Owner_Name,221.6,77.0344043,28.6196884,EPSG:4326,"POLYGON((77.0343276 28.6196216, 77.0344811 28.6196216, 77.0344811 28.6197552, 77.0343276 28.6197552, 77.0343276 28.6196216))","POLYGON((77.0343276 28.6196216, 77.0344811 28.6196216, 77.0344811 28.6197552, 77.0343276 28.6197552, 77.0343276 28.6196216))",2025-09-24,Total Station + GNSS,0.31,Yes,VALID,Good,Owner mismatch,Field survey geometry aligned to the canonical parcel.
SUR-2025-0009,P009,CP-KAK-009,KAK/109/B,Kakrola Parcel-09,Isha Joshi,Owner_Name,275.9,77.0313241,28.6193266,EPSG:4326,"POLYGON((77.0312473 28.6192438, 77.0314008 28.6192438, 77.0314008 28.6194094, 77.0312473 28.6194094, 77.0312473 28.6192438))","POLYGON((77.0312473 28.6192438, 77.0314008 28.6192438, 77.0314008 28.6194094, 77.0312473 28.6194094, 77.0312473 28.6192438))",2025-04-10,Total Station + GNSS,0.61,Yes,GEOMETRY_MISMATCH,Good,Geometry mismatch,Survey polygon is displaced relative to the canonical geometry beyond tolerance.
SUR-2025-0010,P010,CP-KAK-010,KAK/110/B,Kakrola Parcel-10,Aditya Gupta,Owner_Name,379.1,77.0317539,28.6193944,EPSG:4326,"POLYGON((77.0316618 28.6193010, 77.0318460 28.6193010, 77.0318460 28.6194879, 77.0316618 28.6194879, 77.0316618 28.6193010))","POLYGON((77.0316618 28.6193010, 77.0318460 28.6193010, 77.0318460 28.6194879, 77.0316618 28.6194879, 77.0316618 28.6193010))",2025-11-23,Total Station + GNSS,0.39,Yes,GEOMETRY_MISMATCH,Good,Geometry mismatch,Survey polygon is displaced relative to the canonical geometry beyond tolerance.
SUR-2025-0011,P011,CP-KAK-011,KAK/111/B,Kakrola Parcel-11,Neel Kapoor,Owner_Name,239.3,77.0321837,28.6193266,EPSG:4326,"POLYGON((77.0321069 28.6192550, 77.0322604 28.6192550, 77.0322604 28.6193982, 77.0321069 28.6193982, 77.0321069 28.6192550))","POLYGON((77.0321069 28.6192550, 77.0322604 28.6192550, 77.0322604 28.6193982, 77.0321069 28.6193982, 77.0321069 28.6192550))",2025-06-09,Total Station + GNSS,0.38,Yes,GEOMETRY_MISMATCH,Good,Geometry mismatch,Survey polygon is displaced relative to the canonical geometry beyond tolerance.
SUR-2025-0012,P012,CP-KAK-012,KAK/112/B,Kakrola Parcel-12,Ishaan Kapoor,Owner_Name,295.3,77.0327516,28.6193944,EPSG:4326,"POLYGON((77.0326595 28.6193200, 77.0328437 28.6193200, 77.0328437 28.6194688, 77.0326595 28.6194688, 77.0326595 28.6193200))","POLYGON((77.0326595 28.6193200, 77.0328437 28.6193200, 77.0328437 28.6194688, 77.0326595 28.6194688, 77.0326595 28.6193200))",2025-01-22,Total Station + GNSS,0.61,Yes,GEOMETRY_MISMATCH,Good,Geometry mismatch,Survey polygon is displaced relative to the canonical geometry beyond tolerance.
SUR-2025-0013,P013,CP-KAK-013,KAK/113/B,Kakrola Parcel-13,Varun Nair,Owner_Name,316.7,77.0331149,28.6193628,EPSG:4326,"POLYGON((77.0330382 28.6192484, 77.0331917 28.6192484, 77.0331917 28.6194772, 77.0330382 28.6194772, 77.0330382 28.6192484))","POLYGON((77.0330382 28.6192484, 77.0331917 28.6192484, 77.0331917 28.6194772, 77.0330382 28.6194772, 77.0330382 28.6192484))",2025-08-08,Total Station + GNSS,0.28,Yes,VALID,Good,Area mismatch,Measured area differs from revenue area beyond configured tolerance.
SUR-2025-0014,P014,CP-KAK-014,KAK/114/B,Kakrola Parcel-14,Shaurya Rao,Owner_Name,211.8,77.0335447,28.6193628,EPSG:4326,"POLYGON((77.0334731 28.6192845, 77.0336163 28.6192845, 77.0336163 28.6194411, 77.0334731 28.6194411, 77.0334731 28.6192845))","POLYGON((77.0334731 28.6192845, 77.0336163 28.6192845, 77.0336163 28.6194411, 77.0334731 28.6194411, 77.0334731 28.6192845))",2025-03-21,Total Station + GNSS,0.45,Yes,VALID,Good,Area mismatch,Measured area differs from revenue area beyond configured tolerance.
SUR-2025-0015,P015,CP-KAK-015,KAK/115/B,Kakrola Parcel-15,Shreya Sharma,Owner_Name,223.2,77.0339745,28.6193628,EPSG:4326,"POLYGON((77.0338926 28.6192908, 77.0340564 28.6192908, 77.0340564 28.6194348, 77.0338926 28.6194348, 77.0338926 28.6192908))","POLYGON((77.0338926 28.6192908, 77.0340564 28.6192908, 77.0340564 28.6194348, 77.0338926 28.6194348, 77.0338926 28.6192908))",2025-10-07,Total Station + GNSS,0.51,Yes,VALID,Good,Area mismatch,Measured area differs from revenue area beyond configured tolerance.
SUR-2025-0016,P016,CP-KAK-016,KAK/116/B,Kakrola Parcel-16,Saanvi Sinha,Owner_Name,234.8,77.0344043,28.6193628,EPSG:4326,"POLYGON((77.0343224 28.6192865, 77.0344862 28.6192865, 77.0344862 28.6194391, 77.0343224 28.6194391, 77.0343224 28.6192865))","POLYGON((77.0343224 28.6192865, 77.0344862 28.6192865, 77.0344862 28.6194391, 77.0343224 28.6194391, 77.0343224 28.6192865))",2025-05-20,Total Station + GNSS,0.43,Yes,VALID,Good,Area mismatch,Measured area differs from revenue area beyond configured tolerance.
SUR-2025-0017,P017,CP-KAK-017,KAK/117/C,Kakrola Parcel-17,Rhea Malhotra,Owner_Name,269.4,77.0313957,28.6190372,EPSG:4326,"POLYGON((77.0313036 28.6189695, 77.0314878 28.6189695, 77.0314878 28.6191049, 77.0313036 28.6191049, 77.0313036 28.6189695))","POLYGON((77.0313036 28.6189695, 77.0314878 28.6189695, 77.0314878 28.6191049, 77.0313036 28.6191049, 77.0313036 28.6189695))",2025-12-06,Total Station + GNSS,0.51,Yes,VALID,Good,Parcel merging,Field survey geometry aligned to the canonical parcel.
SUR-2025-0018,P018,CP-KAK-018,KAK/118/C,Kakrola Parcel-18,Ishaan Arora,Owner_Name,377.2,77.0318255,28.6190372,EPSG:4326,"POLYGON((77.0317436 28.6189306, 77.0319074 28.6189306, 77.0319074 28.6191438, 77.0317436 28.6191438, 77.0317436 28.6189306))","POLYGON((77.0317436 28.6189306, 77.0319074 28.6189306, 77.0319074 28.6191438, 77.0317436 28.6191438, 77.0317436 28.6189306))",2025-07-19,Total Station + GNSS,0.33,Yes,VALID,Good,Parcel merging,Field survey geometry aligned to the canonical parcel.
SUR-2025-0019,P019,CP-KAK-019,KAK/119/C,Kakrola Parcel-19,Aniket Malhotra,Owner_Name,356.8,77.0322553,28.6190372,EPSG:4326,"POLYGON((77.0321785 28.6189297, 77.0323320 28.6189297, 77.0323320 28.6191448, 77.0321785 28.6191448, 77.0321785 28.6189297))","POLYGON((77.0321785 28.6189297, 77.0323320 28.6189297, 77.0323320 28.6191448, 77.0321785 28.6191448, 77.0321785 28.6189297))",2025-02-05,Total Station + GNSS,0.57,Yes,VALID,Good,Parcel merging,Field survey geometry aligned to the canonical parcel.
SUR-2025-0020,P020,CP-KAK-020,KAK/120/C,Kakrola Parcel-20,Nisha Batra,Owner_Name,303.5,77.0326851,28.6190372,EPSG:4326,"POLYGON((77.0326032 28.6189514, 77.0327670 28.6189514, 77.0327670 28.6191230, 77.0326032 28.6191230, 77.0326032 28.6189514))","POLYGON((77.0326032 28.6189514, 77.0327670 28.6189514, 77.0327670 28.6191230, 77.0326032 28.6191230, 77.0326032 28.6189514))",2025-09-18,Total Station + GNSS,0.49,Yes,VALID,Good,Parcel merging,Field survey geometry aligned to the canonical parcel.
SUR-2025-0021,P021,CP-KAK-021,KAK/121/C,Kakrola Parcel-21,Neel Jain,Owner_Name,219.7,77.0331149,28.6190372,EPSG:4326,"POLYGON((77.0330433 28.6189663, 77.0331865 28.6189663, 77.0331865 28.6191082, 77.0330433 28.6191082, 77.0330433 28.6189663))","POLYGON((77.0330433 28.6189663, 77.0331865 28.6189663, 77.0331865 28.6191082, 77.0330433 28.6191082, 77.0330433 28.6189663))",2025-04-04,Total Station + GNSS,0.3,Yes,VALID,Good,,Field survey geometry aligned to the canonical parcel.
SUR-2025-0022,P022,CP-KAK-022,KAK/122/C,Kakrola Parcel-22,Kunal Nair,Owner_Name,242.9,77.0335447,28.6190372,EPSG:4326,"POLYGON((77.0334526 28.6189762, 77.0336368 28.6189762, 77.0336368 28.6190982, 77.0334526 28.6190982, 77.0334526 28.6189762))","POLYGON((77.0334526 28.6189762, 77.0336368 28.6189762, 77.0336368 28.6190982, 77.0334526 28.6190982, 77.0334526 28.6189762))",2025-11-17,Total Station + GNSS,0.37,Yes,VALID,Good,,Field survey geometry aligned to the canonical parcel.
SUR-2025-0023,P023,CP-KAK-023,KAK/123/C,Kakrola Parcel-23,Dev Jain,Owner_Name,204.5,77.0339745,28.6190372,EPSG:4326,"POLYGON((77.0338978 28.6189756, 77.0340513 28.6189756, 77.0340513 28.6190989, 77.0338978 28.6190989, 77.0338978 28.6189756))","POLYGON((77.0338978 28.6189756, 77.0340513 28.6189756, 77.0340513 28.6190989, 77.0338978 28.6190989, 77.0338978 28.6189756))",2025-06-03,Total Station + GNSS,0.56,Yes,VALID,Good,,Field survey geometry aligned to the canonical parcel.
SUR-2025-0024,P024,CP-KAK-024,KAK/124/C,Kakrola Parcel-24,Pranav Khanna,Owner_Name,299.6,77.0344043,28.6190372,EPSG:4326,"POLYGON((77.0343224 28.6189525, 77.0344862 28.6189525, 77.0344862 28.6191219, 77.0343224 28.6191219, 77.0343224 28.6189525))","POLYGON((77.0343224 28.6189525, 77.0344862 28.6189525, 77.0344862 28.6191219, 77.0343224 28.6191219, 77.0343224 28.6189525))",2025-01-16,Total Station + GNSS,0.65,Yes,VALID,Good,,Field survey geometry aligned to the canonical parcel.
SUR-2025-0025,P025,CP-KAK-025,KAK/125/D,Kakrola Parcel-25,Ananya Arora,Owner_Name,353.8,77.0313957,28.6187116,EPSG:4326,"POLYGON((77.0313138 28.6186116, 77.0314776 28.6186116, 77.0314776 28.6188116, 77.0313138 28.6188116, 77.0313138 28.6186116))","POLYGON((77.0313138 28.6186116, 77.0314776 28.6186116, 77.0314776 28.6188116, 77.0313138 28.6188116, 77.0313138 28.6186116))",2025-08-02,Total Station + GNSS,0.29,Yes,VALID,Good,,Field survey geometry aligned to the canonical parcel.
SUR-2025-0026,P026,CP-KAK-026,KAK/126/D,Kakrola Parcel-26,Kavya Malhotra,Owner_Name,245.6,77.0318255,28.6187116,EPSG:4326,"POLYGON((77.0317436 28.6186422, 77.0319074 28.6186422, 77.0319074 28.6187810, 77.0317436 28.6187810, 77.0317436 28.6186422))","POLYGON((77.0317436 28.6186422, 77.0319074 28.6186422, 77.0319074 28.6187810, 77.0317436 28.6187810, 77.0317436 28.6186422))",2025-03-15,Total Station + GNSS,0.55,Yes,VALID,Good,,Field survey geometry aligned to the canonical parcel.
SUR-2025-0027,P027,CP-KAK-027,KAK/127/D,Kakrola Parcel-27,Aisha Rao,Owner_Name,207.2,77.0322553,28.6187116,EPSG:4326,"POLYGON((77.0321734 28.6186531, 77.0323372 28.6186531, 77.0323372 28.6187702, 77.0321734 28.6187702, 77.0321734 28.6186531))","POLYGON((77.0321734 28.6186531, 77.0323372 28.6186531, 77.0323372 28.6187702, 77.0321734 28.6187702, 77.0321734 28.6186531))",2025-10-01,Total Station + GNSS,0.33,Yes,VALID,Good,,Field survey geometry aligned to the canonical parcel.
SUR-2025-0028,P028,CP-KAK-028,KAK/128/D,Kakrola Parcel-28,Avni Verma,Owner_Name,335.7,77.0326851,28.6187116,EPSG:4326,"POLYGON((77.0326083 28.6186104, 77.0327618 28.6186104, 77.0327618 28.6188128, 77.0326083 28.6188128, 77.0326083 28.6186104))","POLYGON((77.0326083 28.6186104, 77.0327618 28.6186104, 77.0327618 28.6188128, 77.0326083 28.6188128, 77.0326083 28.6186104))",2025-05-14,Total Station + GNSS,0.57,Yes,VALID,Good,,Field survey geometry aligned to the canonical parcel.
SUR-2025-0029,P029,CP-KAK-029,KAK/129/D,Kakrola Parcel-29,Aarav Arora,Owner_Name,290.2,77.0331149,28.6187116,EPSG:4326,"POLYGON((77.0330228 28.6186387, 77.0332070 28.6186387, 77.0332070 28.6187845, 77.0330228 28.6187845, 77.0330228 28.6186387))","POLYGON((77.0330228 28.6186387, 77.0332070 28.6186387, 77.0332070 28.6187845, 77.0330228 28.6187845, 77.0330228 28.6186387))",2025-12-27,Total Station + GNSS,0.33,Yes,VALID,Good,,Field survey geometry aligned to the canonical parcel.
SUR-2025-0030,P030,CP-KAK-030,KAK/130/D,Kakrola Parcel-30,Myra Wadhwa,Owner_Name,229.3,77.0335447,28.6187116,EPSG:4326,"POLYGON((77.0334680 28.6186425, 77.0336215 28.6186425, 77.0336215 28.6187808, 77.0334680 28.6187808, 77.0334680 28.6186425))","POLYGON((77.0334680 28.6186425, 77.0336215 28.6186425, 77.0336215 28.6187808, 77.0334680 28.6187808, 77.0334680 28.6186425))",2025-07-13,Total Station + GNSS,0.33,Yes,VALID,Good,,Field survey geometry aligned to the canonical parcel.
SUR-2025-0031,P031,CP-KAK-031,KAK/131/D,Kakrola Parcel-31,Avni Mehta,Owner_Name,327.6,77.0339745,28.6187116,EPSG:4326,"POLYGON((77.0339029 28.6186058, 77.0340461 28.6186058, 77.0340461 28.6188175, 77.0339029 28.6188175, 77.0339029 28.6186058))","POLYGON((77.0339029 28.6186058, 77.0340461 28.6186058, 77.0340461 28.6188175, 77.0339029 28.6188175, 77.0339029 28.6186058))",2025-02-26,Total Station + GNSS,0.62,Yes,VALID,Good,,Field survey geometry aligned to the canonical parcel.
SUR-2025-0032,P032,CP-KAK-032,KAK/132/D,Kakrola Parcel-32,Aniket Wadhwa,Owner_Name,238.5,77.0344043,28.6187116,EPSG:4326,"POLYGON((77.0343122 28.6186517, 77.0344964 28.6186517, 77.0344964 28.6187716, 77.0343122 28.6187716, 77.0343122 28.6186517))","POLYGON((77.0343122 28.6186517, 77.0344964 28.6186517, 77.0344964 28.6187716, 77.0343122 28.6187716, 77.0343122 28.6186517))",2025-09-12,Total Station + GNSS,0.42,Yes,VALID,Good,,Field survey geometry aligned to the canonical parcel.
SUR-2025-0033,P033,CP-MAT-001,MAT/101/A,Matiala Parcel-01,Aditya Chawla,Owner_Name,353.0,77.0462959,28.6042884,EPSG:4326,"POLYGON((77.0462192 28.6041819, 77.0463726 28.6041819, 77.0463726 28.6043948, 77.0462192 28.6043948, 77.0462192 28.6041819))","POLYGON((77.0462192 28.6041819, 77.0463726 28.6041819, 77.0463726 28.6043948, 77.0462192 28.6043948, 77.0462192 28.6041819))",2025-04-25,Total Station + GNSS,0.46,Yes,VALID,Good,Parcel splitting,Field survey geometry aligned to the canonical parcel.
SUR-2025-0034,P034,CP-MAT-002,MAT/102/A,Matiala Parcel-02,Naina Sharma,Owner_Name,379.1,77.0467257,28.6042884,EPSG:4326,"POLYGON((77.0466489 28.6041741, 77.0468024 28.6041741, 77.0468024 28.6044026, 77.0466489 28.6044026, 77.0466489 28.6041741))","POLYGON((77.0466489 28.6041741, 77.0468024 28.6041741, 77.0468024 28.6044026, 77.0466489 28.6044026, 77.0466489 28.6041741))",2025-11-11,Total Station + GNSS,0.63,Yes,VALID,Good,Parcel splitting,Field survey geometry aligned to the canonical parcel.
SUR-2025-0035,P035,CP-MAT-003,MAT/103/A,Matiala Parcel-03,Siddharth Batra,Owner_Name,340.5,77.0471554,28.6042884,EPSG:4326,"POLYGON((77.0470838 28.6041784, 77.0472270 28.6041784, 77.0472270 28.6043983, 77.0470838 28.6043983, 77.0470838 28.6041784))","POLYGON((77.0470838 28.6041784, 77.0472270 28.6041784, 77.0472270 28.6043983, 77.0470838 28.6043983, 77.0470838 28.6041784))",2025-06-24,Total Station + GNSS,0.5,Yes,VALID,Good,Parcel splitting,Field survey geometry aligned to the canonical parcel.
SUR-2025-0036,P036,CP-MAT-004,MAT/104/A,Matiala Parcel-04,Ananya Chawla,Owner_Name,260.8,77.0475851,28.6042884,EPSG:4326,"POLYGON((77.0474930 28.6042228, 77.0476772 28.6042228, 77.0476772 28.6043539, 77.0474930 28.6043539, 77.0474930 28.6042228))","POLYGON((77.0474930 28.6042228, 77.0476772 28.6042228, 77.0476772 28.6043539, 77.0474930 28.6043539, 77.0474930 28.6042228))",2025-01-10,Total Station + GNSS,0.34,Yes,VALID,Good,Parcel splitting,Field survey geometry aligned to the canonical parcel.
SUR-2025-0037,P037,CP-MAT-005,MAT/105/A,Matiala Parcel-05,Aarav Dhingra,Occupant_Name,264.9,77.0480149,28.6042884,EPSG:4326,"POLYGON((77.0479381 28.6042085, 77.0480916 28.6042085, 77.0480916 28.6043682, 77.0479381 28.6043682, 77.0479381 28.6042085))","POLYGON((77.0479381 28.6042085, 77.0480916 28.6042085, 77.0480916 28.6043682, 77.0479381 28.6043682, 77.0479381 28.6042085))",2025-08-23,Total Station + GNSS,0.52,Yes,VALID,Good,Different addressing / field semantics,Same person appears under an occupant field rather than an ownership field.
SUR-2025-0038,P038,CP-MAT-006,MAT/106/A,Matiala Parcel-06,Akash Batra,Occupant_Name,191.2,77.0484446,28.6042884,EPSG:4326,"POLYGON((77.0483730 28.6042266, 77.0485162 28.6042266, 77.0485162 28.6043501, 77.0483730 28.6043501, 77.0483730 28.6042266))","POLYGON((77.0483730 28.6042266, 77.0485162 28.6042266, 77.0485162 28.6043501, 77.0483730 28.6043501, 77.0483730 28.6042266))",2025-03-09,Total Station + GNSS,0.49,Yes,VALID,Good,Different addressing / field semantics,Same person appears under an occupant field rather than an ownership field.
SUR-2025-0039,P039,CP-MAT-007,MAT/107/A,Matiala Parcel-07,Rhea Sharma,Occupant_Name,273.6,77.0488743,28.6042884,EPSG:4326,"POLYGON((77.0487925 28.6042110, 77.0489562 28.6042110, 77.0489562 28.6043657, 77.0487925 28.6043657, 77.0487925 28.6042110))","POLYGON((77.0487925 28.6042110, 77.0489562 28.6042110, 77.0489562 28.6043657, 77.0487925 28.6043657, 77.0487925 28.6042110))",2025-10-22,Total Station + GNSS,0.3,Yes,VALID,Good,Different addressing / field semantics,Same person appears under an occupant field rather than an ownership field.
SUR-2025-0040,P040,CP-MAT-008,MAT/108/A,Matiala Parcel-08,Kunal Kohli,Occupant_Name,328.7,77.0493041,28.6042884,EPSG:4326,"POLYGON((77.0492222 28.6041955, 77.0493859 28.6041955, 77.0493859 28.6043813, 77.0492222 28.6043813, 77.0492222 28.6041955))","POLYGON((77.0492222 28.6041955, 77.0493859 28.6041955, 77.0493859 28.6043813, 77.0492222 28.6043813, 77.0492222 28.6041955))",2025-05-08,Total Station + GNSS,0.5,Yes,VALID,Good,Different addressing / field semantics,Same person appears under an occupant field rather than an ownership field.
SUR-2025-0041,P041,CP-MAT-009,MAT/109/B,Matiala Parcel-09,Kabir Dhingra,Owner_Name,303.9,700087.253,3165820.436,EPSG:32643,"POLYGON((700080.43 3165809.44, 700094.44 3165809.68, 700094.07 3165831.43, 700080.06 3165831.19, 700080.43 3165809.44))","POLYGON((77.0462243 28.6038646, 77.0463675 28.6038646, 77.0463675 28.6040609, 77.0462243 28.6040609, 77.0462243 28.6038646))",2025-12-21,Total Station + GNSS,0.49,Yes,VALID,Good,Different coordinate systems,Native survey geometry is stored in UTM Zone 43N; EPSG:4326 display geometry is provided for comparison.
SUR-2025-0042,P042,CP-MAT-010,MAT/110/B,Matiala Parcel-10,Avni Gupta,Owner_Name,366.1,700129.283,3165821.155,EPSG:32643,"POLYGON((700122.50 3165807.93, 700136.51 3165808.17, 700136.06 3165834.38, 700122.05 3165834.14, 700122.50 3165807.93))","POLYGON((77.0466540 28.6038445, 77.0467973 28.6038445, 77.0467973 28.6040810, 77.0466540 28.6040810, 77.0466540 28.6038445))",2025-07-07,Total Station + GNSS,0.61,Yes,VALID,Good,Different coordinate systems,Native survey geometry is stored in UTM Zone 43N; EPSG:4326 display geometry is provided for comparison.
SUR-2025-0043,P043,CP-MAT-011,MAT/111/B,Matiala Parcel-11,Ananya Khanna,Owner_Name,309.0,700171.313,3165821.874,EPSG:32643,"POLYGON((700164.50 3165810.69, 700178.51 3165810.93, 700178.13 3165833.05, 700164.12 3165832.81, 700164.50 3165810.69))","POLYGON((77.0470838 28.6038630, 77.0472270 28.6038630, 77.0472270 28.6040626, 77.0470838 28.6040626, 77.0470838 28.6038630))",2025-02-20,Total Station + GNSS,0.42,Yes,VALID,Good,Different coordinate systems,Native survey geometry is stored in UTM Zone 43N; EPSG:4326 display geometry is provided for comparison.
SUR-2025-0044,P044,CP-MAT-012,MAT/112/B,Matiala Parcel-12,Isha Bansal,Owner_Name,211.1,700213.343,3165822.593,EPSG:32643,"POLYGON((700206.47 3165814.92, 700220.48 3165815.16, 700220.22 3165830.27, 700206.21 3165830.03, 700206.47 3165814.92))","POLYGON((77.0475135 28.6038946, 77.0476568 28.6038946, 77.0476568 28.6040310, 77.0475135 28.6040310, 77.0475135 28.6038946))",2025-09-06,Total Station + GNSS,0.53,Yes,VALID,Good,Different coordinate systems,Native survey geometry is stored in UTM Zone 43N; EPSG:4326 display geometry is provided for comparison.
SUR-2025-0045,P045,CP-MAT-013,MAT/113/B,Matiala Parcel-13,Ananya Malhotra,Owner_Name,460.9,77.0480149,28.6039628,EPSG:4326,"POLYGON((77.0479228 28.6038931, 77.0481070 28.6038931, 77.0481070 28.6040324, 77.0479228 28.6040324, 77.0479228 28.6038931))","POLYGON((77.0479228 28.6038931, 77.0481070 28.6038931, 77.0481070 28.6040324, 77.0479228 28.6040324, 77.0479228 28.6038931))",2025-04-19,Total Station + GNSS,0.33,No,SUSPECT,Poor,Bad data - needs re-evaluation,Measurement is an outlier and is not field-verified.
SUR-2025-0046,P046,CP-MAT-014,MAT/114/B,Matiala Parcel-14,Saanvi Bansal,Owner_Name,437.9,77.0484446,28.6039628,EPSG:4326,"POLYGON((77.0483730 28.6038699, 77.0485162 28.6038699, 77.0485162 28.6040557, 77.0483730 28.6040557, 77.0483730 28.6038699))","POLYGON((77.0483730 28.6038699, 77.0485162 28.6038699, 77.0485162 28.6040557, 77.0483730 28.6040557, 77.0483730 28.6038699))",2025-11-05,Total Station + GNSS,0.55,No,SUSPECT,Poor,Bad data - needs re-evaluation,Measurement is an outlier and is not field-verified.
SUR-2025-0047,P047,CP-MAT-015,MAT/115/B,Matiala Parcel-15,Aarav Mehta,Owner_Name,452.4,77.0488743,28.6039628,EPSG:4326,"POLYGON((77.0487976 28.6038824, 77.0489511 28.6038824, 77.0489511 28.6040431, 77.0487976 28.6040431, 77.0487976 28.6038824))","POLYGON((77.0487976 28.6038824, 77.0489511 28.6038824, 77.0489511 28.6040431, 77.0487976 28.6040431, 77.0487976 28.6038824))",2025-06-18,Total Station + GNSS,0.31,No,SUSPECT,Poor,Bad data - needs re-evaluation,Measurement is an outlier and is not field-verified.
SUR-2025-0048,P048,CP-MAT-016,MAT/116/B,Matiala Parcel-16,Avni Sharma,Owner_Name,519.6,77.0493041,28.6039628,EPSG:4326,"POLYGON((77.0492325 28.6038660, 77.0493757 28.6038660, 77.0493757 28.6040596, 77.0492325 28.6040596, 77.0492325 28.6038660))","POLYGON((77.0492325 28.6038660, 77.0493757 28.6038660, 77.0493757 28.6040596, 77.0492325 28.6040596, 77.0492325 28.6038660))",2025-01-04,Total Station + GNSS,0.53,No,SUSPECT,Poor,Bad data - needs re-evaluation,Measurement is an outlier and is not field-verified.
SUR-2025-0049,P049,CP-MAT-017,MAT/117/C,Matiala Parcel-17,Vihaan Bansal,Owner_Name,278.6,77.0462959,28.6036372,EPSG:4326,"POLYGON((77.0462141 28.6035585, 77.0463778 28.6035585, 77.0463778 28.6037159, 77.0462141 28.6037159, 77.0462141 28.6035585))","POLYGON((77.0462141 28.6035585, 77.0463778 28.6035585, 77.0463778 28.6037159, 77.0462141 28.6037159, 77.0462141 28.6035585))",2025-08-17,Total Station + GNSS,0.47,Yes,VALID,Good,,Field survey geometry aligned to the canonical parcel.
SUR-2025-0050,P050,CP-MAT-018,MAT/118/C,Matiala Parcel-18,Sara Wadhwa,Owner_Name,388.7,77.0467257,28.6036372,EPSG:4326,"POLYGON((77.0466438 28.6035274, 77.0468075 28.6035274, 77.0468075 28.6037471, 77.0466438 28.6037471, 77.0466438 28.6035274))","POLYGON((77.0466438 28.6035274, 77.0468075 28.6035274, 77.0468075 28.6037471, 77.0466438 28.6037471, 77.0466438 28.6035274))",2025-03-03,Total Station + GNSS,0.53,Yes,VALID,Good,,Field survey geometry aligned to the canonical parcel.
SUR-2025-0051,P051,CP-MAT-019,MAT/119/C,Matiala Parcel-19,Varun Sharma,Owner_Name,276.5,77.0471554,28.6036372,EPSG:4326,"POLYGON((77.0470787 28.6035539, 77.0472321 28.6035539, 77.0472321 28.6037206, 77.0470787 28.6037206, 77.0470787 28.6035539))","POLYGON((77.0470787 28.6035539, 77.0472321 28.6035539, 77.0472321 28.6037206, 77.0470787 28.6037206, 77.0470787 28.6035539))",2025-10-16,Total Station + GNSS,0.56,Yes,VALID,Good,,Field survey geometry aligned to the canonical parcel.
SUR-2025-0052,P052,CP-MAT-020,MAT/120/C,Matiala Parcel-20,Sahil Mehta,Owner_Name,292.9,77.0475851,28.6036372,EPSG:4326,"POLYGON((77.0475084 28.6035489, 77.0476619 28.6035489, 77.0476619 28.6037255, 77.0475084 28.6037255, 77.0475084 28.6035489))","POLYGON((77.0475084 28.6035489, 77.0476619 28.6035489, 77.0476619 28.6037255, 77.0475084 28.6037255, 77.0475084 28.6035489))",2025-05-02,Total Station + GNSS,0.29,Yes,VALID,Good,,Field survey geometry aligned to the canonical parcel.
SUR-2025-0053,P053,CP-MAT-021,MAT/121/C,Matiala Parcel-21,Neel Chawla,Owner_Name,201.7,77.0480149,28.6036372,EPSG:4326,"POLYGON((77.0479432 28.6035721, 77.0480865 28.6035721, 77.0480865 28.6037024, 77.0479432 28.6037024, 77.0479432 28.6035721))","POLYGON((77.0479432 28.6035721, 77.0480865 28.6035721, 77.0480865 28.6037024, 77.0479432 28.6037024, 77.0479432 28.6035721))",2025-12-15,Total Station + GNSS,0.58,Yes,VALID,Good,,Field survey geometry aligned to the canonical parcel.
SUR-2025-0054,P054,CP-MAT-022,MAT/122/C,Matiala Parcel-22,Isha Mehta,Owner_Name,251.8,77.0484446,28.6036372,EPSG:4326,"POLYGON((77.0483525 28.6035740, 77.0485367 28.6035740, 77.0485367 28.6037005, 77.0483525 28.6037005, 77.0483525 28.6035740))","POLYGON((77.0483525 28.6035740, 77.0485367 28.6035740, 77.0485367 28.6037005, 77.0483525 28.6037005, 77.0483525 28.6035740))",2025-07-01,Total Station + GNSS,0.32,Yes,VALID,Good,,Field survey geometry aligned to the canonical parcel.
SUR-2025-0055,P055,CP-MAT-023,MAT/123/C,Matiala Parcel-23,Aditya Sinha,Owner_Name,280.0,77.0488743,28.6036372,EPSG:4326,"POLYGON((77.0487823 28.6035669, 77.0489664 28.6035669, 77.0489664 28.6037076, 77.0487823 28.6037076, 77.0487823 28.6035669))","POLYGON((77.0487823 28.6035669, 77.0489664 28.6035669, 77.0489664 28.6037076, 77.0487823 28.6037076, 77.0487823 28.6035669))",2025-02-14,Total Station + GNSS,0.64,Yes,VALID,Good,,Field survey geometry aligned to the canonical parcel.
SUR-2025-0056,P056,CP-MAT-024,MAT/124/C,Matiala Parcel-24,Meera Dhingra,Owner_Name,286.0,77.0493041,28.6036372,EPSG:4326,"POLYGON((77.0492274 28.6035510, 77.0493808 28.6035510, 77.0493808 28.6037234, 77.0492274 28.6037234, 77.0492274 28.6035510))","POLYGON((77.0492274 28.6035510, 77.0493808 28.6035510, 77.0493808 28.6037234, 77.0492274 28.6037234, 77.0492274 28.6035510))",2025-09-27,Total Station + GNSS,0.58,Yes,VALID,Good,,Field survey geometry aligned to the canonical parcel.
SUR-2025-0057,P057,CP-MAT-025,MAT/125/D,Matiala Parcel-25,Rohan Wadhwa,Owner_Name,235.1,77.0462959,28.6033116,EPSG:4326,"POLYGON((77.0462141 28.6032452, 77.0463778 28.6032452, 77.0463778 28.6033781, 77.0462141 28.6033781, 77.0462141 28.6032452))","POLYGON((77.0462141 28.6032452, 77.0463778 28.6032452, 77.0463778 28.6033781, 77.0462141 28.6033781, 77.0462141 28.6032452))",2025-04-13,Total Station + GNSS,0.58,Yes,VALID,Good,,Field survey geometry aligned to the canonical parcel.
SUR-2025-0058,P058,CP-MAT-026,MAT/126/D,Matiala Parcel-26,Tanvi Khanna,Owner_Name,342.7,77.0467257,28.6033116,EPSG:4326,"POLYGON((77.0466438 28.6032148, 77.0468075 28.6032148, 77.0468075 28.6034085, 77.0466438 28.6034085, 77.0466438 28.6032148))","POLYGON((77.0466438 28.6032148, 77.0468075 28.6032148, 77.0468075 28.6034085, 77.0466438 28.6034085, 77.0466438 28.6032148))",2025-11-26,Total Station + GNSS,0.27,Yes,VALID,Good,,Field survey geometry aligned to the canonical parcel.
SUR-2025-0059,P059,CP-MAT-027,MAT/127/D,Matiala Parcel-27,Isha Malhotra,Owner_Name,384.3,77.0471554,28.6033116,EPSG:4326,"POLYGON((77.0470838 28.6031875, 77.0472270 28.6031875, 77.0472270 28.6034358, 77.0470838 28.6034358, 77.0470838 28.6031875))","POLYGON((77.0470838 28.6031875, 77.0472270 28.6031875, 77.0472270 28.6034358, 77.0470838 28.6034358, 77.0470838 28.6031875))",2025-06-12,Total Station + GNSS,0.32,Yes,VALID,Good,,Field survey geometry aligned to the canonical parcel.
SUR-2025-0060,P060,CP-MAT-028,MAT/128/D,Matiala Parcel-28,Kavya Joshi,Owner_Name,267.8,77.0475851,28.6033116,EPSG:4326,"POLYGON((77.0475084 28.6032309, 77.0476619 28.6032309, 77.0476619 28.6033924, 77.0475084 28.6033924, 77.0475084 28.6032309))","POLYGON((77.0475084 28.6032309, 77.0476619 28.6032309, 77.0476619 28.6033924, 77.0475084 28.6033924, 77.0475084 28.6032309))",2025-01-25,Total Station + GNSS,0.29,Yes,VALID,Good,,Field survey geometry aligned to the canonical parcel.
SUR-2025-0061,P061,CP-MAT-029,MAT/129/D,Matiala Parcel-29,Meera Kapoor,Owner_Name,362.5,77.0480149,28.6033116,EPSG:4326,"POLYGON((77.0479381 28.6032024, 77.0480916 28.6032024, 77.0480916 28.6034209, 77.0479381 28.6034209, 77.0479381 28.6032024))","POLYGON((77.0479381 28.6032024, 77.0480916 28.6032024, 77.0480916 28.6034209, 77.0479381 28.6034209, 77.0479381 28.6032024))",2025-08-11,Total Station + GNSS,0.56,Yes,VALID,Good,,Field survey geometry aligned to the canonical parcel.
SUR-2025-0062,P062,CP-MAT-030,MAT/130/D,Matiala Parcel-30,Dev Saxena,Owner_Name,278.0,77.0484446,28.6033116,EPSG:4326,"POLYGON((77.0483730 28.6032218, 77.0485162 28.6032218, 77.0485162 28.6034014, 77.0483730 28.6034014, 77.0483730 28.6032218))","POLYGON((77.0483730 28.6032218, 77.0485162 28.6032218, 77.0485162 28.6034014, 77.0483730 28.6034014, 77.0483730 28.6032218))",2025-03-24,Total Station + GNSS,0.49,Yes,VALID,Good,,Field survey geometry aligned to the canonical parcel.
SUR-2025-0063,P063,CP-MAT-031,MAT/131/D,Matiala Parcel-31,Neel Malhotra,Owner_Name,252.5,77.0488743,28.6033116,EPSG:4326,"POLYGON((77.0487823 28.6032482, 77.0489664 28.6032482, 77.0489664 28.6033751, 77.0487823 28.6033751, 77.0487823 28.6032482))","POLYGON((77.0487823 28.6032482, 77.0489664 28.6032482, 77.0489664 28.6033751, 77.0487823 28.6033751, 77.0487823 28.6032482))",2025-10-10,Total Station + GNSS,0.41,Yes,VALID,Good,,Field survey geometry aligned to the canonical parcel.
SUR-2025-0064,P064,CP-MAT-032,MAT/132/D,Matiala Parcel-32,Aniket Chawla,Owner_Name,276.3,77.0493041,28.6033116,EPSG:4326,"POLYGON((77.0492222 28.6032336, 77.0493859 28.6032336, 77.0493859 28.6033897, 77.0492222 28.6033897, 77.0492222 28.6032336))","POLYGON((77.0492222 28.6032336, 77.0493859 28.6032336, 77.0493859 28.6033897, 77.0492222 28.6033897, 77.0492222 28.6032336))",2025-05-23,Total Station + GNSS,0.62,Yes,VALID,Good,,Field survey geometry aligned to the canonical parcel.
SUR-2025-0065,P065,CP-BIN-001,BIN/101/A,Bindapur Parcel-01,Mihir Khanna,Owner_Name,243.2,77.0660958,28.6140884,EPSG:4326,"POLYGON((77.0660139 28.6140196, 77.0661776 28.6140196, 77.0661776 28.6141571, 77.0660139 28.6141571, 77.0660139 28.6140196))","POLYGON((77.0660139 28.6140196, 77.0661776 28.6140196, 77.0661776 28.6141571, 77.0660139 28.6141571, 77.0660139 28.6140196))",2025-12-09,Digitized cadastral sheet,4.5,No,VALID,Low,Digitized but never field verified,Digitized geometry exists without field verification.
SUR-2025-0066,P066,CP-BIN-002,BIN/102/A,Bindapur Parcel-02,Tanvi Kapoor,Owner_Name,273.4,77.0665255,28.6140884,EPSG:4326,"POLYGON((77.0664335 28.6140197, 77.0666176 28.6140197, 77.0666176 28.6141570, 77.0664335 28.6141570, 77.0664335 28.6140197))","POLYGON((77.0664335 28.6140197, 77.0666176 28.6140197, 77.0666176 28.6141570, 77.0664335 28.6141570, 77.0664335 28.6140197))",2025-07-22,Digitized cadastral sheet,4.5,No,VALID,Low,Digitized but never field verified,Digitized geometry exists without field verification.
SUR-2025-0067,P067,CP-BIN-003,BIN/103/A,Bindapur Parcel-03,Kavya Chawla,Owner_Name,292.6,77.0669553,28.6140884,EPSG:4326,"POLYGON((77.0668632 28.6140149, 77.0670474 28.6140149, 77.0670474 28.6141619, 77.0668632 28.6141619, 77.0668632 28.6140149))","POLYGON((77.0668632 28.6140149, 77.0670474 28.6140149, 77.0670474 28.6141619, 77.0668632 28.6141619, 77.0668632 28.6140149))",2025-02-08,Digitized cadastral sheet,4.5,No,VALID,Low,Digitized but never field verified,Digitized geometry exists without field verification.
SUR-2025-0068,P068,CP-BIN-004,BIN/104/A,Bindapur Parcel-04,Siya Sharma,Owner_Name,244.3,77.0673851,28.6140884,EPSG:4326,"POLYGON((77.0673084 28.6140147, 77.0674619 28.6140147, 77.0674619 28.6141620, 77.0673084 28.6141620, 77.0673084 28.6140147))","POLYGON((77.0673084 28.6140147, 77.0674619 28.6140147, 77.0674619 28.6141620, 77.0673084 28.6141620, 77.0673084 28.6140147))",2025-09-21,Digitized cadastral sheet,4.5,No,VALID,Low,Digitized but never field verified,Digitized geometry exists without field verification.
SUR-2025-0069,P069,CP-BIN-005,BIN/105/A,Bindapur Parcel-05,Myra Gupta,Owner_Name,378.8,77.0679582,28.6140884,EPSG:4326,"POLYGON((77.0678650 28.6139623, 77.0680513 28.6139623, 77.0680513 28.6142144, 77.0678650 28.6142144, 77.0678650 28.6139623))","POLYGON((77.0678650 28.6139623, 77.0680513 28.6139623, 77.0680513 28.6142144, 77.0678650 28.6142144, 77.0678650 28.6139623))",2025-04-07,Total Station + GNSS,0.26,Yes,OVERLAP_CONFLICT,Good,Parcel overlapping,Survey geometry overlaps the paired adjacent parcel; canonical base geometries remain separate.
SUR-2025-0070,P070,CP-BIN-006,BIN/106/A,Bindapur Parcel-06,Siya Verma,Owner_Name,368.4,77.0681014,28.6140884,EPSG:4326,"POLYGON((77.0680016 28.6139740, 77.0682012 28.6139740, 77.0682012 28.6142027, 77.0680016 28.6142027, 77.0680016 28.6139740))","POLYGON((77.0680016 28.6139740, 77.0682012 28.6139740, 77.0682012 28.6142027, 77.0680016 28.6142027, 77.0680016 28.6139740))",2025-11-20,Total Station + GNSS,0.26,Yes,OVERLAP_CONFLICT,Good,Parcel overlapping,Survey geometry overlaps the paired adjacent parcel; canonical base geometries remain separate.
SUR-2025-0071,P071,CP-BIN-007,BIN/107/A,Bindapur Parcel-07,Yash Khanna,Owner_Name,204.3,77.0688177,28.6140884,EPSG:4326,"POLYGON((77.0687246 28.6140204, 77.0689108 28.6140204, 77.0689108 28.6141563, 77.0687246 28.6141563, 77.0687246 28.6140204))","POLYGON((77.0687246 28.6140204, 77.0689108 28.6140204, 77.0689108 28.6141563, 77.0687246 28.6141563, 77.0687246 28.6140204))",2025-06-06,Total Station + GNSS,0.49,Yes,OVERLAP_CONFLICT,Good,Parcel overlapping,Survey geometry overlaps the paired adjacent parcel; canonical base geometries remain separate.
SUR-2025-0072,P072,CP-BIN-008,BIN/108/A,Bindapur Parcel-08,Sahil Arora,Owner_Name,244.8,77.068961,28.6140884,EPSG:4326,"POLYGON((77.0688612 28.6140124, 77.0690607 28.6140124, 77.0690607 28.6141644, 77.0688612 28.6141644, 77.0688612 28.6140124))","POLYGON((77.0688612 28.6140124, 77.0690607 28.6140124, 77.0690607 28.6141644, 77.0688612 28.6141644, 77.0688612 28.6140124))",2025-01-19,Total Station + GNSS,0.58,Yes,OVERLAP_CONFLICT,Good,Parcel overlapping,Survey geometry overlaps the paired adjacent parcel; canonical base geometries remain separate.
SUR-2025-0073,P073,CP-BIN-009,BIN/109/B,Bindapur Parcel-09,Shreya Batra,Owner_Name,213.1,77.0660395,28.6137628,EPSG:4326,"POLYGON((77.0659765 28.6136940, 77.0661025 28.6136940, 77.0661025 28.6138316, 77.0659765 28.6138316, 77.0659765 28.6136940))","POLYGON((77.0659765 28.6136940, 77.0661025 28.6136940, 77.0661025 28.6138316, 77.0659765 28.6138316, 77.0659765 28.6136940))",2025-08-05,Total Station + GNSS,0.39,Yes,GAP_CONFLICT,Good,Extra gap between adjacent parcels,2025 survey redigitization creates an unexplained gap versus prior near-contiguous boundaries.
SUR-2025-0074,P074,CP-BIN-010,BIN/110/B,Bindapur Parcel-10,Avni Kapoor,Owner_Name,248.6,77.0665818,28.6137628,EPSG:4326,"POLYGON((77.0665008 28.6137003, 77.0666629 28.6137003, 77.0666629 28.6138252, 77.0665008 28.6138252, 77.0665008 28.6137003))","POLYGON((77.0665008 28.6137003, 77.0666629 28.6137003, 77.0666629 28.6138252, 77.0665008 28.6138252, 77.0665008 28.6137003))",2025-03-18,Total Station + GNSS,0.47,Yes,GAP_CONFLICT,Good,Extra gap between adjacent parcels,2025 survey redigitization creates an unexplained gap versus prior near-contiguous boundaries.
SUR-2025-0075,P075,CP-BIN-011,BIN/111/B,Bindapur Parcel-11,Pranav Dhingra,Owner_Name,388.0,77.066899,28.6137628,EPSG:4326,"POLYGON((77.0668270 28.6136531, 77.0669711 28.6136531, 77.0669711 28.6138724, 77.0668270 28.6138724, 77.0668270 28.6136531))","POLYGON((77.0668270 28.6136531, 77.0669711 28.6136531, 77.0669711 28.6138724, 77.0668270 28.6138724, 77.0668270 28.6136531))",2025-10-04,Total Station + GNSS,0.65,Yes,GAP_CONFLICT,Good,Extra gap between adjacent parcels,2025 survey redigitization creates an unexplained gap versus prior near-contiguous boundaries.
SUR-2025-0076,P076,CP-BIN-012,BIN/112/B,Bindapur Parcel-12,Kabir Wadhwa,Owner_Name,245.2,77.0674414,28.6137628,EPSG:4326,"POLYGON((77.0673739 28.6136889, 77.0675089 28.6136889, 77.0675089 28.6138367, 77.0673739 28.6138367, 77.0673739 28.6136889))","POLYGON((77.0673739 28.6136889, 77.0675089 28.6136889, 77.0675089 28.6138367, 77.0673739 28.6138367, 77.0673739 28.6136889))",2025-05-17,Total Station + GNSS,0.36,Yes,GAP_CONFLICT,Good,Extra gap between adjacent parcels,2025 survey redigitization creates an unexplained gap versus prior near-contiguous boundaries.
SUR-2025-0077,P077,CP-BIN-013,BIN/113/B,Bindapur Parcel-13,Sara Mehta,Owner_Name,368.9,77.0678149,28.6137628,EPSG:4326,"POLYGON((77.0677433 28.6136436, 77.0678865 28.6138819, 77.0677433 28.6138819, 77.0678865 28.6136436, 77.0677433 28.6136436))","POLYGON((77.0677433 28.6136436, 77.0678865 28.6138819, 77.0677433 28.6138819, 77.0678865 28.6136436, 77.0677433 28.6136436))",2025-12-03,Total Station + GNSS,0.35,Yes,INVALID_SELF_INTERSECTION,Poor,Invalid topology / self-intersection,Survey polygon self-intersects and is topologically invalid; geometry must be repaired or resurveyed.
SUR-2025-0078,P078,CP-BIN-014,BIN/114/B,Bindapur Parcel-14,Aditya Joshi,Owner_Name,197.8,77.0682447,28.6137628,EPSG:4326,"POLYGON((77.0681679 28.6137032, 77.0683214 28.6138224, 77.0681679 28.6138224, 77.0683214 28.6137032, 77.0681679 28.6137032))","POLYGON((77.0681679 28.6137032, 77.0683214 28.6138224, 77.0681679 28.6138224, 77.0683214 28.6137032, 77.0681679 28.6137032))",2025-07-16,Total Station + GNSS,0.3,Yes,INVALID_SELF_INTERSECTION,Poor,Invalid topology / self-intersection,Survey polygon self-intersects and is topologically invalid; geometry must be repaired or resurveyed.
SUR-2025-0079,P079,CP-BIN-015,BIN/115/B,Bindapur Parcel-15,Kavya Bansal,Owner_Name,207.6,77.0686745,28.6137628,EPSG:4326,"POLYGON((77.0685926 28.6137041, 77.0687563 28.6138215, 77.0685926 28.6138215, 77.0687563 28.6137041, 77.0685926 28.6137041))","POLYGON((77.0685926 28.6137041, 77.0687563 28.6138215, 77.0685926 28.6138215, 77.0687563 28.6137041, 77.0685926 28.6137041))",2025-02-02,Total Station + GNSS,0.61,Yes,INVALID_SELF_INTERSECTION,Poor,Invalid topology / self-intersection,Survey polygon self-intersects and is topologically invalid; geometry must be repaired or resurveyed.
SUR-2025-0080,P080,CP-BIN-016,BIN/116/B,Bindapur Parcel-16,Priya Mehta,Owner_Name,360.6,77.0691042,28.6137628,EPSG:4326,"POLYGON((77.0690275 28.6136541, 77.0691810 28.6138715, 77.0690275 28.6138715, 77.0691810 28.6136541, 77.0690275 28.6136541))","POLYGON((77.0690275 28.6136541, 77.0691810 28.6138715, 77.0690275 28.6138715, 77.0691810 28.6136541, 77.0690275 28.6136541))",2025-09-15,Total Station + GNSS,0.38,Yes,INVALID_SELF_INTERSECTION,Poor,Invalid topology / self-intersection,Survey polygon self-intersects and is topologically invalid; geometry must be repaired or resurveyed.
SUR-2025-0081,P081,CP-BIN-017,BIN/117/C,Bindapur Parcel-17,Avni Dhingra,Owner_Name,351.3,77.0660958,28.6134372,EPSG:4326,"POLYGON((77.0660139 28.6133379, 77.0661776 28.6133379, 77.0661776 28.6135365, 77.0660139 28.6135365, 77.0660139 28.6133379))","POLYGON((77.0660139 28.6133379, 77.0661776 28.6133379, 77.0661776 28.6135365, 77.0660139 28.6135365, 77.0660139 28.6133379))",2025-04-01,Total Station + GNSS,0.27,Yes,VALID,Good,,Field survey geometry aligned to the canonical parcel.
SUR-2025-0082,P082,CP-BIN-018,BIN/118/C,Bindapur Parcel-18,Saanvi Arora,Owner_Name,376.0,77.0665255,28.6134372,EPSG:4326,"POLYGON((77.0664488 28.6133239, 77.0666023 28.6133239, 77.0666023 28.6135506, 77.0664488 28.6135506, 77.0664488 28.6133239))","POLYGON((77.0664488 28.6133239, 77.0666023 28.6133239, 77.0666023 28.6135506, 77.0664488 28.6135506, 77.0664488 28.6133239))",2025-11-14,Total Station + GNSS,0.45,Yes,VALID,Good,,Field survey geometry aligned to the canonical parcel.
SUR-2025-0083,P083,CP-BIN-019,BIN/119/C,Bindapur Parcel-19,Priya Nair,Owner_Name,295.4,77.0669553,28.6134372,EPSG:4326,"POLYGON((77.0668837 28.6133418, 77.0670270 28.6133418, 77.0670270 28.6135326, 77.0668837 28.6135326, 77.0668837 28.6133418))","POLYGON((77.0668837 28.6133418, 77.0670270 28.6133418, 77.0670270 28.6135326, 77.0668837 28.6135326, 77.0668837 28.6133418))",2025-06-27,Total Station + GNSS,0.27,Yes,VALID,Good,,Field survey geometry aligned to the canonical parcel.
SUR-2025-0084,P084,CP-BIN-020,BIN/120/C,Bindapur Parcel-20,Diya Nair,Owner_Name,381.7,77.0673851,28.6134372,EPSG:4326,"POLYGON((77.0673135 28.6133139, 77.0674567 28.6133139, 77.0674567 28.6135605, 77.0673135 28.6135605, 77.0673135 28.6133139))","POLYGON((77.0673135 28.6133139, 77.0674567 28.6133139, 77.0674567 28.6135605, 77.0673135 28.6135605, 77.0673135 28.6133139))",2025-01-13,Total Station + GNSS,0.25,Yes,VALID,Good,,Field survey geometry aligned to the canonical parcel.
SUR-2025-0085,P085,CP-BIN-021,BIN/121/C,Bindapur Parcel-21,Kabir Kapoor,Owner_Name,378.0,77.0678149,28.6134372,EPSG:4326,"POLYGON((77.0677330 28.6133304, 77.0678968 28.6133304, 77.0678968 28.6135440, 77.0677330 28.6135440, 77.0677330 28.6133304))","POLYGON((77.0677330 28.6133304, 77.0678968 28.6133304, 77.0678968 28.6135440, 77.0677330 28.6135440, 77.0677330 28.6133304))",2025-08-26,Total Station + GNSS,0.41,Yes,VALID,Good,,Field survey geometry aligned to the canonical parcel.
SUR-2025-0086,P086,CP-BIN-022,BIN/122/C,Bindapur Parcel-22,Rhea Kapoor,Owner_Name,302.2,77.0682447,28.6134372,EPSG:4326,"POLYGON((77.0681526 28.6133613, 77.0683368 28.6133613, 77.0683368 28.6135131, 77.0681526 28.6135131, 77.0681526 28.6133613))","POLYGON((77.0681526 28.6133613, 77.0683368 28.6133613, 77.0683368 28.6135131, 77.0681526 28.6135131, 77.0681526 28.6133613))",2025-03-12,Total Station + GNSS,0.4,Yes,VALID,Good,,Field survey geometry aligned to the canonical parcel.
SUR-2025-0087,P087,CP-BIN-023,BIN/123/C,Bindapur Parcel-23,Anika Bansal,Owner_Name,384.6,77.0686745,28.6134372,EPSG:4326,"POLYGON((77.0685824 28.6133406, 77.0687665 28.6133406, 77.0687665 28.6135338, 77.0685824 28.6135338, 77.0685824 28.6133406))","POLYGON((77.0685824 28.6133406, 77.0687665 28.6133406, 77.0687665 28.6135338, 77.0685824 28.6135338, 77.0685824 28.6133406))",2025-10-25,Total Station + GNSS,0.39,Yes,VALID,Good,,Field survey geometry aligned to the canonical parcel.
SUR-2025-0088,P088,CP-BIN-024,BIN/124/C,Bindapur Parcel-24,Kabir Arora,Owner_Name,228.0,77.0691042,28.6134372,EPSG:4326,"POLYGON((77.0690326 28.6133636, 77.0691759 28.6133636, 77.0691759 28.6135109, 77.0690326 28.6135109, 77.0690326 28.6133636))","POLYGON((77.0690326 28.6133636, 77.0691759 28.6133636, 77.0691759 28.6135109, 77.0690326 28.6135109, 77.0690326 28.6133636))",2025-05-11,Total Station + GNSS,0.33,Yes,VALID,Good,,Field survey geometry aligned to the canonical parcel.
SUR-2025-0089,P089,CP-BIN-025,BIN/125/D,Bindapur Parcel-25,Nisha Kapoor,Owner_Name,191.2,77.0660958,28.6131116,EPSG:4326,"POLYGON((77.0660037 28.6130636, 77.0661879 28.6130636, 77.0661879 28.6131597, 77.0660037 28.6131597, 77.0660037 28.6130636))","POLYGON((77.0660037 28.6130636, 77.0661879 28.6130636, 77.0661879 28.6131597, 77.0660037 28.6131597, 77.0660037 28.6130636))",2025-12-24,Total Station + GNSS,0.36,Yes,VALID,Good,,Field survey geometry aligned to the canonical parcel.
SUR-2025-0090,P090,CP-BIN-026,BIN/126/D,Bindapur Parcel-26,Meera Wadhwa,Owner_Name,276.5,77.0665255,28.6131116,EPSG:4326,"POLYGON((77.0664437 28.6130335, 77.0666074 28.6130335, 77.0666074 28.6131898, 77.0664437 28.6131898, 77.0664437 28.6130335))","POLYGON((77.0664437 28.6130335, 77.0666074 28.6130335, 77.0666074 28.6131898, 77.0664437 28.6131898, 77.0664437 28.6130335))",2025-07-10,Total Station + GNSS,0.27,Yes,VALID,Good,,Field survey geometry aligned to the canonical parcel.
SUR-2025-0091,P091,CP-BIN-027,BIN/127/D,Bindapur Parcel-27,Ishaan Khanna,Owner_Name,253.4,77.0669553,28.6131116,EPSG:4326,"POLYGON((77.0668735 28.6130400, 77.0670372 28.6130400, 77.0670372 28.6131833, 77.0668735 28.6131833, 77.0668735 28.6130400))","POLYGON((77.0668735 28.6130400, 77.0670372 28.6130400, 77.0670372 28.6131833, 77.0668735 28.6131833, 77.0668735 28.6130400))",2025-02-23,Total Station + GNSS,0.62,Yes,VALID,Good,,Field survey geometry aligned to the canonical parcel.
SUR-2025-0092,P092,CP-BIN-028,BIN/128/D,Bindapur Parcel-28,Aarav Batra,Owner_Name,386.3,77.0673851,28.6131116,EPSG:4326,"POLYGON((77.0672930 28.6130146, 77.0674772 28.6130146, 77.0674772 28.6132087, 77.0672930 28.6132087, 77.0672930 28.6130146))","POLYGON((77.0672930 28.6130146, 77.0674772 28.6130146, 77.0674772 28.6132087, 77.0672930 28.6132087, 77.0672930 28.6130146))",2025-09-09,Total Station + GNSS,0.5,Yes,VALID,Good,,Field survey geometry aligned to the canonical parcel.
SUR-2025-0093,P093,CP-BIN-029,BIN/129/D,Bindapur Parcel-29,Mihir Sharma,Owner_Name,315.6,77.0678149,28.6131116,EPSG:4326,"POLYGON((77.0677228 28.6130324, 77.0679070 28.6130324, 77.0679070 28.6131909, 77.0677228 28.6131909, 77.0677228 28.6130324))","POLYGON((77.0677228 28.6130324, 77.0679070 28.6130324, 77.0679070 28.6131909, 77.0677228 28.6131909, 77.0677228 28.6130324))",2025-04-22,Total Station + GNSS,0.28,Yes,VALID,Good,,Field survey geometry aligned to the canonical parcel.
SUR-2025-0094,P094,CP-BIN-030,BIN/130/D,Bindapur Parcel-30,Aditya Malhotra,Owner_Name,228.7,77.0682447,28.6131116,EPSG:4326,"POLYGON((77.0681526 28.6130542, 77.0683368 28.6130542, 77.0683368 28.6131691, 77.0681526 28.6131691, 77.0681526 28.6130542))","POLYGON((77.0681526 28.6130542, 77.0683368 28.6130542, 77.0683368 28.6131691, 77.0681526 28.6131691, 77.0681526 28.6130542))",2025-11-08,Total Station + GNSS,0.58,Yes,VALID,Good,,Field survey geometry aligned to the canonical parcel.
SUR-2025-0095,P095,CP-BIN-031,BIN/131/D,Bindapur Parcel-31,Nisha Jain,Owner_Name,331.7,77.0686745,28.6131116,EPSG:4326,"POLYGON((77.0685926 28.6130179, 77.0687563 28.6130179, 77.0687563 28.6132054, 77.0685926 28.6132054, 77.0685926 28.6130179))","POLYGON((77.0685926 28.6130179, 77.0687563 28.6130179, 77.0687563 28.6132054, 77.0685926 28.6132054, 77.0685926 28.6130179))",2025-06-21,Total Station + GNSS,0.4,Yes,VALID,Good,,Field survey geometry aligned to the canonical parcel.
SUR-2025-0096,P096,CP-BIN-032,BIN/132/D,Bindapur Parcel-32,Nikhil Kohli,Owner_Name,287.3,77.0691042,28.6131116,EPSG:4326,"POLYGON((77.0690224 28.6130304, 77.0691861 28.6130304, 77.0691861 28.6131928, 77.0690224 28.6131928, 77.0690224 28.6130304))","POLYGON((77.0690224 28.6130304, 77.0691861 28.6130304, 77.0691861 28.6131928, 77.0690224 28.6131928, 77.0690224 28.6130304))",2025-01-07,Total Station + GNSS,0.31,Yes,VALID,Good,,Field survey geometry aligned to the canonical parcel.
SUR-2025-0097,P097,CP-DAB-001,DAB/101/A,Dabri Parcel-01,Arjun Mehta,Owner_Name,220.8,77.0844958,28.6109884,EPSG:4326,"POLYGON((77.0844140 28.6109260, 77.0845777 28.6109260, 77.0845777 28.6110508, 77.0844140 28.6110508, 77.0844140 28.6109260))","POLYGON((77.0844140 28.6109260, 77.0845777 28.6109260, 77.0845777 28.6110508, 77.0844140 28.6110508, 77.0844140 28.6109260))",2025-08-20,Total Station + GNSS,0.44,Yes,VALID,Good,Legacy digitization errors,Field survey geometry aligned to the canonical parcel.
SUR-2025-0098,P098,CP-DAB-002,DAB/102/4,Dabri Parcel-02,Akash Saxena,Owner_Name,292.5,77.0849256,28.6109884,EPSG:4326,"POLYGON((77.0848335 28.6109149, 77.0850177 28.6109149, 77.0850177 28.6110618, 77.0848335 28.6110618, 77.0848335 28.6109149))","POLYGON((77.0848335 28.6109149, 77.0850177 28.6109149, 77.0850177 28.6110618, 77.0848335 28.6110618, 77.0848335 28.6109149))",2025-03-06,Total Station + GNSS,0.52,Yes,VALID,Good,Legacy digitization errors,Field survey geometry aligned to the canonical parcel.
SUR-2025-0099,P099,CP-DAB-003,DAB/103/A,Dabri Parcel-03,Priya Batra,Owner_Name,228.1,77.0853553,28.6109884,EPSG:4326,"POLYGON((77.0852633 28.6109311, 77.0854474 28.6109311, 77.0854474 28.6110457, 77.0852633 28.6110457, 77.0852633 28.6109311))","POLYGON((77.0852633 28.6109311, 77.0854474 28.6109311, 77.0854474 28.6110457, 77.0852633 28.6110457, 77.0852633 28.6109311))",2025-10-19,Total Station + GNSS,0.34,Yes,VALID,Good,Legacy digitization errors,Field survey geometry aligned to the canonical parcel.
SUR-2025-0100,P100,CP-DAB-004,DAB/104/4,Dabri Parcel-04,Nisha Gupta,Owner_Name,198.4,77.0857851,28.6109884,EPSG:4326,"POLYGON((77.0857084 28.6109286, 77.0858619 28.6109286, 77.0858619 28.6110482, 77.0857084 28.6110482, 77.0857084 28.6109286))","POLYGON((77.0857084 28.6109286, 77.0858619 28.6109286, 77.0858619 28.6110482, 77.0857084 28.6110482, 77.0857084 28.6109286))",2025-05-05,Total Station + GNSS,0.43,Yes,VALID,Good,Legacy digitization errors,Field survey geometry aligned to the canonical parcel.
SUR-2025-0101,P101,CP-DAB-005,DAB/105/A,Dabri Parcel-05,Rohan Nair,Owner_Name,228.9,77.0862149,28.6109884,EPSG:4326,"POLYGON((77.0861381 28.6109194, 77.0862916 28.6109194, 77.0862916 28.6110574, 77.0861381 28.6110574, 77.0861381 28.6109194))","POLYGON((77.0861381 28.6109194, 77.0862916 28.6109194, 77.0862916 28.6110574, 77.0861381 28.6110574, 77.0861381 28.6109194))",2025-12-18,Total Station + GNSS,0.45,Yes,VALID,Good,Mutation / registration history mismatch,Field survey geometry aligned to the canonical parcel.
SUR-2025-0102,P102,CP-DAB-006,DAB/106/A,Dabri Parcel-06,Myra Chawla,Owner_Name,266.7,77.0866447,28.6109884,EPSG:4326,"POLYGON((77.0865628 28.6109130, 77.0867265 28.6109130, 77.0867265 28.6110637, 77.0865628 28.6110637, 77.0865628 28.6109130))","POLYGON((77.0865628 28.6109130, 77.0867265 28.6109130, 77.0867265 28.6110637, 77.0865628 28.6110637, 77.0865628 28.6109130))",2025-07-04,Total Station + GNSS,0.52,Yes,VALID,Good,Mutation / registration history mismatch,Field survey geometry aligned to the canonical parcel.
SUR-2025-0103,P103,CP-DAB-007,DAB/107/A,Dabri Parcel-07,Mihir Joshi,Owner_Name,228.3,77.0870744,28.6109884,EPSG:4326,"POLYGON((77.0869977 28.6109195, 77.0871512 28.6109195, 77.0871512 28.6110572, 77.0869977 28.6110572, 77.0869977 28.6109195))","POLYGON((77.0869977 28.6109195, 77.0871512 28.6109195, 77.0871512 28.6110572, 77.0869977 28.6110572, 77.0869977 28.6109195))",2025-02-17,Total Station + GNSS,0.46,Yes,VALID,Good,Mutation / registration history mismatch,Field survey geometry aligned to the canonical parcel.
SUR-2025-0104,P104,CP-DAB-008,DAB/108/A,Dabri Parcel-08,Isha Rao,Owner_Name,280.1,77.0875042,28.6109884,EPSG:4326,"POLYGON((77.0874274 28.6109039, 77.0875809 28.6109039, 77.0875809 28.6110728, 77.0874274 28.6110728, 77.0874274 28.6109039))","POLYGON((77.0874274 28.6109039, 77.0875809 28.6109039, 77.0875809 28.6110728, 77.0874274 28.6110728, 77.0874274 28.6109039))",2025-09-03,Total Station + GNSS,0.59,Yes,VALID,Good,Mutation / registration history mismatch,Field survey geometry aligned to the canonical parcel.
SUR-2025-0105,P105,CP-DAB-009,DAB/109/B,Dabri Parcel-09,Arjun Batra,Owner_Name,214.8,77.0844958,28.6106628,EPSG:4326,"POLYGON((77.0844037 28.6106088, 77.0845879 28.6106088, 77.0845879 28.6107167, 77.0844037 28.6107167, 77.0844037 28.6106088))","POLYGON((77.0844037 28.6106088, 77.0845879 28.6106088, 77.0845879 28.6107167, 77.0844037 28.6107167, 77.0844037 28.6106088))",2025-04-16,Total Station + GNSS,0.58,No,PENDING_FIELD_VERIFICATION,Medium,Survey status mismatch,Survey source reports verification pending while other administrative sources mark the parcel verified/current.
SUR-2025-0106,P106,CP-DAB-010,DAB/110/B,Dabri Parcel-10,Aisha Wadhwa,Owner_Name,323.7,77.0849256,28.6106628,EPSG:4326,"POLYGON((77.0848540 28.6105582, 77.0849972 28.6105582, 77.0849972 28.6107673, 77.0848540 28.6107673, 77.0848540 28.6105582))","POLYGON((77.0848540 28.6105582, 77.0849972 28.6105582, 77.0849972 28.6107673, 77.0848540 28.6107673, 77.0848540 28.6105582))",2025-11-02,Total Station + GNSS,0.29,No,PENDING_FIELD_VERIFICATION,Medium,Survey status mismatch,Survey source reports verification pending while other administrative sources mark the parcel verified/current.
SUR-2025-0107,P107,CP-DAB-011,DAB/111/B,Dabri Parcel-11,Aarav Malhotra,Owner_Name,205.6,77.0853553,28.6106628,EPSG:4326,"POLYGON((77.0852837 28.6105964, 77.0854270 28.6105964, 77.0854270 28.6107292, 77.0852837 28.6107292, 77.0852837 28.6105964))","POLYGON((77.0852837 28.6105964, 77.0854270 28.6105964, 77.0854270 28.6107292, 77.0852837 28.6107292, 77.0852837 28.6105964))",2025-06-15,Total Station + GNSS,0.35,No,PENDING_FIELD_VERIFICATION,Medium,Survey status mismatch,Survey source reports verification pending while other administrative sources mark the parcel verified/current.
SUR-2025-0108,P108,CP-DAB-012,DAB/112/B,Dabri Parcel-12,Raghav Sharma,Owner_Name,232.4,77.0857851,28.6106628,EPSG:4326,"POLYGON((77.0857033 28.6105971, 77.0858670 28.6105971, 77.0858670 28.6107285, 77.0857033 28.6107285, 77.0857033 28.6105971))","POLYGON((77.0857033 28.6105971, 77.0858670 28.6105971, 77.0858670 28.6107285, 77.0857033 28.6107285, 77.0857033 28.6105971))",2025-01-01,Total Station + GNSS,0.64,No,PENDING_FIELD_VERIFICATION,Medium,Survey status mismatch,Survey source reports verification pending while other administrative sources mark the parcel verified/current.
SUR-2025-0109,P109,CP-DAB-013,DAB/113/B,Dabri Parcel-13,Aarav Rao,Owner_Name,385.6,77.0862149,28.6106628,EPSG:4326,"POLYGON((77.0861381 28.6105465, 77.0862916 28.6105465, 77.0862916 28.6107790, 77.0861381 28.6107790, 77.0861381 28.6105465))","POLYGON((77.0861381 28.6105465, 77.0862916 28.6105465, 77.0862916 28.6107790, 77.0861381 28.6107790, 77.0861381 28.6105465))",2025-08-14,Total Station + GNSS,0.52,Yes,VALID,Good,Planning / land-use mismatch,Field survey geometry aligned to the canonical parcel.
SUR-2025-0110,P110,CP-DAB-014,DAB/114/B,Dabri Parcel-14,Kabir Malhotra,Owner_Name,320.1,77.0866447,28.6106628,EPSG:4326,"POLYGON((77.0865526 28.6105824, 77.0867367 28.6105824, 77.0867367 28.6107432, 77.0865526 28.6107432, 77.0865526 28.6105824))","POLYGON((77.0865526 28.6105824, 77.0867367 28.6105824, 77.0867367 28.6107432, 77.0865526 28.6107432, 77.0865526 28.6105824))",2025-03-27,Total Station + GNSS,0.43,Yes,VALID,Good,Planning / land-use mismatch,Field survey geometry aligned to the canonical parcel.
SUR-2025-0111,P111,CP-DAB-015,DAB/115/B,Dabri Parcel-15,Varun Joshi,Owner_Name,344.5,77.0870744,28.6106628,EPSG:4326,"POLYGON((77.0869823 28.6105762, 77.0871665 28.6105762, 77.0871665 28.6107493, 77.0869823 28.6107493, 77.0869823 28.6105762))","POLYGON((77.0869823 28.6105762, 77.0871665 28.6105762, 77.0871665 28.6107493, 77.0869823 28.6107493, 77.0869823 28.6105762))",2025-10-13,Total Station + GNSS,0.48,Yes,VALID,Good,Planning / land-use mismatch,Field survey geometry aligned to the canonical parcel.
SUR-2025-0112,P112,CP-DAB-016,DAB/116/B,Dabri Parcel-16,Kunal Sharma,Owner_Name,249.4,77.0875042,28.6106628,EPSG:4326,"POLYGON((77.0874121 28.6106001, 77.0875963 28.6106001, 77.0875963 28.6107254, 77.0874121 28.6107254, 77.0874121 28.6106001))","POLYGON((77.0874121 28.6106001, 77.0875963 28.6106001, 77.0875963 28.6107254, 77.0874121 28.6107254, 77.0874121 28.6106001))",2025-05-26,Total Station + GNSS,0.59,Yes,VALID,Good,Planning / land-use mismatch,Field survey geometry aligned to the canonical parcel.
SUR-2025-0113,P113,CP-DAB-017,DAB/117/C,Dabri Parcel-17,Nikhil Kapoor,Owner_Name,347.0,77.0844958,28.6103372,EPSG:4326,"POLYGON((77.0844191 28.6102326, 77.0845726 28.6102326, 77.0845726 28.6104418, 77.0844191 28.6104418, 77.0844191 28.6102326))","POLYGON((77.0844191 28.6102326, 77.0845726 28.6102326, 77.0845726 28.6104418, 77.0844191 28.6104418, 77.0844191 28.6102326))",2025-12-12,Total Station + GNSS,0.39,Yes,VALID,Good,,Field survey geometry aligned to the canonical parcel.
SUR-2025-0114,P114,CP-DAB-018,DAB/118/C,Dabri Parcel-18,Sara Rao,Owner_Name,324.1,77.0849256,28.6103372,EPSG:4326,"POLYGON((77.0848540 28.6102325, 77.0849972 28.6102325, 77.0849972 28.6104419, 77.0848540 28.6104419, 77.0848540 28.6102325))","POLYGON((77.0848540 28.6102325, 77.0849972 28.6102325, 77.0849972 28.6104419, 77.0848540 28.6104419, 77.0848540 28.6102325))",2025-07-25,Total Station + GNSS,0.58,Yes,VALID,Good,,Field survey geometry aligned to the canonical parcel.
SUR-2025-0115,P115,CP-DAB-019,DAB/119/C,Dabri Parcel-19,Priya Gupta,Owner_Name,273.1,77.0853553,28.6103372,EPSG:4326,"POLYGON((77.0852786 28.6102549, 77.0854321 28.6102549, 77.0854321 28.6104195, 77.0852786 28.6104195, 77.0852786 28.6102549))","POLYGON((77.0852786 28.6102549, 77.0854321 28.6102549, 77.0854321 28.6104195, 77.0852786 28.6104195, 77.0852786 28.6102549))",2025-02-11,Total Station + GNSS,0.49,Yes,VALID,Good,,Field survey geometry aligned to the canonical parcel.
SUR-2025-0116,P116,CP-DAB-020,DAB/120/C,Dabri Parcel-20,Priya Kohli,Owner_Name,378.3,77.0857851,28.6103372,EPSG:4326,"POLYGON((77.0856930 28.6102422, 77.0858772 28.6102422, 77.0858772 28.6104322, 77.0856930 28.6104322, 77.0856930 28.6102422))","POLYGON((77.0856930 28.6102422, 77.0858772 28.6102422, 77.0858772 28.6104322, 77.0856930 28.6104322, 77.0856930 28.6102422))",2025-09-24,Total Station + GNSS,0.34,Yes,VALID,Good,,Field survey geometry aligned to the canonical parcel.
SUR-2025-0117,P117,CP-DAB-021,DAB/121/C,Dabri Parcel-21,Priya Sharma,Owner_Name,302.6,77.0862149,28.6103372,EPSG:4326,"POLYGON((77.0861228 28.6102612, 77.0863070 28.6102612, 77.0863070 28.6104132, 77.0861228 28.6104132, 77.0861228 28.6102612))","POLYGON((77.0861228 28.6102612, 77.0863070 28.6102612, 77.0863070 28.6104132, 77.0861228 28.6104132, 77.0861228 28.6102612))",2025-04-10,Total Station + GNSS,0.33,Yes,VALID,Good,,Field survey geometry aligned to the canonical parcel.
SUR-2025-0118,P118,CP-DAB-022,DAB/122/C,Dabri Parcel-22,Aditi Wadhwa,Owner_Name,354.7,77.0866447,28.6103372,EPSG:4326,"POLYGON((77.0865730 28.6102226, 77.0867163 28.6102226, 77.0867163 28.6104518, 77.0865730 28.6104518, 77.0865730 28.6102226))","POLYGON((77.0865730 28.6102226, 77.0867163 28.6102226, 77.0867163 28.6104518, 77.0865730 28.6104518, 77.0865730 28.6102226))",2025-11-23,Total Station + GNSS,0.62,Yes,VALID,Good,,Field survey geometry aligned to the canonical parcel.
SUR-2025-0119,P119,CP-DAB-023,DAB/123/C,Dabri Parcel-23,Arjun Nair,Owner_Name,386.7,77.0870744,28.6103372,EPSG:4326,"POLYGON((77.0869977 28.6102206, 77.0871512 28.6102206, 77.0871512 28.6104538, 77.0869977 28.6104538, 77.0869977 28.6102206))","POLYGON((77.0869977 28.6102206, 77.0871512 28.6102206, 77.0871512 28.6104538, 77.0869977 28.6104538, 77.0869977 28.6102206))",2025-06-09,Total Station + GNSS,0.28,Yes,VALID,Good,,Field survey geometry aligned to the canonical parcel.
SUR-2025-0120,P120,CP-DAB-024,DAB/124/C,Dabri Parcel-24,Siya Arora,Owner_Name,322.8,77.0875042,28.6103372,EPSG:4326,"POLYGON((77.0874326 28.6102330, 77.0875758 28.6102330, 77.0875758 28.6104415, 77.0874326 28.6104415, 77.0874326 28.6102330))","POLYGON((77.0874326 28.6102330, 77.0875758 28.6102330, 77.0875758 28.6104415, 77.0874326 28.6104415, 77.0874326 28.6102330))",2025-01-22,Total Station + GNSS,0.4,Yes,VALID,Good,,Field survey geometry aligned to the canonical parcel.
SUR-2025-0121,P121,CP-DAB-025,DAB/125/D,Dabri Parcel-25,Vihaan Kapoor,Owner_Name,307.6,77.0844958,28.6100116,EPSG:4326,"POLYGON((77.0844191 28.6099189, 77.0845726 28.6099189, 77.0845726 28.6101044, 77.0844191 28.6101044, 77.0844191 28.6099189))","POLYGON((77.0844191 28.6099189, 77.0845726 28.6099189, 77.0845726 28.6101044, 77.0844191 28.6101044, 77.0844191 28.6099189))",2025-08-08,Total Station + GNSS,0.47,Yes,VALID,Good,,Field survey geometry aligned to the canonical parcel.
SUR-2025-0122,P122,CP-DAB-026,DAB/126/D,Dabri Parcel-26,Pranav Batra,Owner_Name,381.4,77.0849256,28.6100116,EPSG:4326,"POLYGON((77.0848437 28.6099038, 77.0850074 28.6099038, 77.0850074 28.6101194, 77.0848437 28.6101194, 77.0848437 28.6099038))","POLYGON((77.0848437 28.6099038, 77.0850074 28.6099038, 77.0850074 28.6101194, 77.0848437 28.6101194, 77.0848437 28.6099038))",2025-03-21,Total Station + GNSS,0.6,Yes,VALID,Good,,Field survey geometry aligned to the canonical parcel.
SUR-2025-0123,P123,CP-DAB-027,DAB/127/D,Dabri Parcel-27,Rohan Saxena,Owner_Name,309.7,77.0853553,28.6100116,EPSG:4326,"POLYGON((77.0852837 28.6099116, 77.0854270 28.6099116, 77.0854270 28.6101117, 77.0852837 28.6101117, 77.0852837 28.6099116))","POLYGON((77.0852837 28.6099116, 77.0854270 28.6099116, 77.0854270 28.6101117, 77.0852837 28.6101117, 77.0852837 28.6099116))",2025-10-07,Total Station + GNSS,0.53,Yes,VALID,Good,,Field survey geometry aligned to the canonical parcel.
SUR-2025-0124,P124,CP-DAB-028,DAB/128/D,Dabri Parcel-28,Kavya Nair,Owner_Name,201.4,77.0857851,28.6100116,EPSG:4326,"POLYGON((77.0857084 28.6099509, 77.0858619 28.6099509, 77.0858619 28.6100724, 77.0857084 28.6100724, 77.0857084 28.6099509))","POLYGON((77.0857084 28.6099509, 77.0858619 28.6099509, 77.0858619 28.6100724, 77.0857084 28.6100724, 77.0857084 28.6099509))",2025-05-20,Total Station + GNSS,0.55,Yes,VALID,Good,,Field survey geometry aligned to the canonical parcel.
SUR-2025-0125,P125,CP-DAB-029,DAB/129/D,Dabri Parcel-29,Rohan Kohli,Owner_Name,256.0,77.0862149,28.6100116,EPSG:4326,"POLYGON((77.0861381 28.6099345, 77.0862916 28.6099345, 77.0862916 28.6100888, 77.0861381 28.6100888, 77.0861381 28.6099345))","POLYGON((77.0861381 28.6099345, 77.0862916 28.6099345, 77.0862916 28.6100888, 77.0861381 28.6100888, 77.0861381 28.6099345))",2025-12-06,Total Station + GNSS,0.6,Yes,VALID,Good,,Field survey geometry aligned to the canonical parcel.
SUR-2025-0126,P126,CP-DAB-030,DAB/130/D,Dabri Parcel-30,Myra Dhingra,Owner_Name,240.3,77.0866447,28.6100116,EPSG:4326,"POLYGON((77.0865730 28.6099340, 77.0867163 28.6099340, 77.0867163 28.6100893, 77.0865730 28.6100893, 77.0865730 28.6099340))","POLYGON((77.0865730 28.6099340, 77.0867163 28.6099340, 77.0867163 28.6100893, 77.0865730 28.6100893, 77.0865730 28.6099340))",2025-07-19,Total Station + GNSS,0.61,Yes,VALID,Good,,Field survey geometry aligned to the canonical parcel.
SUR-2025-0127,P127,CP-DAB-031,DAB/131/D,Dabri Parcel-31,Shreya Dhingra,Owner_Name,192.9,77.0870744,28.6100116,EPSG:4326,"POLYGON((77.0869823 28.6099632, 77.0871665 28.6099632, 77.0871665 28.6100601, 77.0869823 28.6100601, 77.0869823 28.6099632))","POLYGON((77.0869823 28.6099632, 77.0871665 28.6099632, 77.0871665 28.6100601, 77.0869823 28.6100601, 77.0869823 28.6099632))",2025-02-05,Total Station + GNSS,0.62,Yes,VALID,Good,,Field survey geometry aligned to the canonical parcel.
SUR-2025-0128,P128,CP-DAB-032,DAB/132/D,Dabri Parcel-32,Vihaan Malhotra,Owner_Name,274.6,77.0875042,28.6100116,EPSG:4326,"POLYGON((77.0874121 28.6099427, 77.0875963 28.6099427, 77.0875963 28.6100806, 77.0874121 28.6100806, 77.0874121 28.6099427))","POLYGON((77.0874121 28.6099427, 77.0875963 28.6099427, 77.0875963 28.6100806, 77.0874121 28.6100806, 77.0874121 28.6099427))",2025-09-18,Total Station + GNSS,0.61,Yes,VALID,Good,,Field survey geometry aligned to the canonical parcel.
