mcd_property_id,parcel_id_ref,canonical_id,primary_holder,holder_role,property_address,ward_no,colony,property_use,built_up_area_sqm,plot_area_sqm,property_tax_status,mutation_status,assessment_year,geo_tagged,field_verified,primary_conflict_type,notes
MCD-135-5001,P001,CP-KAK-001,Ananya Dhingra,Assessee,"Kakrola, Dwarka, Delhi",135 - Kakraula,Kakrola,Residential,198.2,304.1,Assessment current,Updated,2025-26,Yes,Yes,Parcel name mismatch,Municipal assessment test record.
MCD-135-5002,P002,CP-KAK-002,Aditi Jain,Assessee,"Kakrola, Dwarka, Delhi",135 - Kakraula,Kakrola,Residential,219.9,373.5,Paid,Updated,2025-26,Yes,Yes,Parcel name mismatch,Municipal assessment test record.
MCD-135-5003,P003,CP-KAK-003,Aarav Sharma,Assessee,"Kakrola, Dwarka, Delhi",135 - Kakraula,Kakrola,Residential,206.5,288.5,Paid,Updated,2025-26,Yes,Yes,Parcel name mismatch,Municipal assessment test record.
MCD-135-5004,P004,CP-KAK-004,Dev Kapoor,Assessee,"Kakrola, Dwarka, Delhi",135 - Kakraula,Kakrola,Residential,201.5,380.1,Assessment current,Updated,2025-26,Yes,Yes,Parcel name mismatch,Municipal assessment test record.
MCD-135-5005,P005,CP-KAK-005,Yash Jain,Assessee,"Kakrola, Dwarka, Delhi",135 - Kakraula,Kakrola,Residential,266.8,352.4,Assessment current,Updated,2025-26,Yes,Yes,Owner mismatch,Municipal holder reflects the newer registered owner.
MCD-135-5006,P006,CP-KAK-006,Saanvi Gupta,Assessee,"Kakrola, Dwarka, Delhi",135 - Kakraula,Kakrola,Residential,212.6,298.0,Paid,Updated,2025-26,Yes,Yes,Owner mismatch,Municipal holder reflects the newer registered owner.
MCD-135-5007,P007,CP-KAK-007,Mihir Kapoor,Assessee,"Kakrola, Dwarka, Delhi",135 - Kakraula,Kakrola,Residential,155.9,284.6,Paid,Updated,2025-26,Yes,Yes,Owner mismatch,Municipal holder reflects the newer registered owner.
MCD-135-5008,P008,CP-KAK-008,Anika Kapoor,Assessee,"Kakrola, Dwarka, Delhi",135 - Kakraula,Kakrola,Residential,168.7,221.6,Assessment current,Updated,2025-26,Yes,Yes,Owner mismatch,Municipal holder reflects the newer registered owner.
MCD-135-5009,P009,CP-KAK-009,Isha Joshi,Assessee,"Kakrola, Dwarka, Delhi",135 - Kakraula,Kakrola,Residential,162.4,274.6,Paid,Updated,2025-26,Yes,Yes,Geometry mismatch,Municipal assessment test record.
MCD-135-5010,P010,CP-KAK-010,Aditya Gupta,Assessee,"Kakrola, Dwarka, Delhi",135 - Kakraula,Kakrola,Residential,281.6,371.9,Assessment current,Updated,2025-26,Yes,Yes,Geometry mismatch,Municipal assessment test record.
MCD-135-5011,P011,CP-KAK-011,Neel Kapoor,Assessee,"Kakrola, Dwarka, Delhi",135 - Kakraula,Kakrola,Residential,157.4,237.5,Paid,Updated,2025-26,Yes,Yes,Geometry mismatch,Municipal assessment test record.
MCD-135-5012,P012,CP-KAK-012,Ishaan Kapoor,Assessee,"Kakrola, Dwarka, Delhi",135 - Kakraula,Kakrola,Residential,157.0,296.2,Paid,Updated,2025-26,Yes,Yes,Geometry mismatch,Municipal assessment test record.
MCD-135-5013,P013,CP-KAK-013,Varun Nair,Assessee,"Kakrola, Dwarka, Delhi",135 - Kakraula,Kakrola,Residential,290.2,379.4,Paid,Updated,2025-26,Yes,Yes,Area mismatch,Municipal assessment test record.
MCD-135-5014,P014,CP-KAK-014,Shaurya Rao,Assessee,"Kakrola, Dwarka, Delhi",135 - Kakraula,Kakrola,Residential,152.7,242.4,Assessment current,Updated,2025-26,Yes,Yes,Area mismatch,Municipal assessment test record.
MCD-135-5015,P015,CP-KAK-015,Shreya Sharma,Assessee,"Kakrola, Dwarka, Delhi",135 - Kakraula,Kakrola,Residential,163.7,254.7,Paid,Updated,2025-26,Yes,Yes,Area mismatch,Municipal assessment test record.
MCD-135-5016,P016,CP-KAK-016,Saanvi Sinha,Assessee,"Kakrola, Dwarka, Delhi",135 - Kakraula,Kakrola,Residential,144.7,270.1,Paid,Updated,2025-26,Yes,Yes,Area mismatch,Municipal assessment test record.
MCD-135-5017,P017,CP-KAK-017,Rhea Malhotra,Assessee,"Kakrola, Dwarka, Delhi",135 - Kakraula,Kakrola,Residential,165.0,269.4,Paid,Merged assessment pending cadastral sync,2025-26,Yes,Yes,Parcel merging,Municipal assessment links the paired parcels as one holding.
MCD-135-5018,P018,CP-KAK-018,Ishaan Arora,Assessee,"Kakrola, Dwarka, Delhi",135 - Kakraula,Kakrola,Residential,286.8,377.2,Paid,Merged assessment pending cadastral sync,2025-26,Yes,Yes,Parcel merging,Municipal assessment links the paired parcels as one holding.
MCD-135-5019,P019,CP-KAK-019,Aniket Malhotra,Assessee,"Kakrola, Dwarka, Delhi",135 - Kakraula,Kakrola,Residential,232.4,356.8,Paid,Merged assessment pending cadastral sync,2025-26,Yes,Yes,Parcel merging,Municipal assessment links the paired parcels as one holding.
MCD-135-5020,P020,CP-KAK-020,Nisha Batra,Assessee,"Kakrola, Dwarka, Delhi",135 - Kakraula,Kakrola,Residential,191.5,303.5,Paid,Merged assessment pending cadastral sync,2025-26,Yes,Yes,Parcel merging,Municipal assessment links the paired parcels as one holding.
MCD-135-5021,P021,CP-KAK-021,Neel Jain,Assessee,"Kakrola, Dwarka, Delhi",135 - Kakraula,Kakrola,Residential,164.4,219.7,Paid,Updated,2025-26,Yes,Yes,,Municipal assessment test record.
MCD-135-5022,P022,CP-KAK-022,Kunal Nair,Assessee,"Kakrola, Dwarka, Delhi",135 - Kakraula,Kakrola,Residential,145.7,242.9,Assessment current,Updated,2025-26,Yes,Yes,,Municipal assessment test record.
MCD-135-5023,P023,CP-KAK-023,Dev Jain,Assessee,"Kakrola, Dwarka, Delhi",135 - Kakraula,Kakrola,Residential,122.6,204.5,Assessment current,Updated,2025-26,Yes,Yes,,Municipal assessment test record.
MCD-135-5024,P024,CP-KAK-024,Pranav Khanna,Assessee,"Kakrola, Dwarka, Delhi",135 - Kakraula,Kakrola,Residential,162.9,299.6,Assessment current,Updated,2025-26,Yes,Yes,,Municipal assessment test record.
MCD-135-5025,P025,CP-KAK-025,Ananya Arora,Assessee,"Kakrola, Dwarka, Delhi",135 - Kakraula,Kakrola,Residential,195.2,353.8,Assessment current,Updated,2025-26,Yes,Yes,,Municipal assessment test record.
MCD-135-5026,P026,CP-KAK-026,Kavya Malhotra,Assessee,"Kakrola, Dwarka, Delhi",135 - Kakraula,Kakrola,Residential,188.7,245.6,Paid,Updated,2025-26,Yes,Yes,,Municipal assessment test record.
MCD-135-5027,P027,CP-KAK-027,Aisha Rao,Assessee,"Kakrola, Dwarka, Delhi",135 - Kakraula,Kakrola,Residential,124.3,207.2,Paid,Updated,2025-26,Yes,Yes,,Municipal assessment test record.
MCD-135-5028,P028,CP-KAK-028,Avni Verma,Assessee,"Kakrola, Dwarka, Delhi",135 - Kakraula,Kakrola,Residential,226.8,335.7,Paid,Updated,2025-26,Yes,Yes,,Municipal assessment test record.
MCD-135-5029,P029,CP-KAK-029,Aarav Arora,Assessee,"Kakrola, Dwarka, Delhi",135 - Kakraula,Kakrola,Residential,201.7,290.2,Paid,Updated,2025-26,Yes,Yes,,Municipal assessment test record.
MCD-135-5030,P030,CP-KAK-030,Myra Wadhwa,Assessee,"Kakrola, Dwarka, Delhi",135 - Kakraula,Kakrola,Residential,169.1,229.3,Paid,Updated,2025-26,Yes,Yes,,Municipal assessment test record.
MCD-135-5031,P031,CP-KAK-031,Avni Mehta,Assessee,"Kakrola, Dwarka, Delhi",135 - Kakraula,Kakrola,Residential,207.6,327.6,Paid,Updated,2025-26,Yes,Yes,,Municipal assessment test record.
MCD-135-5032,P032,CP-KAK-032,Aniket Wadhwa,Assessee,"Kakrola, Dwarka, Delhi",135 - Kakraula,Kakrola,Residential,147.0,238.5,Assessment current,Updated,2025-26,Yes,Yes,,Municipal assessment test record.
MCD-136-5033,P033,CP-MAT-001,Aditya Chawla,Assessee,"Matiala, Dwarka, Delhi",136 - Matiala,Matiala,Residential,245.4,353.0,Paid,Updated,2025-26,Yes,Yes,Parcel splitting,Municipal assessment test record.
MCD-136-5034,P034,CP-MAT-002,Naina Sharma,Assessee,"Matiala, Dwarka, Delhi",136 - Matiala,Matiala,Residential,215.9,379.1,Paid,Updated,2025-26,Yes,Yes,Parcel splitting,Municipal assessment test record.
MCD-136-5035,P035,CP-MAT-003,Siddharth Batra,Assessee,"Matiala, Dwarka, Delhi",136 - Matiala,Matiala,Residential,254.2,340.5,Paid,Updated,2025-26,Yes,Yes,Parcel splitting,Municipal assessment test record.
MCD-136-5036,P036,CP-MAT-004,Ananya Chawla,Assessee,"Matiala, Dwarka, Delhi",136 - Matiala,Matiala,Residential,200.5,260.8,Paid,Updated,2025-26,Yes,Yes,Parcel splitting,Municipal assessment test record.
MCD-136-5037,P037,CP-MAT-005,Aarav Dhingra,Occupier-Assessee,"Matiala, Dwarka, Delhi",136 - Matiala,Matiala,Residential,205.1,264.9,Assessment current,Updated,2025-26,Yes,Yes,Different addressing / field semantics,Municipal record uses occupier/assessee semantics; identity matches other sources.
MCD-136-5038,P038,CP-MAT-006,Akash Batra,Occupier-Assessee,"Matiala, Dwarka, Delhi",136 - Matiala,Matiala,Residential,120.0,191.2,Paid,Updated,2025-26,Yes,Yes,Different addressing / field semantics,Municipal record uses occupier/assessee semantics; identity matches other sources.
MCD-136-5039,P039,CP-MAT-007,Rhea Sharma,Occupier-Assessee,"Matiala, Dwarka, Delhi",136 - Matiala,Matiala,Residential,188.4,273.6,Paid,Updated,2025-26,Yes,Yes,Different addressing / field semantics,Municipal record uses occupier/assessee semantics; identity matches other sources.
MCD-136-5040,P040,CP-MAT-008,Kunal Kohli,Occupier-Assessee,"Matiala, Dwarka, Delhi",136 - Matiala,Matiala,Residential,213.9,328.7,Paid,Updated,2025-26,Yes,Yes,Different addressing / field semantics,Municipal record uses occupier/assessee semantics; identity matches other sources.
MCD-136-5041,P041,CP-MAT-009,Kabir Dhingra,Assessee,"Matiala, Dwarka, Delhi",136 - Matiala,Matiala,Residential,196.9,303.9,Paid,Updated,2025-26,Yes,Yes,Different coordinate systems,Municipal assessment test record.
MCD-136-5042,P042,CP-MAT-010,Avni Gupta,Assessee,"Matiala, Dwarka, Delhi",136 - Matiala,Matiala,Residential,199.5,366.1,Paid,Updated,2025-26,Yes,Yes,Different coordinate systems,Municipal assessment test record.
MCD-136-5043,P043,CP-MAT-011,Ananya Khanna,Assessee,"Matiala, Dwarka, Delhi",136 - Matiala,Matiala,Residential,235.8,309.0,Paid,Updated,2025-26,Yes,Yes,Different coordinate systems,Municipal assessment test record.
MCD-136-5044,P044,CP-MAT-012,Isha Bansal,Assessee,"Matiala, Dwarka, Delhi",136 - Matiala,Matiala,Residential,153.1,211.1,Paid,Updated,2025-26,Yes,Yes,Different coordinate systems,Municipal assessment test record.
MCD-136-5045,P045,CP-MAT-013,Ananya Malhotra,Assessee,"Matiala, Dwarka, Delhi",136 - Matiala,Matiala,Residential,177.9,277.3,Paid,Updated,2025-26,Yes,No,Bad data - needs re-evaluation,Municipal assessment test record.
MCD-136-5046,P046,CP-MAT-014,Saanvi Bansal,Assessee,"Matiala, Dwarka, Delhi",136 - Matiala,Matiala,Residential,224.2,287.7,Paid,Updated,2025-26,Yes,No,Bad data - needs re-evaluation,Municipal assessment test record.
MCD-136-5047,P047,CP-MAT-015,Aarav Mehta,Assessee,"Matiala, Dwarka, Delhi",136 - Matiala,Matiala,Residential,189.3,266.5,Paid,Updated,2025-26,Yes,No,Bad data - needs re-evaluation,Municipal assessment test record.
MCD-136-5048,P048,CP-MAT-016,Avni Sharma,Assessee,"Matiala, Dwarka, Delhi",136 - Matiala,Matiala,Residential,165.0,299.8,Paid,Updated,2025-26,Yes,No,Bad data - needs re-evaluation,Municipal assessment test record.
MCD-136-5049,P049,CP-MAT-017,Vihaan Bansal,Assessee,"Matiala, Dwarka, Delhi",136 - Matiala,Matiala,Residential,195.3,278.6,Paid,Updated,2025-26,Yes,Yes,,Municipal assessment test record.
MCD-136-5050,P050,CP-MAT-018,Sara Wadhwa,Assessee,"Matiala, Dwarka, Delhi",136 - Matiala,Matiala,Residential,229.4,388.7,Paid,Updated,2025-26,Yes,Yes,,Municipal assessment test record.
MCD-136-5051,P051,CP-MAT-019,Varun Sharma,Assessee,"Matiala, Dwarka, Delhi",136 - Matiala,Matiala,Residential,207.9,276.5,Paid,Updated,2025-26,Yes,Yes,,Municipal assessment test record.
MCD-136-5052,P052,CP-MAT-020,Sahil Mehta,Assessee,"Matiala, Dwarka, Delhi",136 - Matiala,Matiala,Residential,168.2,292.9,Paid,Updated,2025-26,Yes,Yes,,Municipal assessment test record.
MCD-136-5053,P053,CP-MAT-021,Neel Chawla,Assessee,"Matiala, Dwarka, Delhi",136 - Matiala,Matiala,Residential,152.6,201.7,Paid,Updated,2025-26,Yes,Yes,,Municipal assessment test record.
MCD-136-5054,P054,CP-MAT-022,Isha Mehta,Assessee,"Matiala, Dwarka, Delhi",136 - Matiala,Matiala,Residential,175.7,251.8,Paid,Updated,2025-26,Yes,Yes,,Municipal assessment test record.
MCD-136-5055,P055,CP-MAT-023,Aditya Sinha,Assessee,"Matiala, Dwarka, Delhi",136 - Matiala,Matiala,Residential,195.2,280.0,Paid,Updated,2025-26,Yes,Yes,,Municipal assessment test record.
MCD-136-5056,P056,CP-MAT-024,Meera Dhingra,Assessee,"Matiala, Dwarka, Delhi",136 - Matiala,Matiala,Residential,172.2,286.0,Paid,Updated,2025-26,Yes,Yes,,Municipal assessment test record.
MCD-136-5057,P057,CP-MAT-025,Rohan Wadhwa,Assessee,"Matiala, Dwarka, Delhi",136 - Matiala,Matiala,Residential,160.0,235.1,Paid,Updated,2025-26,Yes,Yes,,Municipal assessment test record.
MCD-136-5058,P058,CP-MAT-026,Tanvi Khanna,Assessee,"Matiala, Dwarka, Delhi",136 - Matiala,Matiala,Residential,267.3,342.7,Paid,Updated,2025-26,Yes,Yes,,Municipal assessment test record.
MCD-136-5059,P059,CP-MAT-027,Isha Malhotra,Assessee,"Matiala, Dwarka, Delhi",136 - Matiala,Matiala,Residential,228.1,384.3,Assessment current,Updated,2025-26,Yes,Yes,,Municipal assessment test record.
MCD-136-5060,P060,CP-MAT-028,Kavya Joshi,Assessee,"Matiala, Dwarka, Delhi",136 - Matiala,Matiala,Residential,183.0,267.8,Paid,Updated,2025-26,Yes,Yes,,Municipal assessment test record.
MCD-136-5061,P061,CP-MAT-029,Meera Kapoor,Assessee,"Matiala, Dwarka, Delhi",136 - Matiala,Matiala,Residential,193.3,362.5,Assessment current,Updated,2025-26,Yes,Yes,,Municipal assessment test record.
MCD-136-5062,P062,CP-MAT-030,Dev Saxena,Assessee,"Matiala, Dwarka, Delhi",136 - Matiala,Matiala,Residential,201.5,278.0,Assessment current,Updated,2025-26,Yes,Yes,,Municipal assessment test record.
MCD-136-5063,P063,CP-MAT-031,Neel Malhotra,Assessee,"Matiala, Dwarka, Delhi",136 - Matiala,Matiala,Residential,186.7,252.5,Paid,Updated,2025-26,Yes,Yes,,Municipal assessment test record.
MCD-136-5064,P064,CP-MAT-032,Aniket Chawla,Assessee,"Matiala, Dwarka, Delhi",136 - Matiala,Matiala,Residential,178.4,276.3,Assessment current,Updated,2025-26,Yes,Yes,,Municipal assessment test record.
MCD-128-5065,P065,CP-BIN-001,Mihir Khanna,Assessee,"Bindapur, Dwarka, Delhi",128 - Bindapur,Bindapur,Residential,141.5,243.2,Paid,Updated,2025-26,Yes,No,Digitized but never field verified,Municipal assessment test record.
MCD-128-5066,P066,CP-BIN-002,Tanvi Kapoor,Assessee,"Bindapur, Dwarka, Delhi",128 - Bindapur,Bindapur,Residential,182.2,273.4,Paid,Updated,2025-26,Yes,No,Digitized but never field verified,Municipal assessment test record.
MCD-128-5067,P067,CP-BIN-003,Kavya Chawla,Assessee,"Bindapur, Dwarka, Delhi",128 - Bindapur,Bindapur,Residential,222.8,292.6,Paid,Updated,2025-26,Yes,No,Digitized but never field verified,Municipal assessment test record.
MCD-128-5068,P068,CP-BIN-004,Siya Sharma,Assessee,"Bindapur, Dwarka, Delhi",128 - Bindapur,Bindapur,Residential,183.6,244.3,Paid,Updated,2025-26,Yes,No,Digitized but never field verified,Municipal assessment test record.
MCD-128-5069,P069,CP-BIN-005,Myra Gupta,Assessee,"Bindapur, Dwarka, Delhi",128 - Bindapur,Bindapur,Residential,250.6,378.8,Paid,Updated,2025-26,Yes,Yes,Parcel overlapping,Municipal assessment test record.
MCD-128-5070,P070,CP-BIN-006,Siya Verma,Assessee,"Bindapur, Dwarka, Delhi",128 - Bindapur,Bindapur,Residential,228.8,368.4,Paid,Updated,2025-26,Yes,Yes,Parcel overlapping,Municipal assessment test record.
MCD-128-5071,P071,CP-BIN-007,Yash Khanna,Assessee,"Bindapur, Dwarka, Delhi",128 - Bindapur,Bindapur,Residential,142.8,204.3,Assessment current,Updated,2025-26,Yes,Yes,Parcel overlapping,Municipal assessment test record.
MCD-128-5072,P072,CP-BIN-008,Sahil Arora,Assessee,"Bindapur, Dwarka, Delhi",128 - Bindapur,Bindapur,Residential,138.3,244.8,Paid,Updated,2025-26,Yes,Yes,Parcel overlapping,Municipal assessment test record.
MCD-128-5073,P073,CP-BIN-009,Shreya Batra,Assessee,"Bindapur, Dwarka, Delhi",128 - Bindapur,Bindapur,Residential,155.5,213.1,Paid,Updated,2025-26,Yes,Yes,Extra gap between adjacent parcels,Municipal assessment test record.
MCD-128-5074,P074,CP-BIN-010,Avni Kapoor,Assessee,"Bindapur, Dwarka, Delhi",128 - Bindapur,Bindapur,Residential,158.8,248.6,Assessment current,Updated,2025-26,Yes,Yes,Extra gap between adjacent parcels,Municipal assessment test record.
MCD-128-5075,P075,CP-BIN-011,Pranav Dhingra,Assessee,"Bindapur, Dwarka, Delhi",128 - Bindapur,Bindapur,Residential,296.8,388.0,Assessment current,Updated,2025-26,Yes,Yes,Extra gap between adjacent parcels,Municipal assessment test record.
MCD-128-5076,P076,CP-BIN-012,Kabir Wadhwa,Assessee,"Bindapur, Dwarka, Delhi",128 - Bindapur,Bindapur,Residential,183.2,245.2,Paid,Updated,2025-26,Yes,Yes,Extra gap between adjacent parcels,Municipal assessment test record.
MCD-128-5077,P077,CP-BIN-013,Sara Mehta,Assessee,"Bindapur, Dwarka, Delhi",128 - Bindapur,Bindapur,Residential,282.9,368.9,Paid,Updated,2025-26,Yes,Yes,Invalid topology / self-intersection,Municipal assessment test record.
MCD-128-5078,P078,CP-BIN-014,Aditya Joshi,Assessee,"Bindapur, Dwarka, Delhi",128 - Bindapur,Bindapur,Residential,115.5,197.8,Paid,Updated,2025-26,Yes,Yes,Invalid topology / self-intersection,Municipal assessment test record.
MCD-128-5079,P079,CP-BIN-015,Kavya Bansal,Assessee,"Bindapur, Dwarka, Delhi",128 - Bindapur,Bindapur,Residential,105.8,207.6,Paid,Updated,2025-26,Yes,Yes,Invalid topology / self-intersection,Municipal assessment test record.
MCD-128-5080,P080,CP-BIN-016,Priya Mehta,Assessee,"Bindapur, Dwarka, Delhi",128 - Bindapur,Bindapur,Residential,185.7,360.6,Paid,Updated,2025-26,Yes,Yes,Invalid topology / self-intersection,Municipal assessment test record.
MCD-128-5081,P081,CP-BIN-017,Avni Dhingra,Assessee,"Bindapur, Dwarka, Delhi",128 - Bindapur,Bindapur,Residential,249.3,351.3,Paid,Updated,2025-26,Yes,Yes,,Municipal assessment test record.
MCD-128-5082,P082,CP-BIN-018,Saanvi Arora,Assessee,"Bindapur, Dwarka, Delhi",128 - Bindapur,Bindapur,Residential,197.5,376.0,Paid,Updated,2025-26,Yes,Yes,,Municipal assessment test record.
MCD-128-5083,P083,CP-BIN-019,Priya Nair,Assessee,"Bindapur, Dwarka, Delhi",128 - Bindapur,Bindapur,Residential,156.7,295.4,Paid,Updated,2025-26,Yes,Yes,,Municipal assessment test record.
MCD-128-5084,P084,CP-BIN-020,Diya Nair,Assessee,"Bindapur, Dwarka, Delhi",128 - Bindapur,Bindapur,Residential,271.3,381.7,Paid,Updated,2025-26,Yes,Yes,,Municipal assessment test record.
MCD-128-5085,P085,CP-BIN-021,Kabir Kapoor,Assessee,"Bindapur, Dwarka, Delhi",128 - Bindapur,Bindapur,Residential,218.0,378.0,Assessment current,Updated,2025-26,Yes,Yes,,Municipal assessment test record.
MCD-128-5086,P086,CP-BIN-022,Rhea Kapoor,Assessee,"Bindapur, Dwarka, Delhi",128 - Bindapur,Bindapur,Residential,229.5,302.2,Paid,Updated,2025-26,Yes,Yes,,Municipal assessment test record.
MCD-128-5087,P087,CP-BIN-023,Anika Bansal,Assessee,"Bindapur, Dwarka, Delhi",128 - Bindapur,Bindapur,Residential,244.9,384.6,Paid,Updated,2025-26,Yes,Yes,,Municipal assessment test record.
MCD-128-5088,P088,CP-BIN-024,Kabir Arora,Assessee,"Bindapur, Dwarka, Delhi",128 - Bindapur,Bindapur,Residential,137.3,228.0,Paid,Updated,2025-26,Yes,Yes,,Municipal assessment test record.
MCD-128-5089,P089,CP-BIN-025,Nisha Kapoor,Assessee,"Bindapur, Dwarka, Delhi",128 - Bindapur,Bindapur,Residential,124.8,191.2,Paid,Updated,2025-26,Yes,Yes,,Municipal assessment test record.
MCD-128-5090,P090,CP-BIN-026,Meera Wadhwa,Assessee,"Bindapur, Dwarka, Delhi",128 - Bindapur,Bindapur,Residential,197.5,276.5,Assessment current,Updated,2025-26,Yes,Yes,,Municipal assessment test record.
MCD-128-5091,P091,CP-BIN-027,Ishaan Khanna,Assessee,"Bindapur, Dwarka, Delhi",128 - Bindapur,Bindapur,Residential,127.9,253.4,Paid,Updated,2025-26,Yes,Yes,,Municipal assessment test record.
MCD-128-5092,P092,CP-BIN-028,Aarav Batra,Assessee,"Bindapur, Dwarka, Delhi",128 - Bindapur,Bindapur,Residential,239.9,386.3,Paid,Updated,2025-26,Yes,Yes,,Municipal assessment test record.
MCD-128-5093,P093,CP-BIN-029,Mihir Sharma,Assessee,"Bindapur, Dwarka, Delhi",128 - Bindapur,Bindapur,Residential,215.0,315.6,Paid,Updated,2025-26,Yes,Yes,,Municipal assessment test record.
MCD-128-5094,P094,CP-BIN-030,Aditya Malhotra,Assessee,"Bindapur, Dwarka, Delhi",128 - Bindapur,Bindapur,Residential,153.8,228.7,Paid,Updated,2025-26,Yes,Yes,,Municipal assessment test record.
MCD-128-5095,P095,CP-BIN-031,Nisha Jain,Assessee,"Bindapur, Dwarka, Delhi",128 - Bindapur,Bindapur,Residential,169.3,331.7,Paid,Updated,2025-26,Yes,Yes,,Municipal assessment test record.
MCD-128-5096,P096,CP-BIN-032,Nikhil Kohli,Assessee,"Bindapur, Dwarka, Delhi",128 - Bindapur,Bindapur,Residential,212.3,287.3,Paid,Updated,2025-26,Yes,Yes,,Municipal assessment test record.
MCD-129-5097,P097,CP-DAB-001,Arjun Mehta,Assessee,"Dabri, Dwarka, Delhi",129 - Dabri,Dabri,Residential,122.4,220.8,Paid,Updated,2025-26,Yes,Yes,Legacy digitization errors,Municipal assessment test record.
MCD-129-5098,P098,CP-DAB-002,Akash Saxena,Assessee,"Dabri, Dwarka, Delhi",129 - Dabri,Dabri,Residential,188.6,292.5,Assessment current,Updated,2025-26,Yes,Yes,Legacy digitization errors,Municipal assessment test record.
MCD-129-5099,P099,CP-DAB-003,Priya Batra,Assessee,"Dabri, Dwarka, Delhi",129 - Dabri,Dabri,Residential,116.0,228.1,Paid,Updated,2025-26,Yes,Yes,Legacy digitization errors,Municipal assessment test record.
MCD-129-5100,P100,CP-DAB-004,Nisha Gupta,Assessee,"Dabri, Dwarka, Delhi",129 - Dabri,Dabri,Residential,102.2,198.4,Paid,Updated,2025-26,Yes,Yes,Legacy digitization errors,Municipal assessment test record.
MCD-129-5101,P101,CP-DAB-005,Rohan Nair,Assessee,"Dabri, Dwarka, Delhi",129 - Dabri,Dabri,Residential,173.7,228.9,Paid,Updated,2025-26,Yes,Yes,Mutation / registration history mismatch,Municipal assessment test record.
MCD-129-5102,P102,CP-DAB-006,Myra Chawla,Assessee,"Dabri, Dwarka, Delhi",129 - Dabri,Dabri,Residential,145.5,266.7,Paid,Updated,2025-26,Yes,Yes,Mutation / registration history mismatch,Municipal assessment test record.
MCD-129-5103,P103,CP-DAB-007,Mihir Joshi,Assessee,"Dabri, Dwarka, Delhi",129 - Dabri,Dabri,Residential,135.0,228.3,Paid,Updated,2025-26,Yes,Yes,Mutation / registration history mismatch,Municipal assessment test record.
MCD-129-5104,P104,CP-DAB-008,Isha Rao,Assessee,"Dabri, Dwarka, Delhi",129 - Dabri,Dabri,Residential,174.4,280.1,Assessment current,Updated,2025-26,Yes,Yes,Mutation / registration history mismatch,Municipal assessment test record.
MCD-129-5105,P105,CP-DAB-009,Arjun Batra,Assessee,"Dabri, Dwarka, Delhi",129 - Dabri,Dabri,Residential,154.9,214.8,Paid,Updated,2025-26,Yes,Yes,Survey status mismatch,"Municipal record is geotagged and field-verified, conflicting with survey verification status."
MCD-129-5106,P106,CP-DAB-010,Aisha Wadhwa,Assessee,"Dabri, Dwarka, Delhi",129 - Dabri,Dabri,Residential,199.9,323.7,Paid,Updated,2025-26,Yes,Yes,Survey status mismatch,"Municipal record is geotagged and field-verified, conflicting with survey verification status."
MCD-129-5107,P107,CP-DAB-011,Aarav Malhotra,Assessee,"Dabri, Dwarka, Delhi",129 - Dabri,Dabri,Residential,153.0,205.6,Paid,Updated,2025-26,Yes,Yes,Survey status mismatch,"Municipal record is geotagged and field-verified, conflicting with survey verification status."
MCD-129-5108,P108,CP-DAB-012,Raghav Sharma,Assessee,"Dabri, Dwarka, Delhi",129 - Dabri,Dabri,Residential,152.9,232.4,Assessment current,Updated,2025-26,Yes,Yes,Survey status mismatch,"Municipal record is geotagged and field-verified, conflicting with survey verification status."
MCD-129-5109,P109,CP-DAB-013,Aarav Rao,Assessee,"Dabri, Dwarka, Delhi",129 - Dabri,Dabri,Residential,282.2,385.6,Assessment current,Updated,2025-26,Yes,Yes,Planning / land-use mismatch,Municipal assessment test record.
MCD-129-5110,P110,CP-DAB-014,Kabir Malhotra,Assessee,"Dabri, Dwarka, Delhi",129 - Dabri,Dabri,Residential,173.1,320.1,Assessment current,Updated,2025-26,Yes,Yes,Planning / land-use mismatch,Municipal assessment test record.
MCD-129-5111,P111,CP-DAB-015,Varun Joshi,Assessee,"Dabri, Dwarka, Delhi",129 - Dabri,Dabri,Residential,219.9,344.5,Assessment current,Updated,2025-26,Yes,Yes,Planning / land-use mismatch,Municipal assessment test record.
MCD-129-5112,P112,CP-DAB-016,Kunal Sharma,Assessee,"Dabri, Dwarka, Delhi",129 - Dabri,Dabri,Residential,150.3,249.4,Paid,Updated,2025-26,Yes,Yes,Planning / land-use mismatch,Municipal assessment test record.
MCD-129-5113,P113,CP-DAB-017,Nikhil Kapoor,Assessee,"Dabri, Dwarka, Delhi",129 - Dabri,Dabri,Residential,200.0,347.0,Paid,Updated,2025-26,Yes,Yes,,Municipal assessment test record.
MCD-129-5114,P114,CP-DAB-018,Sara Rao,Assessee,"Dabri, Dwarka, Delhi",129 - Dabri,Dabri,Residential,173.8,324.1,Paid,Updated,2025-26,Yes,Yes,,Municipal assessment test record.
MCD-129-5115,P115,CP-DAB-019,Priya Gupta,Assessee,"Dabri, Dwarka, Delhi",129 - Dabri,Dabri,Residential,146.3,273.1,Assessment current,Updated,2025-26,Yes,Yes,,Municipal assessment test record.
MCD-129-5116,P116,CP-DAB-020,Priya Kohli,Assessee,"Dabri, Dwarka, Delhi",129 - Dabri,Dabri,Residential,281.6,378.3,Assessment current,Updated,2025-26,Yes,Yes,,Municipal assessment test record.
MCD-129-5117,P117,CP-DAB-021,Priya Sharma,Assessee,"Dabri, Dwarka, Delhi",129 - Dabri,Dabri,Residential,203.7,302.6,Paid,Updated,2025-26,Yes,Yes,,Municipal assessment test record.
MCD-129-5118,P118,CP-DAB-022,Aditi Wadhwa,Assessee,"Dabri, Dwarka, Delhi",129 - Dabri,Dabri,Residential,183.8,354.7,Assessment current,Updated,2025-26,Yes,Yes,,Municipal assessment test record.
MCD-129-5119,P119,CP-DAB-023,Arjun Nair,Assessee,"Dabri, Dwarka, Delhi",129 - Dabri,Dabri,Residential,215.1,386.7,Paid,Updated,2025-26,Yes,Yes,,Municipal assessment test record.
MCD-129-5120,P120,CP-DAB-024,Siya Arora,Assessee,"Dabri, Dwarka, Delhi",129 - Dabri,Dabri,Residential,210.6,322.8,Assessment current,Updated,2025-26,Yes,Yes,,Municipal assessment test record.
MCD-129-5121,P121,CP-DAB-025,Vihaan Kapoor,Assessee,"Dabri, Dwarka, Delhi",129 - Dabri,Dabri,Residential,236.8,307.6,Paid,Updated,2025-26,Yes,Yes,,Municipal assessment test record.
MCD-129-5122,P122,CP-DAB-026,Pranav Batra,Assessee,"Dabri, Dwarka, Delhi",129 - Dabri,Dabri,Residential,279.0,381.4,Paid,Updated,2025-26,Yes,Yes,,Municipal assessment test record.
MCD-129-5123,P123,CP-DAB-027,Rohan Saxena,Assessee,"Dabri, Dwarka, Delhi",129 - Dabri,Dabri,Residential,172.5,309.7,Paid,Updated,2025-26,Yes,Yes,,Municipal assessment test record.
MCD-129-5124,P124,CP-DAB-028,Kavya Nair,Assessee,"Dabri, Dwarka, Delhi",129 - Dabri,Dabri,Residential,127.1,201.4,Assessment current,Updated,2025-26,Yes,Yes,,Municipal assessment test record.
MCD-129-5125,P125,CP-DAB-029,Rohan Kohli,Assessee,"Dabri, Dwarka, Delhi",129 - Dabri,Dabri,Residential,156.3,256.0,Paid,Updated,2025-26,Yes,Yes,,Municipal assessment test record.
MCD-129-5126,P126,CP-DAB-030,Myra Dhingra,Assessee,"Dabri, Dwarka, Delhi",129 - Dabri,Dabri,Residential,185.8,240.3,Assessment current,Updated,2025-26,Yes,Yes,,Municipal assessment test record.
MCD-129-5127,P127,CP-DAB-031,Shreya Dhingra,Assessee,"Dabri, Dwarka, Delhi",129 - Dabri,Dabri,Residential,113.5,192.9,Paid,Updated,2025-26,Yes,Yes,,Municipal assessment test record.
MCD-129-5128,P128,CP-DAB-032,Vihaan Malhotra,Assessee,"Dabri, Dwarka, Delhi",129 - Dabri,Dabri,Residential,193.2,274.6,Paid,Updated,2025-26,Yes,Yes,,Municipal assessment test record.
