dda_planning_id,parcel_id_ref,canonical_id,planning_zone,planning_address,land_use_zone,master_plan_designation,development_control,road_row_m,reservation_status,approval_status,plan_year,source_plan,primary_conflict_type,notes
DDA-KII-9001,P001,CP-KAK-001,Zone K-II (Dwarka),"Kakrola, Dwarka, Delhi",Residential,Residential,Residential / local-area development controls,12,None,Mapped,2025,DDA Zone K-II planning reference,Parcel name mismatch,Planning-source test record for harmonization workflow.
DDA-KII-9002,P002,CP-KAK-002,Zone K-II (Dwarka),"Kakrola, Dwarka, Delhi",Residential,Residential,Residential / local-area development controls,12,None,Mapped,2025,DDA Zone K-II planning reference,Parcel name mismatch,Planning-source test record for harmonization workflow.
DDA-KII-9003,P003,CP-KAK-003,Zone K-II (Dwarka),"Kakrola, Dwarka, Delhi",Residential,Residential,Residential / local-area development controls,9,None,Mapped,2025,DDA Zone K-II planning reference,Parcel name mismatch,Planning-source test record for harmonization workflow.
DDA-KII-9004,P004,CP-KAK-004,Zone K-II (Dwarka),"Kakrola, Dwarka, Delhi",Residential,Residential,Residential / local-area development controls,24,None,Mapped,2025,DDA Zone K-II planning reference,Parcel name mismatch,Planning-source test record for harmonization workflow.
DDA-KII-9005,P005,CP-KAK-005,Zone K-II (Dwarka),"Kakrola, Dwarka, Delhi",Residential,Residential,Residential / local-area development controls,24,None,Mapped,2025,DDA Zone K-II planning reference,Owner mismatch,Planning-source test record for harmonization workflow.
DDA-KII-9006,P006,CP-KAK-006,Zone K-II (Dwarka),"Kakrola, Dwarka, Delhi",Residential,Residential,Residential / local-area development controls,24,None,Mapped,2025,DDA Zone K-II planning reference,Owner mismatch,Planning-source test record for harmonization workflow.
DDA-KII-9007,P007,CP-KAK-007,Zone K-II (Dwarka),"Kakrola, Dwarka, Delhi",Residential,Residential,Residential / local-area development controls,24,None,Mapped,2025,DDA Zone K-II planning reference,Owner mismatch,Planning-source test record for harmonization workflow.
DDA-KII-9008,P008,CP-KAK-008,Zone K-II (Dwarka),"Kakrola, Dwarka, Delhi",Residential,Residential,Residential / local-area development controls,9,None,Mapped,2025,DDA Zone K-II planning reference,Owner mismatch,Planning-source test record for harmonization workflow.
DDA-KII-9009,P009,CP-KAK-009,Zone K-II (Dwarka),"Kakrola, Dwarka, Delhi",Residential,Residential,Residential / local-area development controls,12,None,Mapped,2025,DDA Zone K-II planning reference,Geometry mismatch,Planning-source test record for harmonization workflow.
DDA-KII-9010,P010,CP-KAK-010,Zone K-II (Dwarka),"Kakrola, Dwarka, Delhi",Residential,Residential,Residential / local-area development controls,24,None,Mapped,2025,DDA Zone K-II planning reference,Geometry mismatch,Planning-source test record for harmonization workflow.
DDA-KII-9011,P011,CP-KAK-011,Zone K-II (Dwarka),"Kakrola, Dwarka, Delhi",Residential,Residential,Residential / local-area development controls,24,None,Mapped,2025,DDA Zone K-II planning reference,Geometry mismatch,Planning-source test record for harmonization workflow.
DDA-KII-9012,P012,CP-KAK-012,Zone K-II (Dwarka),"Kakrola, Dwarka, Delhi",Residential,Residential,Residential / local-area development controls,24,None,Mapped,2025,DDA Zone K-II planning reference,Geometry mismatch,Planning-source test record for harmonization workflow.
DDA-KII-9013,P013,CP-KAK-013,Zone K-II (Dwarka),"Kakrola, Dwarka, Delhi",Residential,Residential,Residential / local-area development controls,12,None,Mapped,2025,DDA Zone K-II planning reference,Area mismatch,Planning-source test record for harmonization workflow.
DDA-KII-9014,P014,CP-KAK-014,Zone K-II (Dwarka),"Kakrola, Dwarka, Delhi",Residential,Residential,Residential / local-area development controls,24,None,Mapped,2025,DDA Zone K-II planning reference,Area mismatch,Planning-source test record for harmonization workflow.
DDA-KII-9015,P015,CP-KAK-015,Zone K-II (Dwarka),"Kakrola, Dwarka, Delhi",Residential,Residential,Residential / local-area development controls,18,None,Mapped,2025,DDA Zone K-II planning reference,Area mismatch,Planning-source test record for harmonization workflow.
DDA-KII-9016,P016,CP-KAK-016,Zone K-II (Dwarka),"Kakrola, Dwarka, Delhi",Residential,Residential,Residential / local-area development controls,12,None,Mapped,2025,DDA Zone K-II planning reference,Area mismatch,Planning-source test record for harmonization workflow.
DDA-KII-9017,P017,CP-KAK-017,Zone K-II (Dwarka),"Kakrola, Dwarka, Delhi",Residential,Residential,Residential / local-area development controls,9,None,Mapped,2025,DDA Zone K-II planning reference,Parcel merging,Planning-source test record for harmonization workflow.
DDA-KII-9018,P018,CP-KAK-018,Zone K-II (Dwarka),"Kakrola, Dwarka, Delhi",Residential,Residential,Residential / local-area development controls,9,None,Mapped,2025,DDA Zone K-II planning reference,Parcel merging,Planning-source test record for harmonization workflow.
DDA-KII-9019,P019,CP-KAK-019,Zone K-II (Dwarka),"Kakrola, Dwarka, Delhi",Residential,Residential,Residential / local-area development controls,12,None,Mapped,2025,DDA Zone K-II planning reference,Parcel merging,Planning-source test record for harmonization workflow.
DDA-KII-9020,P020,CP-KAK-020,Zone K-II (Dwarka),"Kakrola, Dwarka, Delhi",Residential,Residential,Residential / local-area development controls,9,None,Mapped,2025,DDA Zone K-II planning reference,Parcel merging,Planning-source test record for harmonization workflow.
DDA-KII-9021,P021,CP-KAK-021,Zone K-II (Dwarka),"Kakrola, Dwarka, Delhi",Residential,Residential,Residential / local-area development controls,18,None,Mapped,2025,DDA Zone K-II planning reference,,Planning-source test record for harmonization workflow.
DDA-KII-9022,P022,CP-KAK-022,Zone K-II (Dwarka),"Kakrola, Dwarka, Delhi",Residential,Residential,Residential / local-area development controls,12,None,Mapped,2025,DDA Zone K-II planning reference,,Planning-source test record for harmonization workflow.
DDA-KII-9023,P023,CP-KAK-023,Zone K-II (Dwarka),"Kakrola, Dwarka, Delhi",Residential,Residential,Residential / local-area development controls,9,None,Mapped,2025,DDA Zone K-II planning reference,,Planning-source test record for harmonization workflow.
DDA-KII-9024,P024,CP-KAK-024,Zone K-II (Dwarka),"Kakrola, Dwarka, Delhi",Residential,Residential,Residential / local-area development controls,18,None,Mapped,2025,DDA Zone K-II planning reference,,Planning-source test record for harmonization workflow.
DDA-KII-9025,P025,CP-KAK-025,Zone K-II (Dwarka),"Kakrola, Dwarka, Delhi",Residential,Residential,Residential / local-area development controls,18,None,Mapped,2025,DDA Zone K-II planning reference,,Planning-source test record for harmonization workflow.
DDA-KII-9026,P026,CP-KAK-026,Zone K-II (Dwarka),"Kakrola, Dwarka, Delhi",Residential,Residential,Residential / local-area development controls,24,None,Mapped,2025,DDA Zone K-II planning reference,,Planning-source test record for harmonization workflow.
DDA-KII-9027,P027,CP-KAK-027,Zone K-II (Dwarka),"Kakrola, Dwarka, Delhi",Residential,Residential,Residential / local-area development controls,18,None,Mapped,2025,DDA Zone K-II planning reference,,Planning-source test record for harmonization workflow.
DDA-KII-9028,P028,CP-KAK-028,Zone K-II (Dwarka),"Kakrola, Dwarka, Delhi",Residential,Residential,Residential / local-area development controls,24,None,Mapped,2025,DDA Zone K-II planning reference,,Planning-source test record for harmonization workflow.
DDA-KII-9029,P029,CP-KAK-029,Zone K-II (Dwarka),"Kakrola, Dwarka, Delhi",Residential,Residential,Residential / local-area development controls,9,None,Mapped,2025,DDA Zone K-II planning reference,,Planning-source test record for harmonization workflow.
DDA-KII-9030,P030,CP-KAK-030,Zone K-II (Dwarka),"Kakrola, Dwarka, Delhi",Residential,Residential,Residential / local-area development controls,12,None,Mapped,2025,DDA Zone K-II planning reference,,Planning-source test record for harmonization workflow.
DDA-KII-9031,P031,CP-KAK-031,Zone K-II (Dwarka),"Kakrola, Dwarka, Delhi",Residential,Residential,Residential / local-area development controls,12,None,Mapped,2025,DDA Zone K-II planning reference,,Planning-source test record for harmonization workflow.
DDA-KII-9032,P032,CP-KAK-032,Zone K-II (Dwarka),"Kakrola, Dwarka, Delhi",Residential,Residential,Residential / local-area development controls,12,None,Mapped,2025,DDA Zone K-II planning reference,,Planning-source test record for harmonization workflow.
DDA-KII-9033,P033,CP-MAT-001,Zone K-II (Dwarka),"Matiala, Dwarka, Delhi",Residential,Residential,Residential / local-area development controls,9,None,Mapped,2025,DDA Zone K-II planning reference,Parcel splitting,Planning-source test record for harmonization workflow.
DDA-KII-9034,P034,CP-MAT-002,Zone K-II (Dwarka),"Matiala, Dwarka, Delhi",Residential,Residential,Residential / local-area development controls,18,None,Mapped,2025,DDA Zone K-II planning reference,Parcel splitting,Planning-source test record for harmonization workflow.
DDA-KII-9035,P035,CP-MAT-003,Zone K-II (Dwarka),"Matiala, Dwarka, Delhi",Residential,Residential,Residential / local-area development controls,18,None,Mapped,2025,DDA Zone K-II planning reference,Parcel splitting,Planning-source test record for harmonization workflow.
DDA-KII-9036,P036,CP-MAT-004,Zone K-II (Dwarka),"Matiala, Dwarka, Delhi",Residential,Residential,Residential / local-area development controls,24,None,Mapped,2025,DDA Zone K-II planning reference,Parcel splitting,Planning-source test record for harmonization workflow.
DDA-KII-9037,P037,CP-MAT-005,Zone K-II (Dwarka),"Matiala, Dwarka, Delhi",Residential,Residential,Residential / local-area development controls,24,None,Mapped,2025,DDA Zone K-II planning reference,Different addressing / field semantics,Planning-source test record for harmonization workflow.
DDA-KII-9038,P038,CP-MAT-006,Zone K-II (Dwarka),"Matiala, Dwarka, Delhi",Residential,Residential,Residential / local-area development controls,18,None,Mapped,2025,DDA Zone K-II planning reference,Different addressing / field semantics,Planning-source test record for harmonization workflow.
DDA-KII-9039,P039,CP-MAT-007,Zone K-II (Dwarka),"Matiala, Dwarka, Delhi",Residential,Residential,Residential / local-area development controls,9,None,Mapped,2025,DDA Zone K-II planning reference,Different addressing / field semantics,Planning-source test record for harmonization workflow.
DDA-KII-9040,P040,CP-MAT-008,Zone K-II (Dwarka),"Matiala, Dwarka, Delhi",Residential,Residential,Residential / local-area development controls,12,None,Mapped,2025,DDA Zone K-II planning reference,Different addressing / field semantics,Planning-source test record for harmonization workflow.
DDA-KII-9041,P041,CP-MAT-009,Zone K-II (Dwarka),"Matiala, Dwarka, Delhi",Residential,Residential,Residential / local-area development controls,9,None,Mapped,2025,DDA Zone K-II planning reference,Different coordinate systems,Planning-source test record for harmonization workflow.
DDA-KII-9042,P042,CP-MAT-010,Zone K-II (Dwarka),"Matiala, Dwarka, Delhi",Residential,Residential,Residential / local-area development controls,9,None,Mapped,2025,DDA Zone K-II planning reference,Different coordinate systems,Planning-source test record for harmonization workflow.
DDA-KII-9043,P043,CP-MAT-011,Zone K-II (Dwarka),"Matiala, Dwarka, Delhi",Residential,Residential,Residential / local-area development controls,18,None,Mapped,2025,DDA Zone K-II planning reference,Different coordinate systems,Planning-source test record for harmonization workflow.
DDA-KII-9044,P044,CP-MAT-012,Zone K-II (Dwarka),"Matiala, Dwarka, Delhi",Residential,Residential,Residential / local-area development controls,9,None,Mapped,2025,DDA Zone K-II planning reference,Different coordinate systems,Planning-source test record for harmonization workflow.
DDA-KII-9045,P045,CP-MAT-013,Zone K-II (Dwarka),"Matiala, Dwarka, Delhi",Residential,Residential,Residential / local-area development controls,9,None,Mapped,2025,DDA Zone K-II planning reference,Bad data - needs re-evaluation,Planning-source test record for harmonization workflow.
DDA-KII-9046,P046,CP-MAT-014,Zone K-II (Dwarka),"Matiala, Dwarka, Delhi",Residential,Residential,Residential / local-area development controls,24,None,Mapped,2025,DDA Zone K-II planning reference,Bad data - needs re-evaluation,Planning-source test record for harmonization workflow.
DDA-KII-9047,P047,CP-MAT-015,Zone K-II (Dwarka),"Matiala, Dwarka, Delhi",Residential,Residential,Residential / local-area development controls,24,None,Mapped,2025,DDA Zone K-II planning reference,Bad data - needs re-evaluation,Planning-source test record for harmonization workflow.
DDA-KII-9048,P048,CP-MAT-016,Zone K-II (Dwarka),"Matiala, Dwarka, Delhi",Residential,Residential,Residential / local-area development controls,9,None,Mapped,2025,DDA Zone K-II planning reference,Bad data - needs re-evaluation,Planning-source test record for harmonization workflow.
DDA-KII-9049,P049,CP-MAT-017,Zone K-II (Dwarka),"Matiala, Dwarka, Delhi",Residential,Residential,Residential / local-area development controls,9,None,Mapped,2025,DDA Zone K-II planning reference,,Planning-source test record for harmonization workflow.
DDA-KII-9050,P050,CP-MAT-018,Zone K-II (Dwarka),"Matiala, Dwarka, Delhi",Residential,Residential,Residential / local-area development controls,12,None,Mapped,2025,DDA Zone K-II planning reference,,Planning-source test record for harmonization workflow.
DDA-KII-9051,P051,CP-MAT-019,Zone K-II (Dwarka),"Matiala, Dwarka, Delhi",Residential,Residential,Residential / local-area development controls,24,None,Mapped,2025,DDA Zone K-II planning reference,,Planning-source test record for harmonization workflow.
DDA-KII-9052,P052,CP-MAT-020,Zone K-II (Dwarka),"Matiala, Dwarka, Delhi",Residential,Residential,Residential / local-area development controls,9,None,Mapped,2025,DDA Zone K-II planning reference,,Planning-source test record for harmonization workflow.
DDA-KII-9053,P053,CP-MAT-021,Zone K-II (Dwarka),"Matiala, Dwarka, Delhi",Residential,Residential,Residential / local-area development controls,12,None,Mapped,2025,DDA Zone K-II planning reference,,Planning-source test record for harmonization workflow.
DDA-KII-9054,P054,CP-MAT-022,Zone K-II (Dwarka),"Matiala, Dwarka, Delhi",Residential,Residential,Residential / local-area development controls,24,None,Mapped,2025,DDA Zone K-II planning reference,,Planning-source test record for harmonization workflow.
DDA-KII-9055,P055,CP-MAT-023,Zone K-II (Dwarka),"Matiala, Dwarka, Delhi",Residential,Residential,Residential / local-area development controls,18,None,Mapped,2025,DDA Zone K-II planning reference,,Planning-source test record for harmonization workflow.
DDA-KII-9056,P056,CP-MAT-024,Zone K-II (Dwarka),"Matiala, Dwarka, Delhi",Residential,Residential,Residential / local-area development controls,12,None,Mapped,2025,DDA Zone K-II planning reference,,Planning-source test record for harmonization workflow.
DDA-KII-9057,P057,CP-MAT-025,Zone K-II (Dwarka),"Matiala, Dwarka, Delhi",Residential,Residential,Residential / local-area development controls,12,None,Mapped,2025,DDA Zone K-II planning reference,,Planning-source test record for harmonization workflow.
DDA-KII-9058,P058,CP-MAT-026,Zone K-II (Dwarka),"Matiala, Dwarka, Delhi",Residential,Residential,Residential / local-area development controls,9,None,Mapped,2025,DDA Zone K-II planning reference,,Planning-source test record for harmonization workflow.
DDA-KII-9059,P059,CP-MAT-027,Zone K-II (Dwarka),"Matiala, Dwarka, Delhi",Residential,Residential,Residential / local-area development controls,24,None,Mapped,2025,DDA Zone K-II planning reference,,Planning-source test record for harmonization workflow.
DDA-KII-9060,P060,CP-MAT-028,Zone K-II (Dwarka),"Matiala, Dwarka, Delhi",Residential,Residential,Residential / local-area development controls,12,None,Mapped,2025,DDA Zone K-II planning reference,,Planning-source test record for harmonization workflow.
DDA-KII-9061,P061,CP-MAT-029,Zone K-II (Dwarka),"Matiala, Dwarka, Delhi",Residential,Residential,Residential / local-area development controls,12,None,Mapped,2025,DDA Zone K-II planning reference,,Planning-source test record for harmonization workflow.
DDA-KII-9062,P062,CP-MAT-030,Zone K-II (Dwarka),"Matiala, Dwarka, Delhi",Residential,Residential,Residential / local-area development controls,18,None,Mapped,2025,DDA Zone K-II planning reference,,Planning-source test record for harmonization workflow.
DDA-KII-9063,P063,CP-MAT-031,Zone K-II (Dwarka),"Matiala, Dwarka, Delhi",Residential,Residential,Residential / local-area development controls,18,None,Mapped,2025,DDA Zone K-II planning reference,,Planning-source test record for harmonization workflow.
DDA-KII-9064,P064,CP-MAT-032,Zone K-II (Dwarka),"Matiala, Dwarka, Delhi",Residential,Residential,Residential / local-area development controls,12,None,Mapped,2025,DDA Zone K-II planning reference,,Planning-source test record for harmonization workflow.
DDA-KII-9065,P065,CP-BIN-001,Zone K-II (Dwarka),"Bindapur, Dwarka, Delhi",Residential,Residential,Residential / local-area development controls,12,None,Mapped,2025,DDA Zone K-II planning reference,Digitized but never field verified,Planning-source test record for harmonization workflow.
DDA-KII-9066,P066,CP-BIN-002,Zone K-II (Dwarka),"Bindapur, Dwarka, Delhi",Residential,Residential,Residential / local-area development controls,24,None,Mapped,2025,DDA Zone K-II planning reference,Digitized but never field verified,Planning-source test record for harmonization workflow.
DDA-KII-9067,P067,CP-BIN-003,Zone K-II (Dwarka),"Bindapur, Dwarka, Delhi",Residential,Residential,Residential / local-area development controls,18,None,Mapped,2025,DDA Zone K-II planning reference,Digitized but never field verified,Planning-source test record for harmonization workflow.
DDA-KII-9068,P068,CP-BIN-004,Zone K-II (Dwarka),"Bindapur, Dwarka, Delhi",Residential,Residential,Residential / local-area development controls,12,None,Mapped,2025,DDA Zone K-II planning reference,Digitized but never field verified,Planning-source test record for harmonization workflow.
DDA-KII-9069,P069,CP-BIN-005,Zone K-II (Dwarka),"Bindapur, Dwarka, Delhi",Residential,Residential,Residential / local-area development controls,9,None,Mapped,2025,DDA Zone K-II planning reference,Parcel overlapping,Planning-source test record for harmonization workflow.
DDA-KII-9070,P070,CP-BIN-006,Zone K-II (Dwarka),"Bindapur, Dwarka, Delhi",Residential,Residential,Residential / local-area development controls,24,None,Mapped,2025,DDA Zone K-II planning reference,Parcel overlapping,Planning-source test record for harmonization workflow.
DDA-KII-9071,P071,CP-BIN-007,Zone K-II (Dwarka),"Bindapur, Dwarka, Delhi",Residential,Residential,Residential / local-area development controls,18,None,Mapped,2025,DDA Zone K-II planning reference,Parcel overlapping,Planning-source test record for harmonization workflow.
DDA-KII-9072,P072,CP-BIN-008,Zone K-II (Dwarka),"Bindapur, Dwarka, Delhi",Residential,Residential,Residential / local-area development controls,9,None,Mapped,2025,DDA Zone K-II planning reference,Parcel overlapping,Planning-source test record for harmonization workflow.
DDA-KII-9073,P073,CP-BIN-009,Zone K-II (Dwarka),"Bindapur, Dwarka, Delhi",Residential,Residential,Residential / local-area development controls,12,None,Mapped,2025,DDA Zone K-II planning reference,Extra gap between adjacent parcels,Planning-source test record for harmonization workflow.
DDA-KII-9074,P074,CP-BIN-010,Zone K-II (Dwarka),"Bindapur, Dwarka, Delhi",Residential,Residential,Residential / local-area development controls,9,None,Mapped,2025,DDA Zone K-II planning reference,Extra gap between adjacent parcels,Planning-source test record for harmonization workflow.
DDA-KII-9075,P075,CP-BIN-011,Zone K-II (Dwarka),"Bindapur, Dwarka, Delhi",Residential,Residential,Residential / local-area development controls,24,None,Mapped,2025,DDA Zone K-II planning reference,Extra gap between adjacent parcels,Planning-source test record for harmonization workflow.
DDA-KII-9076,P076,CP-BIN-012,Zone K-II (Dwarka),"Bindapur, Dwarka, Delhi",Residential,Residential,Residential / local-area development controls,18,None,Mapped,2025,DDA Zone K-II planning reference,Extra gap between adjacent parcels,Planning-source test record for harmonization workflow.
DDA-KII-9077,P077,CP-BIN-013,Zone K-II (Dwarka),"Bindapur, Dwarka, Delhi",Residential,Residential,Residential / local-area development controls,18,None,Mapped,2025,DDA Zone K-II planning reference,Invalid topology / self-intersection,Planning-source test record for harmonization workflow.
DDA-KII-9078,P078,CP-BIN-014,Zone K-II (Dwarka),"Bindapur, Dwarka, Delhi",Residential,Residential,Residential / local-area development controls,12,None,Mapped,2025,DDA Zone K-II planning reference,Invalid topology / self-intersection,Planning-source test record for harmonization workflow.
DDA-KII-9079,P079,CP-BIN-015,Zone K-II (Dwarka),"Bindapur, Dwarka, Delhi",Residential,Residential,Residential / local-area development controls,24,None,Mapped,2025,DDA Zone K-II planning reference,Invalid topology / self-intersection,Planning-source test record for harmonization workflow.
DDA-KII-9080,P080,CP-BIN-016,Zone K-II (Dwarka),"Bindapur, Dwarka, Delhi",Residential,Residential,Residential / local-area development controls,12,None,Mapped,2025,DDA Zone K-II planning reference,Invalid topology / self-intersection,Planning-source test record for harmonization workflow.
DDA-KII-9081,P081,CP-BIN-017,Zone K-II (Dwarka),"Bindapur, Dwarka, Delhi",Residential,Residential,Residential / local-area development controls,12,None,Mapped,2025,DDA Zone K-II planning reference,,Planning-source test record for harmonization workflow.
DDA-KII-9082,P082,CP-BIN-018,Zone K-II (Dwarka),"Bindapur, Dwarka, Delhi",Residential,Residential,Residential / local-area development controls,24,None,Mapped,2025,DDA Zone K-II planning reference,,Planning-source test record for harmonization workflow.
DDA-KII-9083,P083,CP-BIN-019,Zone K-II (Dwarka),"Bindapur, Dwarka, Delhi",Residential,Residential,Residential / local-area development controls,24,None,Mapped,2025,DDA Zone K-II planning reference,,Planning-source test record for harmonization workflow.
DDA-KII-9084,P084,CP-BIN-020,Zone K-II (Dwarka),"Bindapur, Dwarka, Delhi",Residential,Residential,Residential / local-area development controls,9,None,Mapped,2025,DDA Zone K-II planning reference,,Planning-source test record for harmonization workflow.
DDA-KII-9085,P085,CP-BIN-021,Zone K-II (Dwarka),"Bindapur, Dwarka, Delhi",Residential,Residential,Residential / local-area development controls,12,None,Mapped,2025,DDA Zone K-II planning reference,,Planning-source test record for harmonization workflow.
DDA-KII-9086,P086,CP-BIN-022,Zone K-II (Dwarka),"Bindapur, Dwarka, Delhi",Residential,Residential,Residential / local-area development controls,9,None,Mapped,2025,DDA Zone K-II planning reference,,Planning-source test record for harmonization workflow.
DDA-KII-9087,P087,CP-BIN-023,Zone K-II (Dwarka),"Bindapur, Dwarka, Delhi",Residential,Residential,Residential / local-area development controls,9,None,Mapped,2025,DDA Zone K-II planning reference,,Planning-source test record for harmonization workflow.
DDA-KII-9088,P088,CP-BIN-024,Zone K-II (Dwarka),"Bindapur, Dwarka, Delhi",Residential,Residential,Residential / local-area development controls,12,None,Mapped,2025,DDA Zone K-II planning reference,,Planning-source test record for harmonization workflow.
DDA-KII-9089,P089,CP-BIN-025,Zone K-II (Dwarka),"Bindapur, Dwarka, Delhi",Residential,Residential,Residential / local-area development controls,9,None,Mapped,2025,DDA Zone K-II planning reference,,Planning-source test record for harmonization workflow.
DDA-KII-9090,P090,CP-BIN-026,Zone K-II (Dwarka),"Bindapur, Dwarka, Delhi",Residential,Residential,Residential / local-area development controls,12,None,Mapped,2025,DDA Zone K-II planning reference,,Planning-source test record for harmonization workflow.
DDA-KII-9091,P091,CP-BIN-027,Zone K-II (Dwarka),"Bindapur, Dwarka, Delhi",Residential,Residential,Residential / local-area development controls,24,None,Mapped,2025,DDA Zone K-II planning reference,,Planning-source test record for harmonization workflow.
DDA-KII-9092,P092,CP-BIN-028,Zone K-II (Dwarka),"Bindapur, Dwarka, Delhi",Residential,Residential,Residential / local-area development controls,9,None,Mapped,2025,DDA Zone K-II planning reference,,Planning-source test record for harmonization workflow.
DDA-KII-9093,P093,CP-BIN-029,Zone K-II (Dwarka),"Bindapur, Dwarka, Delhi",Residential,Residential,Residential / local-area development controls,12,None,Mapped,2025,DDA Zone K-II planning reference,,Planning-source test record for harmonization workflow.
DDA-KII-9094,P094,CP-BIN-030,Zone K-II (Dwarka),"Bindapur, Dwarka, Delhi",Residential,Residential,Residential / local-area development controls,12,None,Mapped,2025,DDA Zone K-II planning reference,,Planning-source test record for harmonization workflow.
DDA-KII-9095,P095,CP-BIN-031,Zone K-II (Dwarka),"Bindapur, Dwarka, Delhi",Residential,Residential,Residential / local-area development controls,18,None,Mapped,2025,DDA Zone K-II planning reference,,Planning-source test record for harmonization workflow.
DDA-KII-9096,P096,CP-BIN-032,Zone K-II (Dwarka),"Bindapur, Dwarka, Delhi",Residential,Residential,Residential / local-area development controls,24,None,Mapped,2025,DDA Zone K-II planning reference,,Planning-source test record for harmonization workflow.
DDA-KII-9097,P097,CP-DAB-001,Zone K-II (Dwarka),"Dabri, Dwarka, Delhi",Residential,Residential,Residential / local-area development controls,18,None,Mapped,2025,DDA Zone K-II planning reference,Legacy digitization errors,Planning-source test record for harmonization workflow.
DDA-KII-9098,P098,CP-DAB-002,Zone K-II (Dwarka),"Dabri, Dwarka, Delhi",Residential,Residential,Residential / local-area development controls,9,None,Mapped,2025,DDA Zone K-II planning reference,Legacy digitization errors,Planning-source test record for harmonization workflow.
DDA-KII-9099,P099,CP-DAB-003,Zone K-II (Dwarka),"Dabri, Dwarka, Delhi",Residential,Residential,Residential / local-area development controls,9,None,Mapped,2025,DDA Zone K-II planning reference,Legacy digitization errors,Planning-source test record for harmonization workflow.
DDA-KII-9100,P100,CP-DAB-004,Zone K-II (Dwarka),"Dabri, Dwarka, Delhi",Residential,Residential,Residential / local-area development controls,12,None,Mapped,2025,DDA Zone K-II planning reference,Legacy digitization errors,Planning-source test record for harmonization workflow.
DDA-KII-9101,P101,CP-DAB-005,Zone K-II (Dwarka),"Dabri, Dwarka, Delhi",Residential,Residential,Residential / local-area development controls,12,None,Mapped,2025,DDA Zone K-II planning reference,Mutation / registration history mismatch,Planning-source test record for harmonization workflow.
DDA-KII-9102,P102,CP-DAB-006,Zone K-II (Dwarka),"Dabri, Dwarka, Delhi",Residential,Residential,Residential / local-area development controls,18,None,Mapped,2025,DDA Zone K-II planning reference,Mutation / registration history mismatch,Planning-source test record for harmonization workflow.
DDA-KII-9103,P103,CP-DAB-007,Zone K-II (Dwarka),"Dabri, Dwarka, Delhi",Residential,Residential,Residential / local-area development controls,9,None,Mapped,2025,DDA Zone K-II planning reference,Mutation / registration history mismatch,Planning-source test record for harmonization workflow.
DDA-KII-9104,P104,CP-DAB-008,Zone K-II (Dwarka),"Dabri, Dwarka, Delhi",Residential,Residential,Residential / local-area development controls,12,None,Mapped,2025,DDA Zone K-II planning reference,Mutation / registration history mismatch,Planning-source test record for harmonization workflow.
DDA-KII-9105,P105,CP-DAB-009,Zone K-II (Dwarka),"Dabri, Dwarka, Delhi",Residential,Residential,Residential / local-area development controls,12,None,Mapped,2025,DDA Zone K-II planning reference,Survey status mismatch,Planning-source test record for harmonization workflow.
DDA-KII-9106,P106,CP-DAB-010,Zone K-II (Dwarka),"Dabri, Dwarka, Delhi",Residential,Residential,Residential / local-area development controls,12,None,Mapped,2025,DDA Zone K-II planning reference,Survey status mismatch,Planning-source test record for harmonization workflow.
DDA-KII-9107,P107,CP-DAB-011,Zone K-II (Dwarka),"Dabri, Dwarka, Delhi",Residential,Residential,Residential / local-area development controls,24,None,Mapped,2025,DDA Zone K-II planning reference,Survey status mismatch,Planning-source test record for harmonization workflow.
DDA-KII-9108,P108,CP-DAB-012,Zone K-II (Dwarka),"Dabri, Dwarka, Delhi",Residential,Residential,Residential / local-area development controls,12,None,Mapped,2025,DDA Zone K-II planning reference,Survey status mismatch,Planning-source test record for harmonization workflow.
DDA-KII-9109,P109,CP-DAB-013,Zone K-II (Dwarka),"Dabri, Dwarka, Delhi",Commercial,Commercial / Local Shopping,Residential / local-area development controls,9,None,Review required,2025,DDA Zone K-II planning reference,Planning / land-use mismatch,Planning classification conflicts with revenue/MCD residential use and requires authoritative planning review.
DDA-KII-9110,P110,CP-DAB-014,Zone K-II (Dwarka),"Dabri, Dwarka, Delhi",Commercial,Commercial / Local Shopping,Residential / local-area development controls,12,None,Review required,2025,DDA Zone K-II planning reference,Planning / land-use mismatch,Planning classification conflicts with revenue/MCD residential use and requires authoritative planning review.
DDA-KII-9111,P111,CP-DAB-015,Zone K-II (Dwarka),"Dabri, Dwarka, Delhi",Commercial,Commercial / Local Shopping,Residential / local-area development controls,9,None,Review required,2025,DDA Zone K-II planning reference,Planning / land-use mismatch,Planning classification conflicts with revenue/MCD residential use and requires authoritative planning review.
DDA-KII-9112,P112,CP-DAB-016,Zone K-II (Dwarka),"Dabri, Dwarka, Delhi",Commercial,Commercial / Local Shopping,Residential / local-area development controls,18,None,Review required,2025,DDA Zone K-II planning reference,Planning / land-use mismatch,Planning classification conflicts with revenue/MCD residential use and requires authoritative planning review.
DDA-KII-9113,P113,CP-DAB-017,Zone K-II (Dwarka),"Dabri, Dwarka, Delhi",Residential,Residential,Residential / local-area development controls,12,None,Mapped,2025,DDA Zone K-II planning reference,,Planning-source test record for harmonization workflow.
DDA-KII-9114,P114,CP-DAB-018,Zone K-II (Dwarka),"Dabri, Dwarka, Delhi",Residential,Residential,Residential / local-area development controls,12,None,Mapped,2025,DDA Zone K-II planning reference,,Planning-source test record for harmonization workflow.
DDA-KII-9115,P115,CP-DAB-019,Zone K-II (Dwarka),"Dabri, Dwarka, Delhi",Residential,Residential,Residential / local-area development controls,24,None,Mapped,2025,DDA Zone K-II planning reference,,Planning-source test record for harmonization workflow.
DDA-KII-9116,P116,CP-DAB-020,Zone K-II (Dwarka),"Dabri, Dwarka, Delhi",Residential,Residential,Residential / local-area development controls,18,None,Mapped,2025,DDA Zone K-II planning reference,,Planning-source test record for harmonization workflow.
DDA-KII-9117,P117,CP-DAB-021,Zone K-II (Dwarka),"Dabri, Dwarka, Delhi",Residential,Residential,Residential / local-area development controls,24,None,Mapped,2025,DDA Zone K-II planning reference,,Planning-source test record for harmonization workflow.
DDA-KII-9118,P118,CP-DAB-022,Zone K-II (Dwarka),"Dabri, Dwarka, Delhi",Residential,Residential,Residential / local-area development controls,9,None,Mapped,2025,DDA Zone K-II planning reference,,Planning-source test record for harmonization workflow.
DDA-KII-9119,P119,CP-DAB-023,Zone K-II (Dwarka),"Dabri, Dwarka, Delhi",Residential,Residential,Residential / local-area development controls,24,None,Mapped,2025,DDA Zone K-II planning reference,,Planning-source test record for harmonization workflow.
DDA-KII-9120,P120,CP-DAB-024,Zone K-II (Dwarka),"Dabri, Dwarka, Delhi",Residential,Residential,Residential / local-area development controls,18,None,Mapped,2025,DDA Zone K-II planning reference,,Planning-source test record for harmonization workflow.
DDA-KII-9121,P121,CP-DAB-025,Zone K-II (Dwarka),"Dabri, Dwarka, Delhi",Residential,Residential,Residential / local-area development controls,24,None,Mapped,2025,DDA Zone K-II planning reference,,Planning-source test record for harmonization workflow.
DDA-KII-9122,P122,CP-DAB-026,Zone K-II (Dwarka),"Dabri, Dwarka, Delhi",Residential,Residential,Residential / local-area development controls,9,None,Mapped,2025,DDA Zone K-II planning reference,,Planning-source test record for harmonization workflow.
DDA-KII-9123,P123,CP-DAB-027,Zone K-II (Dwarka),"Dabri, Dwarka, Delhi",Residential,Residential,Residential / local-area development controls,12,None,Mapped,2025,DDA Zone K-II planning reference,,Planning-source test record for harmonization workflow.
DDA-KII-9124,P124,CP-DAB-028,Zone K-II (Dwarka),"Dabri, Dwarka, Delhi",Residential,Residential,Residential / local-area development controls,24,None,Mapped,2025,DDA Zone K-II planning reference,,Planning-source test record for harmonization workflow.
DDA-KII-9125,P125,CP-DAB-029,Zone K-II (Dwarka),"Dabri, Dwarka, Delhi",Residential,Residential,Residential / local-area development controls,18,None,Mapped,2025,DDA Zone K-II planning reference,,Planning-source test record for harmonization workflow.
DDA-KII-9126,P126,CP-DAB-030,Zone K-II (Dwarka),"Dabri, Dwarka, Delhi",Residential,Residential,Residential / local-area development controls,18,None,Mapped,2025,DDA Zone K-II planning reference,,Planning-source test record for harmonization workflow.
DDA-KII-9127,P127,CP-DAB-031,Zone K-II (Dwarka),"Dabri, Dwarka, Delhi",Residential,Residential,Residential / local-area development controls,9,None,Mapped,2025,DDA Zone K-II planning reference,,Planning-source test record for harmonization workflow.
DDA-KII-9128,P128,CP-DAB-032,Zone K-II (Dwarka),"Dabri, Dwarka, Delhi",Residential,Residential,Residential / local-area development controls,12,None,Mapped,2025,DDA Zone K-II planning reference,,Planning-source test record for harmonization workflow.
