conflict_id,parcel_id,canonical_id,conflict_type,severity,confidence,source_a,observed_a,source_b,observed_b,issue_summary,timeline_available,review_status
CON-001,P001,CP-KAK-001,Parcel name mismatch,Low,0.91,Revenue,Kakrola Khasra Plot 01,Survey,KAK Block-A Parcel-01,Parcel naming conventions disagree although stable identifiers and geometry align.,Yes,Open
CON-002,P002,CP-KAK-002,Parcel name mismatch,Low,0.94,Revenue,Kakrola Khasra Plot 02,Survey,KAK Block-A Parcel-02,Parcel naming conventions disagree although stable identifiers and geometry align.,Yes,Open
CON-003,P003,CP-KAK-003,Parcel name mismatch,Low,0.94,Revenue,Kakrola Khasra Plot 03,Survey,KAK Block-A Parcel-03,Parcel naming conventions disagree although stable identifiers and geometry align.,Yes,Open
CON-004,P004,CP-KAK-004,Parcel name mismatch,Low,0.93,Revenue,Kakrola Khasra Plot 04,Survey,KAK Block-A Parcel-04,Parcel naming conventions disagree although stable identifiers and geometry align.,Yes,Open
CON-005,P005,CP-KAK-005,Owner mismatch,High,0.74,Revenue,Sahil Malhotra,Registration + MCD,Yash Jain,Revenue ownership is stale relative to a newer registered transfer supported by the municipal holder record.,Yes,Open
CON-006,P006,CP-KAK-006,Owner mismatch,High,0.75,Revenue,Aarav Khanna,Registration + MCD,Saanvi Gupta,Revenue ownership is stale relative to a newer registered transfer supported by the municipal holder record.,Yes,Open
CON-007,P007,CP-KAK-007,Owner mismatch,High,0.75,Revenue,Naina Jain,Registration + MCD,Mihir Kapoor,Revenue ownership is stale relative to a newer registered transfer supported by the municipal holder record.,Yes,Open
CON-008,P008,CP-KAK-008,Owner mismatch,High,0.75,Revenue,Shaurya Sinha,Registration + MCD,Anika Kapoor,Revenue ownership is stale relative to a newer registered transfer supported by the municipal holder record.,Yes,Open
CON-009,P009,CP-KAK-009,Geometry mismatch,High,0.67,Survey,Survey polygon displaced beyond tolerance,GeoJSON / canonical,Stable canonical polygon,Survey geometry is spatially displaced relative to the canonical parcel beyond the configured tolerance.,Yes,Open
CON-010,P010,CP-KAK-010,Geometry mismatch,High,0.63,Survey,Survey polygon displaced beyond tolerance,GeoJSON / canonical,Stable canonical polygon,Survey geometry is spatially displaced relative to the canonical parcel beyond the configured tolerance.,Yes,Open
CON-011,P011,CP-KAK-011,Geometry mismatch,High,0.67,Survey,Survey polygon displaced beyond tolerance,GeoJSON / canonical,Stable canonical polygon,Survey geometry is spatially displaced relative to the canonical parcel beyond the configured tolerance.,Yes,Open
CON-012,P012,CP-KAK-012,Geometry mismatch,High,0.63,Survey,Survey polygon displaced beyond tolerance,GeoJSON / canonical,Stable canonical polygon,Survey geometry is spatially displaced relative to the canonical parcel beyond the configured tolerance.,Yes,Open
CON-013,P013,CP-KAK-013,Area mismatch,Medium,0.8,Revenue,379.4 sqm,Survey + Registration,316.7 / 428.0 sqm,Recorded parcel areas differ materially across sources beyond configured tolerance.,Yes,Open
CON-014,P014,CP-KAK-014,Area mismatch,Medium,0.78,Revenue,242.4 sqm,Survey + Registration,211.8 / 270.3 sqm,Recorded parcel areas differ materially across sources beyond configured tolerance.,Yes,Open
CON-015,P015,CP-KAK-015,Area mismatch,Medium,0.8,Revenue,254.7 sqm,Survey + Registration,223.2 / 278.9 sqm,Recorded parcel areas differ materially across sources beyond configured tolerance.,Yes,Open
CON-016,P016,CP-KAK-016,Area mismatch,Medium,0.79,Revenue,270.1 sqm,Survey + Registration,234.8 / 294.7 sqm,Recorded parcel areas differ materially across sources beyond configured tolerance.,Yes,Open
CON-017,P017,CP-KAK-017,Parcel merging,High,0.73,Revenue / Survey,Two separate parcel records,Registration + MCD,Combined holding with P018,Downstream records indicate amalgamation while cadastral/revenue sources still maintain separate parcels.,Yes,Open
CON-018,P018,CP-KAK-018,Parcel merging,High,0.72,Revenue / Survey,Two separate parcel records,Registration + MCD,Combined holding with P017,Downstream records indicate amalgamation while cadastral/revenue sources still maintain separate parcels.,Yes,Open
CON-019,P019,CP-KAK-019,Parcel merging,High,0.74,Revenue / Survey,Two separate parcel records,Registration + MCD,Combined holding with P020,Downstream records indicate amalgamation while cadastral/revenue sources still maintain separate parcels.,Yes,Open
CON-020,P020,CP-KAK-020,Parcel merging,High,0.74,Revenue / Survey,Two separate parcel records,Registration + MCD,Combined holding with P019,Downstream records indicate amalgamation while cadastral/revenue sources still maintain separate parcels.,Yes,Open
CON-021,P033,CP-MAT-001,Parcel splitting,High,0.73,Revenue,Pre-split parent parcel reference,Survey / GeoJSON,Child parcels including P033 and P034,Survey and current mapping show child parcels while revenue still references the older parent parcel.,Yes,Open
CON-022,P034,CP-MAT-002,Parcel splitting,High,0.73,Revenue,Pre-split parent parcel reference,Survey / GeoJSON,Child parcels including P034 and P033,Survey and current mapping show child parcels while revenue still references the older parent parcel.,Yes,Open
CON-023,P035,CP-MAT-003,Parcel splitting,High,0.73,Revenue,Pre-split parent parcel reference,Survey / GeoJSON,Child parcels including P035 and P036,Survey and current mapping show child parcels while revenue still references the older parent parcel.,Yes,Open
CON-024,P036,CP-MAT-004,Parcel splitting,High,0.71,Revenue,Pre-split parent parcel reference,Survey / GeoJSON,Child parcels including P036 and P035,Survey and current mapping show child parcels while revenue still references the older parent parcel.,Yes,Open
CON-025,P037,CP-MAT-005,Different addressing / field semantics,Low,0.89,Revenue,land_owner = Aarav Dhingra,Survey / MCD,Occupant_Name / Occupier-Assessee = Aarav Dhingra,The same person is represented under different role or field semantics across departmental schemas.,Yes,Open
CON-026,P038,CP-MAT-006,Different addressing / field semantics,Low,0.88,Revenue,land_owner = Akash Batra,Survey / MCD,Occupant_Name / Occupier-Assessee = Akash Batra,The same person is represented under different role or field semantics across departmental schemas.,Yes,Open
CON-027,P039,CP-MAT-007,Different addressing / field semantics,Low,0.87,Revenue,land_owner = Rhea Sharma,Survey / MCD,Occupant_Name / Occupier-Assessee = Rhea Sharma,The same person is represented under different role or field semantics across departmental schemas.,Yes,Open
CON-028,P040,CP-MAT-008,Different addressing / field semantics,Low,0.9,Revenue,land_owner = Kunal Kohli,Survey / MCD,Occupant_Name / Occupier-Assessee = Kunal Kohli,The same person is represented under different role or field semantics across departmental schemas.,Yes,Open
CON-029,P041,CP-MAT-009,Different coordinate systems,Medium,0.88,Survey,EPSG:32643,GeoJSON,EPSG:4326,Valid coordinates use different coordinate reference systems and require reprojection before spatial comparison.,Yes,Open
CON-030,P042,CP-MAT-010,Different coordinate systems,Medium,0.88,Survey,EPSG:32643,GeoJSON,EPSG:4326,Valid coordinates use different coordinate reference systems and require reprojection before spatial comparison.,Yes,Open
CON-031,P043,CP-MAT-011,Different coordinate systems,Medium,0.88,Survey,EPSG:32643,GeoJSON,EPSG:4326,Valid coordinates use different coordinate reference systems and require reprojection before spatial comparison.,Yes,Open
CON-032,P044,CP-MAT-012,Different coordinate systems,Medium,0.87,Survey,EPSG:32643,GeoJSON,EPSG:4326,Valid coordinates use different coordinate reference systems and require reprojection before spatial comparison.,Yes,Open
CON-033,P045,CP-MAT-013,Bad data - needs re-evaluation,Critical,0.42,Revenue / Survey,"Unreadable owner, zero area, or extreme measurement outlier",Registration / MCD,Incomplete or conflicting supporting values,One or more source values fail basic quality rules and should not contribute to canonical truth without re-evaluation.,Yes,Open
CON-034,P046,CP-MAT-014,Bad data - needs re-evaluation,Critical,0.41,Revenue / Survey,"Unreadable owner, zero area, or extreme measurement outlier",Registration / MCD,Incomplete or conflicting supporting values,One or more source values fail basic quality rules and should not contribute to canonical truth without re-evaluation.,Yes,Open
CON-035,P047,CP-MAT-015,Bad data - needs re-evaluation,Critical,0.4,Revenue / Survey,"Unreadable owner, zero area, or extreme measurement outlier",Registration / MCD,Incomplete or conflicting supporting values,One or more source values fail basic quality rules and should not contribute to canonical truth without re-evaluation.,Yes,Open
CON-036,P048,CP-MAT-016,Bad data - needs re-evaluation,Critical,0.42,Revenue / Survey,"Unreadable owner, zero area, or extreme measurement outlier",Registration / MCD,Incomplete or conflicting supporting values,One or more source values fail basic quality rules and should not contribute to canonical truth without re-evaluation.,Yes,Open
CON-037,P065,CP-BIN-001,Digitized but never field verified,High,0.56,Revenue / Survey,Digitized legacy record,Field verification state,Not field verified,Digital geometry and attributes exist but have never been checked on the ground.,Yes,Open
CON-038,P066,CP-BIN-002,Digitized but never field verified,High,0.6,Revenue / Survey,Digitized legacy record,Field verification state,Not field verified,Digital geometry and attributes exist but have never been checked on the ground.,Yes,Open
CON-039,P067,CP-BIN-003,Digitized but never field verified,High,0.57,Revenue / Survey,Digitized legacy record,Field verification state,Not field verified,Digital geometry and attributes exist but have never been checked on the ground.,Yes,Open
CON-040,P068,CP-BIN-004,Digitized but never field verified,High,0.6,Revenue / Survey,Digitized legacy record,Field verification state,Not field verified,Digital geometry and attributes exist but have never been checked on the ground.,Yes,Open
CON-041,P069,CP-BIN-005,Parcel overlapping,Critical,0.48,Survey P069,Expanded survey polygon,Survey P070,Overlapping adjacent polygon,"Adjacent survey parcel geometries overlap, creating double-claimed spatial area.",Yes,Open
CON-042,P070,CP-BIN-006,Parcel overlapping,Critical,0.47,Survey P070,Expanded survey polygon,Survey P069,Overlapping adjacent polygon,"Adjacent survey parcel geometries overlap, creating double-claimed spatial area.",Yes,Open
CON-043,P071,CP-BIN-007,Parcel overlapping,Critical,0.47,Survey P071,Expanded survey polygon,Survey P072,Overlapping adjacent polygon,"Adjacent survey parcel geometries overlap, creating double-claimed spatial area.",Yes,Open
CON-044,P072,CP-BIN-008,Parcel overlapping,Critical,0.47,Survey P072,Expanded survey polygon,Survey P071,Overlapping adjacent polygon,"Adjacent survey parcel geometries overlap, creating double-claimed spatial area.",Yes,Open
CON-045,P073,CP-BIN-009,Extra gap between adjacent parcels,High,0.59,2025 Survey,Gap between P073 and P074,Historical / canonical geometry,Smaller expected inter-parcel spacing,Current redigitization creates an unexplained widening of the gap between adjacent parcels relative to historical/canonical spacing.,Yes,Open
CON-046,P074,CP-BIN-010,Extra gap between adjacent parcels,High,0.59,2025 Survey,Gap between P074 and P073,Historical / canonical geometry,Smaller expected inter-parcel spacing,Current redigitization creates an unexplained widening of the gap between adjacent parcels relative to historical/canonical spacing.,Yes,Open
CON-047,P075,CP-BIN-011,Extra gap between adjacent parcels,High,0.59,2025 Survey,Gap between P075 and P076,Historical / canonical geometry,Smaller expected inter-parcel spacing,Current redigitization creates an unexplained widening of the gap between adjacent parcels relative to historical/canonical spacing.,Yes,Open
CON-048,P076,CP-BIN-012,Extra gap between adjacent parcels,High,0.61,2025 Survey,Gap between P076 and P075,Historical / canonical geometry,Smaller expected inter-parcel spacing,Current redigitization creates an unexplained widening of the gap between adjacent parcels relative to historical/canonical spacing.,Yes,Open
CON-049,P077,CP-BIN-013,Invalid topology / self-intersection,Critical,0.44,Survey,Self-intersecting polygon,GeoJSON / canonical,Valid polygon,Survey geometry is topologically invalid and cannot be safely used for area or adjacency calculations.,Yes,Open
CON-050,P078,CP-BIN-014,Invalid topology / self-intersection,Critical,0.44,Survey,Self-intersecting polygon,GeoJSON / canonical,Valid polygon,Survey geometry is topologically invalid and cannot be safely used for area or adjacency calculations.,Yes,Open
CON-051,P079,CP-BIN-015,Invalid topology / self-intersection,Critical,0.42,Survey,Self-intersecting polygon,GeoJSON / canonical,Valid polygon,Survey geometry is topologically invalid and cannot be safely used for area or adjacency calculations.,Yes,Open
CON-052,P080,CP-BIN-016,Invalid topology / self-intersection,Critical,0.45,Survey,Self-intersecting polygon,GeoJSON / canonical,Valid polygon,Survey geometry is topologically invalid and cannot be safely used for area or adjacency calculations.,Yes,Open
CON-053,P097,CP-DAB-001,Legacy digitization errors,Medium,0.68,Revenue legacy digitization,Decimal or OCR/transcription anomaly,Survey + Registration,Consistent modern values,"A legacy digitized value appears to contain OCR, decimal-place, or identifier transcription error.",Yes,Open
CON-054,P098,CP-DAB-002,Legacy digitization errors,Medium,0.7,Revenue legacy digitization,Decimal or OCR/transcription anomaly,Survey + Registration,Consistent modern values,"A legacy digitized value appears to contain OCR, decimal-place, or identifier transcription error.",Yes,Open
CON-055,P099,CP-DAB-003,Legacy digitization errors,Medium,0.7,Revenue legacy digitization,Decimal or OCR/transcription anomaly,Survey + Registration,Consistent modern values,"A legacy digitized value appears to contain OCR, decimal-place, or identifier transcription error.",Yes,Open
CON-056,P100,CP-DAB-004,Legacy digitization errors,Medium,0.71,Revenue legacy digitization,Decimal or OCR/transcription anomaly,Survey + Registration,Consistent modern values,"A legacy digitized value appears to contain OCR, decimal-place, or identifier transcription error.",Yes,Open
CON-057,P101,CP-DAB-005,Mutation / registration history mismatch,High,0.63,Revenue mutation history,Last linked mutation 2021-04-06,Registration,Transfer registered 2025-02-05 with pending mutation link,A newer registration event is not represented in the current revenue mutation chain.,Yes,Open
CON-058,P102,CP-DAB-006,Mutation / registration history mismatch,High,0.66,Revenue mutation history,Last linked mutation 2021-07-13,Registration,Transfer registered 2025-07-16 with pending mutation link,A newer registration event is not represented in the current revenue mutation chain.,Yes,Open
CON-059,P103,CP-DAB-007,Mutation / registration history mismatch,High,0.64,Revenue mutation history,Last linked mutation 2021-10-20,Registration,Transfer registered 2025-12-27 with pending mutation link,A newer registration event is not represented in the current revenue mutation chain.,Yes,Open
CON-060,P104,CP-DAB-008,Mutation / registration history mismatch,High,0.66,Revenue mutation history,Last linked mutation 2021-01-27,Registration,Transfer registered 2025-05-11 with pending mutation link,A newer registration event is not represented in the current revenue mutation chain.,Yes,Open
CON-061,P105,CP-DAB-009,Survey status mismatch,Medium,0.79,Survey,Field verification pending,MCD / Revenue,Field verified/current,Departments disagree on whether the parcel has been field verified.,Yes,Open
CON-062,P106,CP-DAB-010,Survey status mismatch,Medium,0.78,Survey,Field verification pending,MCD / Revenue,Field verified/current,Departments disagree on whether the parcel has been field verified.,Yes,Open
CON-063,P107,CP-DAB-011,Survey status mismatch,Medium,0.79,Survey,Field verification pending,MCD / Revenue,Field verified/current,Departments disagree on whether the parcel has been field verified.,Yes,Open
CON-064,P108,CP-DAB-012,Survey status mismatch,Medium,0.75,Survey,Field verification pending,MCD / Revenue,Field verified/current,Departments disagree on whether the parcel has been field verified.,Yes,Open
CON-065,P109,CP-DAB-013,Planning / land-use mismatch,Medium,0.76,Revenue / MCD,Residential use,DDA planning,Commercial / Local Shopping,Planning land-use classification conflicts with current revenue/municipal land-use attributes.,Yes,Open
CON-066,P110,CP-DAB-014,Planning / land-use mismatch,Medium,0.75,Revenue / MCD,Residential use,DDA planning,Commercial / Local Shopping,Planning land-use classification conflicts with current revenue/municipal land-use attributes.,Yes,Open
CON-067,P111,CP-DAB-015,Planning / land-use mismatch,Medium,0.75,Revenue / MCD,Residential use,DDA planning,Commercial / Local Shopping,Planning land-use classification conflicts with current revenue/municipal land-use attributes.,Yes,Open
CON-068,P112,CP-DAB-016,Planning / land-use mismatch,Medium,0.76,Revenue / MCD,Residential use,DDA planning,Commercial / Local Shopping,Planning land-use classification conflicts with current revenue/municipal land-use attributes.,Yes,Open
