recommendation_id,conflict_id,parcel_id,conflict_type,suggested_canonical_value_or_action,authority_basis,recommendation_confidence,automation_level,human_action_required,decision_status,explanation
REC-001,CON-001,P001,Parcel name mismatch,KAK Block-A Parcel-01,"Normalize aliases using stable parcel_id, survey_no and geometry.",0.91,Suggest,Confirm alias mapping; no field survey is normally required.,Pending,"Parcel naming conventions disagree although stable identifiers and geometry align. Normalize aliases using stable parcel_id, survey_no and geometry."
REC-002,CON-002,P002,Parcel name mismatch,KAK Block-A Parcel-02,"Normalize aliases using stable parcel_id, survey_no and geometry.",0.94,Suggest,Confirm alias mapping; no field survey is normally required.,Pending,"Parcel naming conventions disagree although stable identifiers and geometry align. Normalize aliases using stable parcel_id, survey_no and geometry."
REC-003,CON-003,P003,Parcel name mismatch,KAK Block-A Parcel-03,"Normalize aliases using stable parcel_id, survey_no and geometry.",0.94,Suggest,Confirm alias mapping; no field survey is normally required.,Pending,"Parcel naming conventions disagree although stable identifiers and geometry align. Normalize aliases using stable parcel_id, survey_no and geometry."
REC-004,CON-004,P004,Parcel name mismatch,KAK Block-A Parcel-04,"Normalize aliases using stable parcel_id, survey_no and geometry.",0.93,Suggest,Confirm alias mapping; no field survey is normally required.,Pending,"Parcel naming conventions disagree although stable identifiers and geometry align. Normalize aliases using stable parcel_id, survey_no and geometry."
REC-005,CON-005,P005,Owner mismatch,Yash Jain,Prefer the newer verified registration event while preserving stale revenue evidence.,0.74,Manual,Confirm deed validity and mutation status before canonical owner update.,Pending,Revenue ownership is stale relative to a newer registered transfer supported by the municipal holder record. Prefer the newer verified registration event while preserving stale revenue evidence.
REC-006,CON-006,P006,Owner mismatch,Saanvi Gupta,Prefer the newer verified registration event while preserving stale revenue evidence.,0.75,Manual,Confirm deed validity and mutation status before canonical owner update.,Pending,Revenue ownership is stale relative to a newer registered transfer supported by the municipal holder record. Prefer the newer verified registration event while preserving stale revenue evidence.
REC-007,CON-007,P007,Owner mismatch,Mihir Kapoor,Prefer the newer verified registration event while preserving stale revenue evidence.,0.75,Manual,Confirm deed validity and mutation status before canonical owner update.,Pending,Revenue ownership is stale relative to a newer registered transfer supported by the municipal holder record. Prefer the newer verified registration event while preserving stale revenue evidence.
REC-008,CON-008,P008,Owner mismatch,Anika Kapoor,Prefer the newer verified registration event while preserving stale revenue evidence.,0.75,Manual,Confirm deed validity and mutation status before canonical owner update.,Pending,Revenue ownership is stale relative to a newer registered transfer supported by the municipal holder record. Prefer the newer verified registration event while preserving stale revenue evidence.
REC-009,CON-009,P009,Geometry mismatch,Do not overwrite automatically,Boundary geometry disagreement requires control-point or field verification.,0.67,Manual,Compare control points and perform targeted resurvey if required.,Pending,Survey geometry is spatially displaced relative to the canonical parcel beyond the configured tolerance. Boundary geometry disagreement requires control-point or field verification.
REC-010,CON-010,P010,Geometry mismatch,Do not overwrite automatically,Boundary geometry disagreement requires control-point or field verification.,0.63,Manual,Compare control points and perform targeted resurvey if required.,Pending,Survey geometry is spatially displaced relative to the canonical parcel beyond the configured tolerance. Boundary geometry disagreement requires control-point or field verification.
REC-011,CON-011,P011,Geometry mismatch,Do not overwrite automatically,Boundary geometry disagreement requires control-point or field verification.,0.67,Manual,Compare control points and perform targeted resurvey if required.,Pending,Survey geometry is spatially displaced relative to the canonical parcel beyond the configured tolerance. Boundary geometry disagreement requires control-point or field verification.
REC-012,CON-012,P012,Geometry mismatch,Do not overwrite automatically,Boundary geometry disagreement requires control-point or field verification.,0.63,Manual,Compare control points and perform targeted resurvey if required.,Pending,Survey geometry is spatially displaced relative to the canonical parcel beyond the configured tolerance. Boundary geometry disagreement requires control-point or field verification.
REC-013,CON-013,P013,Area mismatch,Retain all source areas; mark canonical area provisional,Area discrepancies require geometry-derived area comparison and authoritative document review.,0.8,Manual,Validate deed schedule and survey measurement before selecting canonical area.,Pending,Recorded parcel areas differ materially across sources beyond configured tolerance. Area discrepancies require geometry-derived area comparison and authoritative document review.
REC-014,CON-014,P014,Area mismatch,Retain all source areas; mark canonical area provisional,Area discrepancies require geometry-derived area comparison and authoritative document review.,0.78,Manual,Validate deed schedule and survey measurement before selecting canonical area.,Pending,Recorded parcel areas differ materially across sources beyond configured tolerance. Area discrepancies require geometry-derived area comparison and authoritative document review.
REC-015,CON-015,P015,Area mismatch,Retain all source areas; mark canonical area provisional,Area discrepancies require geometry-derived area comparison and authoritative document review.,0.8,Manual,Validate deed schedule and survey measurement before selecting canonical area.,Pending,Recorded parcel areas differ materially across sources beyond configured tolerance. Area discrepancies require geometry-derived area comparison and authoritative document review.
REC-016,CON-016,P016,Area mismatch,Retain all source areas; mark canonical area provisional,Area discrepancies require geometry-derived area comparison and authoritative document review.,0.79,Manual,Validate deed schedule and survey measurement before selecting canonical area.,Pending,Recorded parcel areas differ materially across sources beyond configured tolerance. Area discrepancies require geometry-derived area comparison and authoritative document review.
REC-017,CON-017,P017,Parcel merging,Create merge proposal with lineage for P017 + P018,Registered amalgamation evidence plus municipal merged assessment.,0.73,Manual,Authorized reviewer confirms legal/cadastral merge.,Pending,Downstream records indicate amalgamation while cadastral/revenue sources still maintain separate parcels. Registered amalgamation evidence plus municipal merged assessment.
REC-018,CON-018,P018,Parcel merging,Create merge proposal with lineage for P018 + P017,Registered amalgamation evidence plus municipal merged assessment.,0.72,Manual,Authorized reviewer confirms legal/cadastral merge.,Pending,Downstream records indicate amalgamation while cadastral/revenue sources still maintain separate parcels. Registered amalgamation evidence plus municipal merged assessment.
REC-019,CON-019,P019,Parcel merging,Create merge proposal with lineage for P019 + P020,Registered amalgamation evidence plus municipal merged assessment.,0.74,Manual,Authorized reviewer confirms legal/cadastral merge.,Pending,Downstream records indicate amalgamation while cadastral/revenue sources still maintain separate parcels. Registered amalgamation evidence plus municipal merged assessment.
REC-020,CON-020,P020,Parcel merging,Create merge proposal with lineage for P020 + P019,Registered amalgamation evidence plus municipal merged assessment.,0.74,Manual,Authorized reviewer confirms legal/cadastral merge.,Pending,Downstream records indicate amalgamation while cadastral/revenue sources still maintain separate parcels. Registered amalgamation evidence plus municipal merged assessment.
REC-021,CON-021,P033,Parcel splitting,Create split lineage linking parent and child parcels,Subdivision evidence should create explicit parent-child parcel history rather than overwrite the parent.,0.73,Manual,Confirm subdivision/partition authority and effective date.,Pending,Survey and current mapping show child parcels while revenue still references the older parent parcel. Subdivision evidence should create explicit parent-child parcel history rather than overwrite the parent.
REC-022,CON-022,P034,Parcel splitting,Create split lineage linking parent and child parcels,Subdivision evidence should create explicit parent-child parcel history rather than overwrite the parent.,0.73,Manual,Confirm subdivision/partition authority and effective date.,Pending,Survey and current mapping show child parcels while revenue still references the older parent parcel. Subdivision evidence should create explicit parent-child parcel history rather than overwrite the parent.
REC-023,CON-023,P035,Parcel splitting,Create split lineage linking parent and child parcels,Subdivision evidence should create explicit parent-child parcel history rather than overwrite the parent.,0.73,Manual,Confirm subdivision/partition authority and effective date.,Pending,Survey and current mapping show child parcels while revenue still references the older parent parcel. Subdivision evidence should create explicit parent-child parcel history rather than overwrite the parent.
REC-024,CON-024,P036,Parcel splitting,Create split lineage linking parent and child parcels,Subdivision evidence should create explicit parent-child parcel history rather than overwrite the parent.,0.71,Manual,Confirm subdivision/partition authority and effective date.,Pending,Survey and current mapping show child parcels while revenue still references the older parent parcel. Subdivision evidence should create explicit parent-child parcel history rather than overwrite the parent.
REC-025,CON-025,P037,Different addressing / field semantics,Aarav Dhingra,Semantic mapping preserves source roles while resolving the canonical display identity.,0.89,Suggest,Confirm the role equivalence for this workflow.,Pending,The same person is represented under different role or field semantics across departmental schemas. Semantic mapping preserves source roles while resolving the canonical display identity.
REC-026,CON-026,P038,Different addressing / field semantics,Akash Batra,Semantic mapping preserves source roles while resolving the canonical display identity.,0.88,Suggest,Confirm the role equivalence for this workflow.,Pending,The same person is represented under different role or field semantics across departmental schemas. Semantic mapping preserves source roles while resolving the canonical display identity.
REC-027,CON-027,P039,Different addressing / field semantics,Rhea Sharma,Semantic mapping preserves source roles while resolving the canonical display identity.,0.87,Suggest,Confirm the role equivalence for this workflow.,Pending,The same person is represented under different role or field semantics across departmental schemas. Semantic mapping preserves source roles while resolving the canonical display identity.
REC-028,CON-028,P040,Different addressing / field semantics,Kunal Kohli,Semantic mapping preserves source roles while resolving the canonical display identity.,0.9,Suggest,Confirm the role equivalence for this workflow.,Pending,The same person is represented under different role or field semantics across departmental schemas. Semantic mapping preserves source roles while resolving the canonical display identity.
REC-029,CON-029,P041,Different coordinate systems,Reproject survey geometry to EPSG:4326 for comparison,CRS metadata is explicit; reprojection is deterministic.,0.88,Suggest,Validate transformation and axis order.,Pending,Valid coordinates use different coordinate reference systems and require reprojection before spatial comparison. CRS metadata is explicit; reprojection is deterministic.
REC-030,CON-030,P042,Different coordinate systems,Reproject survey geometry to EPSG:4326 for comparison,CRS metadata is explicit; reprojection is deterministic.,0.88,Suggest,Validate transformation and axis order.,Pending,Valid coordinates use different coordinate reference systems and require reprojection before spatial comparison. CRS metadata is explicit; reprojection is deterministic.
REC-031,CON-031,P043,Different coordinate systems,Reproject survey geometry to EPSG:4326 for comparison,CRS metadata is explicit; reprojection is deterministic.,0.88,Suggest,Validate transformation and axis order.,Pending,Valid coordinates use different coordinate reference systems and require reprojection before spatial comparison. CRS metadata is explicit; reprojection is deterministic.
REC-032,CON-032,P044,Different coordinate systems,Reproject survey geometry to EPSG:4326 for comparison,CRS metadata is explicit; reprojection is deterministic.,0.87,Suggest,Validate transformation and axis order.,Pending,Valid coordinates use different coordinate reference systems and require reprojection before spatial comparison. CRS metadata is explicit; reprojection is deterministic.
REC-033,CON-033,P045,Bad data - needs re-evaluation,Quarantine bad observations,"Quality gate detects impossible, missing, or outlier values.",0.42,Block,Re-open source documents and conduct field re-evaluation.,Pending,"One or more source values fail basic quality rules and should not contribute to canonical truth without re-evaluation. Quality gate detects impossible, missing, or outlier values."
REC-034,CON-034,P046,Bad data - needs re-evaluation,Quarantine bad observations,"Quality gate detects impossible, missing, or outlier values.",0.41,Block,Re-open source documents and conduct field re-evaluation.,Pending,"One or more source values fail basic quality rules and should not contribute to canonical truth without re-evaluation. Quality gate detects impossible, missing, or outlier values."
REC-035,CON-035,P047,Bad data - needs re-evaluation,Quarantine bad observations,"Quality gate detects impossible, missing, or outlier values.",0.4,Block,Re-open source documents and conduct field re-evaluation.,Pending,"One or more source values fail basic quality rules and should not contribute to canonical truth without re-evaluation. Quality gate detects impossible, missing, or outlier values."
REC-036,CON-036,P048,Bad data - needs re-evaluation,Quarantine bad observations,"Quality gate detects impossible, missing, or outlier values.",0.42,Block,Re-open source documents and conduct field re-evaluation.,Pending,"One or more source values fail basic quality rules and should not contribute to canonical truth without re-evaluation. Quality gate detects impossible, missing, or outlier values."
REC-037,CON-037,P065,Digitized but never field verified,Keep provisional; cap confidence,Digitization alone does not establish positional or ground truth.,0.56,Manual,Schedule field verification before authoritative use.,Pending,Digital geometry and attributes exist but have never been checked on the ground. Digitization alone does not establish positional or ground truth.
REC-038,CON-038,P066,Digitized but never field verified,Keep provisional; cap confidence,Digitization alone does not establish positional or ground truth.,0.6,Manual,Schedule field verification before authoritative use.,Pending,Digital geometry and attributes exist but have never been checked on the ground. Digitization alone does not establish positional or ground truth.
REC-039,CON-039,P067,Digitized but never field verified,Keep provisional; cap confidence,Digitization alone does not establish positional or ground truth.,0.57,Manual,Schedule field verification before authoritative use.,Pending,Digital geometry and attributes exist but have never been checked on the ground. Digitization alone does not establish positional or ground truth.
REC-040,CON-040,P068,Digitized but never field verified,Keep provisional; cap confidence,Digitization alone does not establish positional or ground truth.,0.6,Manual,Schedule field verification before authoritative use.,Pending,Digital geometry and attributes exist but have never been checked on the ground. Digitization alone does not establish positional or ground truth.
REC-041,CON-041,P069,Parcel overlapping,Topology conflict - unresolved,Canonical parcels should not overlap absent an explicit legal strata/right condition.,0.48,Block,Boundary adjudication or resurvey is required.,Pending,"Adjacent survey parcel geometries overlap, creating double-claimed spatial area. Canonical parcels should not overlap absent an explicit legal strata/right condition."
REC-042,CON-042,P070,Parcel overlapping,Topology conflict - unresolved,Canonical parcels should not overlap absent an explicit legal strata/right condition.,0.47,Block,Boundary adjudication or resurvey is required.,Pending,"Adjacent survey parcel geometries overlap, creating double-claimed spatial area. Canonical parcels should not overlap absent an explicit legal strata/right condition."
REC-043,CON-043,P071,Parcel overlapping,Topology conflict - unresolved,Canonical parcels should not overlap absent an explicit legal strata/right condition.,0.47,Block,Boundary adjudication or resurvey is required.,Pending,"Adjacent survey parcel geometries overlap, creating double-claimed spatial area. Canonical parcels should not overlap absent an explicit legal strata/right condition."
REC-044,CON-044,P072,Parcel overlapping,Topology conflict - unresolved,Canonical parcels should not overlap absent an explicit legal strata/right condition.,0.47,Block,Boundary adjudication or resurvey is required.,Pending,"Adjacent survey parcel geometries overlap, creating double-claimed spatial area. Canonical parcels should not overlap absent an explicit legal strata/right condition."
REC-045,CON-045,P073,Extra gap between adjacent parcels,Retain prior geometry as evidence; flag 2025 boundary,Temporal geometry comparison detects an unexplained increase in inter-parcel spacing.,0.59,Manual,Check road/ROW/resurvey notes and verify the ground boundary.,Pending,Current redigitization creates an unexplained widening of the gap between adjacent parcels relative to historical/canonical spacing. Temporal geometry comparison detects an unexplained increase in inter-parcel spacing.
REC-046,CON-046,P074,Extra gap between adjacent parcels,Retain prior geometry as evidence; flag 2025 boundary,Temporal geometry comparison detects an unexplained increase in inter-parcel spacing.,0.59,Manual,Check road/ROW/resurvey notes and verify the ground boundary.,Pending,Current redigitization creates an unexplained widening of the gap between adjacent parcels relative to historical/canonical spacing. Temporal geometry comparison detects an unexplained increase in inter-parcel spacing.
REC-047,CON-047,P075,Extra gap between adjacent parcels,Retain prior geometry as evidence; flag 2025 boundary,Temporal geometry comparison detects an unexplained increase in inter-parcel spacing.,0.59,Manual,Check road/ROW/resurvey notes and verify the ground boundary.,Pending,Current redigitization creates an unexplained widening of the gap between adjacent parcels relative to historical/canonical spacing. Temporal geometry comparison detects an unexplained increase in inter-parcel spacing.
REC-048,CON-048,P076,Extra gap between adjacent parcels,Retain prior geometry as evidence; flag 2025 boundary,Temporal geometry comparison detects an unexplained increase in inter-parcel spacing.,0.61,Manual,Check road/ROW/resurvey notes and verify the ground boundary.,Pending,Current redigitization creates an unexplained widening of the gap between adjacent parcels relative to historical/canonical spacing. Temporal geometry comparison detects an unexplained increase in inter-parcel spacing.
REC-049,CON-049,P077,Invalid topology / self-intersection,Reject invalid geometry from canonical computation,Geometry validation fails self-intersection/topology checks.,0.44,Block,Repair from source vertices or conduct a targeted resurvey.,Pending,Survey geometry is topologically invalid and cannot be safely used for area or adjacency calculations. Geometry validation fails self-intersection/topology checks.
REC-050,CON-050,P078,Invalid topology / self-intersection,Reject invalid geometry from canonical computation,Geometry validation fails self-intersection/topology checks.,0.44,Block,Repair from source vertices or conduct a targeted resurvey.,Pending,Survey geometry is topologically invalid and cannot be safely used for area or adjacency calculations. Geometry validation fails self-intersection/topology checks.
REC-051,CON-051,P079,Invalid topology / self-intersection,Reject invalid geometry from canonical computation,Geometry validation fails self-intersection/topology checks.,0.42,Block,Repair from source vertices or conduct a targeted resurvey.,Pending,Survey geometry is topologically invalid and cannot be safely used for area or adjacency calculations. Geometry validation fails self-intersection/topology checks.
REC-052,CON-052,P080,Invalid topology / self-intersection,Reject invalid geometry from canonical computation,Geometry validation fails self-intersection/topology checks.,0.45,Block,Repair from source vertices or conduct a targeted resurvey.,Pending,Survey geometry is topologically invalid and cannot be safely used for area or adjacency calculations. Geometry validation fails self-intersection/topology checks.
REC-053,CON-053,P097,Legacy digitization errors,Correct via original-source re-read; preserve old observation,Modern cross-source agreement plus legacy digitization provenance.,0.68,Manual,Reviewer confirms correction against the original scan/register.,Pending,"A legacy digitized value appears to contain OCR, decimal-place, or identifier transcription error. Modern cross-source agreement plus legacy digitization provenance."
REC-054,CON-054,P098,Legacy digitization errors,Correct via original-source re-read; preserve old observation,Modern cross-source agreement plus legacy digitization provenance.,0.7,Manual,Reviewer confirms correction against the original scan/register.,Pending,"A legacy digitized value appears to contain OCR, decimal-place, or identifier transcription error. Modern cross-source agreement plus legacy digitization provenance."
REC-055,CON-055,P099,Legacy digitization errors,Correct via original-source re-read; preserve old observation,Modern cross-source agreement plus legacy digitization provenance.,0.7,Manual,Reviewer confirms correction against the original scan/register.,Pending,"A legacy digitized value appears to contain OCR, decimal-place, or identifier transcription error. Modern cross-source agreement plus legacy digitization provenance."
REC-056,CON-056,P100,Legacy digitization errors,Correct via original-source re-read; preserve old observation,Modern cross-source agreement plus legacy digitization provenance.,0.71,Manual,Reviewer confirms correction against the original scan/register.,Pending,"A legacy digitized value appears to contain OCR, decimal-place, or identifier transcription error. Modern cross-source agreement plus legacy digitization provenance."
REC-057,CON-057,P101,Mutation / registration history mismatch,Create pending mutation-sync case,Registration event is newer than the latest linked revenue mutation.,0.63,Manual,Verify legal transfer and update/associate the revenue mutation through the authorized workflow.,Pending,A newer registration event is not represented in the current revenue mutation chain. Registration event is newer than the latest linked revenue mutation.
REC-058,CON-058,P102,Mutation / registration history mismatch,Create pending mutation-sync case,Registration event is newer than the latest linked revenue mutation.,0.66,Manual,Verify legal transfer and update/associate the revenue mutation through the authorized workflow.,Pending,A newer registration event is not represented in the current revenue mutation chain. Registration event is newer than the latest linked revenue mutation.
REC-059,CON-059,P103,Mutation / registration history mismatch,Create pending mutation-sync case,Registration event is newer than the latest linked revenue mutation.,0.64,Manual,Verify legal transfer and update/associate the revenue mutation through the authorized workflow.,Pending,A newer registration event is not represented in the current revenue mutation chain. Registration event is newer than the latest linked revenue mutation.
REC-060,CON-060,P104,Mutation / registration history mismatch,Create pending mutation-sync case,Registration event is newer than the latest linked revenue mutation.,0.66,Manual,Verify legal transfer and update/associate the revenue mutation through the authorized workflow.,Pending,A newer registration event is not represented in the current revenue mutation chain. Registration event is newer than the latest linked revenue mutation.
REC-061,CON-061,P105,Survey status mismatch,Use most conservative verification state until evidence is reconciled,Verification status affects trust scoring and should not be inferred from another source.,0.79,Manual,Check survey field book or verification certificate and reconcile status.,Pending,Departments disagree on whether the parcel has been field verified. Verification status affects trust scoring and should not be inferred from another source.
REC-062,CON-062,P106,Survey status mismatch,Use most conservative verification state until evidence is reconciled,Verification status affects trust scoring and should not be inferred from another source.,0.78,Manual,Check survey field book or verification certificate and reconcile status.,Pending,Departments disagree on whether the parcel has been field verified. Verification status affects trust scoring and should not be inferred from another source.
REC-063,CON-063,P107,Survey status mismatch,Use most conservative verification state until evidence is reconciled,Verification status affects trust scoring and should not be inferred from another source.,0.79,Manual,Check survey field book or verification certificate and reconcile status.,Pending,Departments disagree on whether the parcel has been field verified. Verification status affects trust scoring and should not be inferred from another source.
REC-064,CON-064,P108,Survey status mismatch,Use most conservative verification state until evidence is reconciled,Verification status affects trust scoring and should not be inferred from another source.,0.75,Manual,Check survey field book or verification certificate and reconcile status.,Pending,Departments disagree on whether the parcel has been field verified. Verification status affects trust scoring and should not be inferred from another source.
REC-065,CON-065,P109,Planning / land-use mismatch,Do not auto-change land use,Planning designation should be resolved against the authoritative planning layer and applicable approvals.,0.76,Manual,Planning authority/reviewer validates applicable land-use designation.,Pending,Planning land-use classification conflicts with current revenue/municipal land-use attributes. Planning designation should be resolved against the authoritative planning layer and applicable approvals.
REC-066,CON-066,P110,Planning / land-use mismatch,Do not auto-change land use,Planning designation should be resolved against the authoritative planning layer and applicable approvals.,0.75,Manual,Planning authority/reviewer validates applicable land-use designation.,Pending,Planning land-use classification conflicts with current revenue/municipal land-use attributes. Planning designation should be resolved against the authoritative planning layer and applicable approvals.
REC-067,CON-067,P111,Planning / land-use mismatch,Do not auto-change land use,Planning designation should be resolved against the authoritative planning layer and applicable approvals.,0.75,Manual,Planning authority/reviewer validates applicable land-use designation.,Pending,Planning land-use classification conflicts with current revenue/municipal land-use attributes. Planning designation should be resolved against the authoritative planning layer and applicable approvals.
REC-068,CON-068,P112,Planning / land-use mismatch,Do not auto-change land use,Planning designation should be resolved against the authoritative planning layer and applicable approvals.,0.76,Manual,Planning authority/reviewer validates applicable land-use designation.,Pending,Planning land-use classification conflicts with current revenue/municipal land-use attributes. Planning designation should be resolved against the authoritative planning layer and applicable approvals.
