conflict_id,canonical_parcel_id,conflict_type,source_a,source_b,attribute_or_geometry,source_a_value,source_b_value,severity,criticality,explanation,status,recommended_next_evidence,human_review_required,benchmark_case_ids,repair_classification,quarantine_reason,final_disposition,final_repair_note
CNF-00001,IN-DL-110054-1-10,OWNER_NAME_VARIATION,CADASTRAL_REVENUE,MUNICIPAL_PROPERTY,owner_name,Sneha Bansal,S. Bansal,MINOR,LOW,Abbreviation / formatting variation only.,RESOLVED,No extra evidence needed,False,,C,"The conflict asserted an owner-name variation, but the actual CADASTRAL_REVENUE and MUNICIPAL_PROPERTY observations contain the same owner_name. The conflict is therefore not observable from the input evidence and is quarantined; SYNTHETIC_GROUND_TRUTH is unchanged.",RESTORED_TO_ACTIVE,Source evidence was repaired/added and exact observation provenance was bound; conflict is active again.
CNF-00004,IN-DL-110054-1-20,OWNER_NAME_VARIATION,CADASTRAL_REVENUE,MUNICIPAL_PROPERTY,owner_name,Aarav Aggarwal,A. Aggarwal,MINOR,LOW,Abbreviation / formatting variation only.,RESOLVED,No extra evidence needed,False,TC18_AMBIGUOUS_CANDIDATE_MATCH,C,"The conflict asserted an owner-name variation, but the actual CADASTRAL_REVENUE and MUNICIPAL_PROPERTY observations contain the same owner_name. The conflict is therefore not observable from the input evidence and is quarantined; SYNTHETIC_GROUND_TRUTH is unchanged.",RESTORED_TO_ACTIVE,Source evidence was repaired/added and exact observation provenance was bound; conflict is active again.
CNF-00009,IN-DL-110054-1-40,OWNER_NAME_VARIATION,CADASTRAL_REVENUE,MUNICIPAL_PROPERTY,owner_name,Aarav Tiwari,A. Tiwari,MINOR,LOW,Abbreviation / formatting variation only.,RESOLVED,No extra evidence needed,False,,C,"The conflict asserted an owner-name variation, but the actual CADASTRAL_REVENUE and MUNICIPAL_PROPERTY observations contain the same owner_name. The conflict is therefore not observable from the input evidence and is quarantined; SYNTHETIC_GROUND_TRUTH is unchanged.",RESTORED_TO_ACTIVE,Source evidence was repaired/added and exact observation provenance was bound; conflict is active again.
CNF-00012,IN-DL-110054-1-50,OWNER_NAME_VARIATION,CADASTRAL_REVENUE,MUNICIPAL_PROPERTY,owner_name,Sneha Chawla,S. Chawla,MINOR,LOW,Abbreviation / formatting variation only.,RESOLVED,No extra evidence needed,False,,C,"The conflict asserted an owner-name variation, but the actual CADASTRAL_REVENUE and MUNICIPAL_PROPERTY observations contain the same owner_name. The conflict is therefore not observable from the input evidence and is quarantined; SYNTHETIC_GROUND_TRUTH is unchanged.",RESTORED_TO_ACTIVE,Source evidence was repaired/added and exact observation provenance was bound; conflict is active again.
CNF-00016,IN-DL-110054-1-70,OWNER_NAME_VARIATION,CADASTRAL_REVENUE,MUNICIPAL_PROPERTY,owner_name,Sneha Verma,S. Verma,MINOR,LOW,Abbreviation / formatting variation only.,RESOLVED,No extra evidence needed,False,TC02_SLIGHT_GEOMETRY_SHIFT,C,"The conflict asserted an owner-name variation, but the actual CADASTRAL_REVENUE and MUNICIPAL_PROPERTY observations contain the same owner_name. The conflict is therefore not observable from the input evidence and is quarantined; SYNTHETIC_GROUND_TRUTH is unchanged.",RESTORED_TO_ACTIVE,Source evidence was repaired/added and exact observation provenance was bound; conflict is active again.
CNF-00019,IN-DL-110054-1-80,OWNER_NAME_VARIATION,CADASTRAL_REVENUE,MUNICIPAL_PROPERTY,owner_name,Aarav Mehta,A. Mehta,MINOR,LOW,Abbreviation / formatting variation only.,RESOLVED,No extra evidence needed,False,,C,"The conflict asserted an owner-name variation, but the actual CADASTRAL_REVENUE and MUNICIPAL_PROPERTY observations contain the same owner_name. The conflict is therefore not observable from the input evidence and is quarantined; SYNTHETIC_GROUND_TRUTH is unchanged.",RESTORED_TO_ACTIVE,Source evidence was repaired/added and exact observation provenance was bound; conflict is active again.
CNF-00024,IN-DL-110054-1-100,OWNER_NAME_VARIATION,CADASTRAL_REVENUE,MUNICIPAL_PROPERTY,owner_name,Aarav Bansal,A. Bansal,MINOR,LOW,Abbreviation / formatting variation only.,RESOLVED,No extra evidence needed,False,,C,"The conflict asserted an owner-name variation, but the actual CADASTRAL_REVENUE and MUNICIPAL_PROPERTY observations contain the same owner_name. The conflict is therefore not observable from the input evidence and is quarantined; SYNTHETIC_GROUND_TRUTH is unchanged.",RESTORED_TO_ACTIVE,Source evidence was repaired/added and exact observation provenance was bound; conflict is active again.
CNF-00025,IN-DL-110054-2-10,OWNER_NAME_VARIATION,CADASTRAL_REVENUE,MUNICIPAL_PROPERTY,owner_name,Sneha Aggarwal,S. Aggarwal,MINOR,LOW,Abbreviation / formatting variation only.,RESOLVED,No extra evidence needed,False,,C,"The conflict asserted an owner-name variation, but the actual CADASTRAL_REVENUE and MUNICIPAL_PROPERTY observations contain the same owner_name. The conflict is therefore not observable from the input evidence and is quarantined; SYNTHETIC_GROUND_TRUTH is unchanged.",RESTORED_TO_ACTIVE,Source evidence was repaired/added and exact observation provenance was bound; conflict is active again.
CNF-00028,IN-DL-110054-2-20,OWNER_NAME_VARIATION,CADASTRAL_REVENUE,MUNICIPAL_PROPERTY,owner_name,Matrika Traders Association,M. Association,MINOR,LOW,Abbreviation / formatting variation only.,RESOLVED,No extra evidence needed,False,,C,"The conflict asserted an owner-name variation, but the actual CADASTRAL_REVENUE and MUNICIPAL_PROPERTY observations contain the same owner_name. The conflict is therefore not observable from the input evidence and is quarantined; SYNTHETIC_GROUND_TRUTH is unchanged.",RESTORED_TO_ACTIVE,Source evidence was repaired/added and exact observation provenance was bound; conflict is active again.
CNF-00033,IN-DL-110054-2-40,OWNER_NAME_VARIATION,CADASTRAL_REVENUE,MUNICIPAL_PROPERTY,owner_name,Aarav Chawla,A. Chawla,MINOR,LOW,Abbreviation / formatting variation only.,RESOLVED,No extra evidence needed,False,,C,"The conflict asserted an owner-name variation, but the actual CADASTRAL_REVENUE and MUNICIPAL_PROPERTY observations contain the same owner_name. The conflict is therefore not observable from the input evidence and is quarantined; SYNTHETIC_GROUND_TRUTH is unchanged.",RESTORED_TO_ACTIVE,Source evidence was repaired/added and exact observation provenance was bound; conflict is active again.
CNF-00036,IN-DL-110054-2-50,OWNER_NAME_VARIATION,CADASTRAL_REVENUE,MUNICIPAL_PROPERTY,owner_name,Sneha Bhatia,S. Bhatia,MINOR,LOW,Abbreviation / formatting variation only.,RESOLVED,No extra evidence needed,False,,C,"The conflict asserted an owner-name variation, but the actual CADASTRAL_REVENUE and MUNICIPAL_PROPERTY observations contain the same owner_name. The conflict is therefore not observable from the input evidence and is quarantined; SYNTHETIC_GROUND_TRUTH is unchanged.",RESTORED_TO_ACTIVE,Source evidence was repaired/added and exact observation provenance was bound; conflict is active again.
CNF-00039,IN-DL-110054-2-70,OWNER_NAME_VARIATION,CADASTRAL_REVENUE,MUNICIPAL_PROPERTY,owner_name,Sneha Mehta,S. Mehta,MINOR,LOW,Abbreviation / formatting variation only.,RESOLVED,No extra evidence needed,False,,C,"The conflict asserted an owner-name variation, but the actual CADASTRAL_REVENUE and MUNICIPAL_PROPERTY observations contain the same owner_name. The conflict is therefore not observable from the input evidence and is quarantined; SYNTHETIC_GROUND_TRUTH is unchanged.",RESTORED_TO_ACTIVE,Source evidence was repaired/added and exact observation provenance was bound; conflict is active again.
CNF-00042,IN-DL-110054-2-80,OWNER_NAME_VARIATION,CADASTRAL_REVENUE,MUNICIPAL_PROPERTY,owner_name,Aarav Khanna,A. Khanna,MINOR,LOW,Abbreviation / formatting variation only.,RESOLVED,No extra evidence needed,False,TC23_INCORRECT_MUTATION_ROLLED_BACK,C,"The conflict asserted an owner-name variation, but the actual CADASTRAL_REVENUE and MUNICIPAL_PROPERTY observations contain the same owner_name. The conflict is therefore not observable from the input evidence and is quarantined; SYNTHETIC_GROUND_TRUTH is unchanged.",RESTORED_TO_ACTIVE,Source evidence was repaired/added and exact observation provenance was bound; conflict is active again.
CNF-00056,IN-DL-110054-3-70,OWNER_NAME_VARIATION,CADASTRAL_REVENUE,MUNICIPAL_PROPERTY,owner_name,Sneha Khanna,S. Khanna,MINOR,LOW,Abbreviation / formatting variation only.,RESOLVED,No extra evidence needed,False,,C,"The conflict asserted an owner-name variation, but the actual CADASTRAL_REVENUE and MUNICIPAL_PROPERTY observations contain the same owner_name. The conflict is therefore not observable from the input evidence and is quarantined; SYNTHETIC_GROUND_TRUTH is unchanged.",RESTORED_TO_ACTIVE,Source evidence was repaired/added and exact observation provenance was bound; conflict is active again.
CNF-00059,IN-DL-110054-3-80,OWNER_NAME_VARIATION,CADASTRAL_REVENUE,MUNICIPAL_PROPERTY,owner_name,Aarav Bansal,A. Bansal,MINOR,LOW,Abbreviation / formatting variation only.,RESOLVED,No extra evidence needed,False,,C,"The conflict asserted an owner-name variation, but the actual CADASTRAL_REVENUE and MUNICIPAL_PROPERTY observations contain the same owner_name. The conflict is therefore not observable from the input evidence and is quarantined; SYNTHETIC_GROUND_TRUTH is unchanged.",RESTORED_TO_ACTIVE,Source evidence was repaired/added and exact observation provenance was bound; conflict is active again.
CNF-00064,IN-DL-110054-3-100,OWNER_NAME_VARIATION,CADASTRAL_REVENUE,MUNICIPAL_PROPERTY,owner_name,Aarav Saxena,A. Saxena,MINOR,LOW,Abbreviation / formatting variation only.,RESOLVED,No extra evidence needed,False,,C,"The conflict asserted an owner-name variation, but the actual CADASTRAL_REVENUE and MUNICIPAL_PROPERTY observations contain the same owner_name. The conflict is therefore not observable from the input evidence and is quarantined; SYNTHETIC_GROUND_TRUTH is unchanged.",RESTORED_TO_ACTIVE,Source evidence was repaired/added and exact observation provenance was bound; conflict is active again.
CNF-00065,IN-DL-110054-4-10,OWNER_NAME_VARIATION,CADASTRAL_REVENUE,MUNICIPAL_PROPERTY,owner_name,Pramaan Institute of Civic Studies,P. Studies,MINOR,LOW,Abbreviation / formatting variation only.,RESOLVED,No extra evidence needed,False,,C,"The conflict asserted an owner-name variation, but the actual CADASTRAL_REVENUE and MUNICIPAL_PROPERTY observations contain the same owner_name. The conflict is therefore not observable from the input evidence and is quarantined; SYNTHETIC_GROUND_TRUTH is unchanged.",RESTORED_TO_ACTIVE,Source evidence was repaired/added and exact observation provenance was bound; conflict is active again.
CNF-00068,IN-DL-110054-4-20,OWNER_NAME_VARIATION,CADASTRAL_REVENUE,MUNICIPAL_PROPERTY,owner_name,Pramaan Institute of Civic Studies,P. Studies,MINOR,LOW,Abbreviation / formatting variation only.,RESOLVED,No extra evidence needed,False,,C,"The conflict asserted an owner-name variation, but the actual CADASTRAL_REVENUE and MUNICIPAL_PROPERTY observations contain the same owner_name. The conflict is therefore not observable from the input evidence and is quarantined; SYNTHETIC_GROUND_TRUTH is unchanged.",RESTORED_TO_ACTIVE,Source evidence was repaired/added and exact observation provenance was bound; conflict is active again.
CNF-00073,IN-DL-110054-4-40,OWNER_NAME_VARIATION,CADASTRAL_REVENUE,MUNICIPAL_PROPERTY,owner_name,Pramaan Institute of Civic Studies,P. Studies,MINOR,LOW,Abbreviation / formatting variation only.,RESOLVED,No extra evidence needed,False,TC02_SLIGHT_GEOMETRY_SHIFT,C,"The conflict asserted an owner-name variation, but the actual CADASTRAL_REVENUE and MUNICIPAL_PROPERTY observations contain the same owner_name. The conflict is therefore not observable from the input evidence and is quarantined; SYNTHETIC_GROUND_TRUTH is unchanged.",RESTORED_TO_ACTIVE,Source evidence was repaired/added and exact observation provenance was bound; conflict is active again.
CNF-00076,IN-DL-110054-4-50,OWNER_NAME_VARIATION,CADASTRAL_REVENUE,MUNICIPAL_PROPERTY,owner_name,Pramaan Institute of Civic Studies,P. Studies,MINOR,LOW,Abbreviation / formatting variation only.,RESOLVED,No extra evidence needed,False,TC13_BUILDING_CROSSES_BOUNDARY,C,"The conflict asserted an owner-name variation, but the actual CADASTRAL_REVENUE and MUNICIPAL_PROPERTY observations contain the same owner_name. The conflict is therefore not observable from the input evidence and is quarantined; SYNTHETIC_GROUND_TRUTH is unchanged.",RESTORED_TO_ACTIVE,Source evidence was repaired/added and exact observation provenance was bound; conflict is active again.
CNF-00080,IN-DL-110054-4-70,OWNER_NAME_VARIATION,CADASTRAL_REVENUE,MUNICIPAL_PROPERTY,owner_name,Pramaan Institute of Civic Studies,P. Studies,MINOR,LOW,Abbreviation / formatting variation only.,RESOLVED,No extra evidence needed,False,TC15_GNSS_CONTRADICTS_OLD_CADASTRE,C,"The conflict asserted an owner-name variation, but the actual CADASTRAL_REVENUE and MUNICIPAL_PROPERTY observations contain the same owner_name. The conflict is therefore not observable from the input evidence and is quarantined; SYNTHETIC_GROUND_TRUTH is unchanged.",RESTORED_TO_ACTIVE,Source evidence was repaired/added and exact observation provenance was bound; conflict is active again.
CNF-00087,IN-DL-110054-4-100,OWNER_NAME_VARIATION,CADASTRAL_REVENUE,MUNICIPAL_PROPERTY,owner_name,Aarav Tiwari,A. Tiwari,MINOR,LOW,Abbreviation / formatting variation only.,RESOLVED,No extra evidence needed,False,TC05_ONE_CADASTRAL_TO_SEVERAL_MUNICIPAL,C,"The conflict asserted an owner-name variation, but the actual CADASTRAL_REVENUE and MUNICIPAL_PROPERTY observations contain the same owner_name. The conflict is therefore not observable from the input evidence and is quarantined; SYNTHETIC_GROUND_TRUTH is unchanged.",RESTORED_TO_ACTIVE,Source evidence was repaired/added and exact observation provenance was bound; conflict is active again.
CNF-00088,IN-DL-110054-5-10,OWNER_NAME_VARIATION,CADASTRAL_REVENUE,MUNICIPAL_PROPERTY,owner_name,Aarohan Heights Residents Association,A. Association,MINOR,LOW,Abbreviation / formatting variation only.,RESOLVED,No extra evidence needed,False,,C,"The conflict asserted an owner-name variation, but the actual CADASTRAL_REVENUE and MUNICIPAL_PROPERTY observations contain the same owner_name. The conflict is therefore not observable from the input evidence and is quarantined; SYNTHETIC_GROUND_TRUTH is unchanged.",RESTORED_TO_ACTIVE,Source evidence was repaired/added and exact observation provenance was bound; conflict is active again.
CNF-00091,IN-DL-110054-5-20,OWNER_NAME_VARIATION,CADASTRAL_REVENUE,MUNICIPAL_PROPERTY,owner_name,Aarohan Heights Residents Association,A. Association,MINOR,LOW,Abbreviation / formatting variation only.,RESOLVED,No extra evidence needed,False,TC21_ROAD_WIDENING_BOUNDARY_CORRECTION,C,"The conflict asserted an owner-name variation, but the actual CADASTRAL_REVENUE and MUNICIPAL_PROPERTY observations contain the same owner_name. The conflict is therefore not observable from the input evidence and is quarantined; SYNTHETIC_GROUND_TRUTH is unchanged.",RESTORED_TO_ACTIVE,Source evidence was repaired/added and exact observation provenance was bound; conflict is active again.
CNF-00096,IN-DL-110054-5-40,OWNER_NAME_VARIATION,CADASTRAL_REVENUE,MUNICIPAL_PROPERTY,owner_name,Aarohan Heights Residents Association,A. Association,MINOR,LOW,Abbreviation / formatting variation only.,RESOLVED,No extra evidence needed,False,,C,"The conflict asserted an owner-name variation, but the actual CADASTRAL_REVENUE and MUNICIPAL_PROPERTY observations contain the same owner_name. The conflict is therefore not observable from the input evidence and is quarantined; SYNTHETIC_GROUND_TRUTH is unchanged.",RESTORED_TO_ACTIVE,Source evidence was repaired/added and exact observation provenance was bound; conflict is active again.
CNF-00099,IN-DL-110054-5-50,OWNER_NAME_VARIATION,CADASTRAL_REVENUE,MUNICIPAL_PROPERTY,owner_name,Aarohan Heights Residents Association,A. Association,MINOR,LOW,Abbreviation / formatting variation only.,RESOLVED,No extra evidence needed,False,TC21_ROAD_WIDENING_BOUNDARY_CORRECTION,C,"The conflict asserted an owner-name variation, but the actual CADASTRAL_REVENUE and MUNICIPAL_PROPERTY observations contain the same owner_name. The conflict is therefore not observable from the input evidence and is quarantined; SYNTHETIC_GROUND_TRUTH is unchanged.",RESTORED_TO_ACTIVE,Source evidence was repaired/added and exact observation provenance was bound; conflict is active again.
CNF-00103,IN-DL-110054-5-70,OWNER_NAME_VARIATION,CADASTRAL_REVENUE,MUNICIPAL_PROPERTY,owner_name,Aarohan Heights Residents Association,A. Association,MINOR,LOW,Abbreviation / formatting variation only.,RESOLVED,No extra evidence needed,False,TC23_INCORRECT_MUTATION_ROLLED_BACK,C,"The conflict asserted an owner-name variation, but the actual CADASTRAL_REVENUE and MUNICIPAL_PROPERTY observations contain the same owner_name. The conflict is therefore not observable from the input evidence and is quarantined; SYNTHETIC_GROUND_TRUTH is unchanged.",RESTORED_TO_ACTIVE,Source evidence was repaired/added and exact observation provenance was bound; conflict is active again.
CNF-00105,IN-DL-110054-5-80,OWNER_NAME_VARIATION,CADASTRAL_REVENUE,MUNICIPAL_PROPERTY,owner_name,Pramaan Redevelopment LLP,P. LLP,MINOR,LOW,Abbreviation / formatting variation only.,RESOLVED,No extra evidence needed,False,TC18_AMBIGUOUS_CANDIDATE_MATCH,C,"The conflict asserted an owner-name variation, but the actual CADASTRAL_REVENUE and MUNICIPAL_PROPERTY observations contain the same owner_name. The conflict is therefore not observable from the input evidence and is quarantined; SYNTHETIC_GROUND_TRUTH is unchanged.",RESTORED_TO_ACTIVE,Source evidence was repaired/added and exact observation provenance was bound; conflict is active again.
CNF-00110,IN-DL-110054-5-100,OWNER_NAME_VARIATION,CADASTRAL_REVENUE,MUNICIPAL_PROPERTY,owner_name,Pramaan Redevelopment LLP,P. LLP,MINOR,LOW,Abbreviation / formatting variation only.,RESOLVED,No extra evidence needed,False,TC06_SEVERAL_HISTORICAL_TO_ONE_CURRENT;TC08_CROSS_CELL_MERGE,C,"The conflict asserted an owner-name variation, but the actual CADASTRAL_REVENUE and MUNICIPAL_PROPERTY observations contain the same owner_name. The conflict is therefore not observable from the input evidence and is quarantined; SYNTHETIC_GROUND_TRUTH is unchanged.",RESTORED_TO_ACTIVE,Source evidence was repaired/added and exact observation provenance was bound; conflict is active again.
CNF-00111,IN-DL-110054-6-10,OWNER_NAME_VARIATION,CADASTRAL_REVENUE,MUNICIPAL_PROPERTY,owner_name,Sneha Bhatia,S. Bhatia,MINOR,LOW,Abbreviation / formatting variation only.,RESOLVED,No extra evidence needed,False,TC14_PHYSICAL_OCCUPATION_VS_LEGAL_GEOMETRY,C,"The conflict asserted an owner-name variation, but the actual CADASTRAL_REVENUE and MUNICIPAL_PROPERTY observations contain the same owner_name. The conflict is therefore not observable from the input evidence and is quarantined; SYNTHETIC_GROUND_TRUTH is unchanged.",RESTORED_TO_ACTIVE,Source evidence was repaired/added and exact observation provenance was bound; conflict is active again.
CNF-00114,IN-DL-110054-6-20,OWNER_NAME_VARIATION,CADASTRAL_REVENUE,MUNICIPAL_PROPERTY,owner_name,Aarav Verma,A. Verma,MINOR,LOW,Abbreviation / formatting variation only.,RESOLVED,No extra evidence needed,False,,C,"The conflict asserted an owner-name variation, but the actual CADASTRAL_REVENUE and MUNICIPAL_PROPERTY observations contain the same owner_name. The conflict is therefore not observable from the input evidence and is quarantined; SYNTHETIC_GROUND_TRUTH is unchanged.",RESTORED_TO_ACTIVE,Source evidence was repaired/added and exact observation provenance was bound; conflict is active again.
CNF-00118,IN-DL-110054-6-40,OWNER_NAME_VARIATION,CADASTRAL_REVENUE,MUNICIPAL_PROPERTY,owner_name,Aarav Khanna,A. Khanna,MINOR,LOW,Abbreviation / formatting variation only.,RESOLVED,No extra evidence needed,False,,C,"The conflict asserted an owner-name variation, but the actual CADASTRAL_REVENUE and MUNICIPAL_PROPERTY observations contain the same owner_name. The conflict is therefore not observable from the input evidence and is quarantined; SYNTHETIC_GROUND_TRUTH is unchanged.",RESTORED_TO_ACTIVE,Source evidence was repaired/added and exact observation provenance was bound; conflict is active again.
CNF-00121,IN-DL-110054-6-50,OWNER_NAME_VARIATION,CADASTRAL_REVENUE,MUNICIPAL_PROPERTY,owner_name,Sneha Bansal,S. Bansal,MINOR,LOW,Abbreviation / formatting variation only.,RESOLVED,No extra evidence needed,False,,C,"The conflict asserted an owner-name variation, but the actual CADASTRAL_REVENUE and MUNICIPAL_PROPERTY observations contain the same owner_name. The conflict is therefore not observable from the input evidence and is quarantined; SYNTHETIC_GROUND_TRUTH is unchanged.",RESTORED_TO_ACTIVE,Source evidence was repaired/added and exact observation provenance was bound; conflict is active again.
CNF-00125,IN-DL-110054-6-70,OWNER_NAME_VARIATION,CADASTRAL_REVENUE,MUNICIPAL_PROPERTY,owner_name,Sneha Saxena,S. Saxena,MINOR,LOW,Abbreviation / formatting variation only.,RESOLVED,No extra evidence needed,False,,C,"The conflict asserted an owner-name variation, but the actual CADASTRAL_REVENUE and MUNICIPAL_PROPERTY observations contain the same owner_name. The conflict is therefore not observable from the input evidence and is quarantined; SYNTHETIC_GROUND_TRUTH is unchanged.",RESTORED_TO_ACTIVE,Source evidence was repaired/added and exact observation provenance was bound; conflict is active again.
CNF-00128,IN-DL-110054-6-80,OWNER_NAME_VARIATION,CADASTRAL_REVENUE,MUNICIPAL_PROPERTY,owner_name,Aarav Tiwari,A. Tiwari,MINOR,LOW,Abbreviation / formatting variation only.,RESOLVED,No extra evidence needed,False,,C,"The conflict asserted an owner-name variation, but the actual CADASTRAL_REVENUE and MUNICIPAL_PROPERTY observations contain the same owner_name. The conflict is therefore not observable from the input evidence and is quarantined; SYNTHETIC_GROUND_TRUTH is unchanged.",RESTORED_TO_ACTIVE,Source evidence was repaired/added and exact observation provenance was bound; conflict is active again.
CNF-00133,IN-DL-110054-6-100,OWNER_NAME_VARIATION,CADASTRAL_REVENUE,MUNICIPAL_PROPERTY,owner_name,Aarav Bhatia,A. Bhatia,MINOR,LOW,Abbreviation / formatting variation only.,RESOLVED,No extra evidence needed,False,TC02_SLIGHT_GEOMETRY_SHIFT,C,"The conflict asserted an owner-name variation, but the actual CADASTRAL_REVENUE and MUNICIPAL_PROPERTY observations contain the same owner_name. The conflict is therefore not observable from the input evidence and is quarantined; SYNTHETIC_GROUND_TRUTH is unchanged.",RESTORED_TO_ACTIVE,Source evidence was repaired/added and exact observation provenance was bound; conflict is active again.
CNF-00134,IN-DL-110054-7-10,OWNER_NAME_VARIATION,CADASTRAL_REVENUE,MUNICIPAL_PROPERTY,owner_name,Sneha Verma,S. Verma,MINOR,LOW,Abbreviation / formatting variation only.,RESOLVED,No extra evidence needed,False,,C,"The conflict asserted an owner-name variation, but the actual CADASTRAL_REVENUE and MUNICIPAL_PROPERTY observations contain the same owner_name. The conflict is therefore not observable from the input evidence and is quarantined; SYNTHETIC_GROUND_TRUTH is unchanged.",RESTORED_TO_ACTIVE,Source evidence was repaired/added and exact observation provenance was bound; conflict is active again.
CNF-00137,IN-DL-110054-7-20,OWNER_NAME_VARIATION,CADASTRAL_REVENUE,MUNICIPAL_PROPERTY,owner_name,Aarav Mehta,A. Mehta,MINOR,LOW,Abbreviation / formatting variation only.,RESOLVED,No extra evidence needed,False,TC21_ROAD_WIDENING_BOUNDARY_CORRECTION,C,"The conflict asserted an owner-name variation, but the actual CADASTRAL_REVENUE and MUNICIPAL_PROPERTY observations contain the same owner_name. The conflict is therefore not observable from the input evidence and is quarantined; SYNTHETIC_GROUND_TRUTH is unchanged.",RESTORED_TO_ACTIVE,Source evidence was repaired/added and exact observation provenance was bound; conflict is active again.
CNF-00142,IN-DL-110054-7-40,OWNER_NAME_VARIATION,CADASTRAL_REVENUE,MUNICIPAL_PROPERTY,owner_name,Aarav Bansal,A. Bansal,MINOR,LOW,Abbreviation / formatting variation only.,RESOLVED,No extra evidence needed,False,,C,"The conflict asserted an owner-name variation, but the actual CADASTRAL_REVENUE and MUNICIPAL_PROPERTY observations contain the same owner_name. The conflict is therefore not observable from the input evidence and is quarantined; SYNTHETIC_GROUND_TRUTH is unchanged.",RESTORED_TO_ACTIVE,Source evidence was repaired/added and exact observation provenance was bound; conflict is active again.
CNF-00145,IN-DL-110054-7-50,OWNER_NAME_VARIATION,CADASTRAL_REVENUE,MUNICIPAL_PROPERTY,owner_name,Sneha Aggarwal,S. Aggarwal,MINOR,LOW,Abbreviation / formatting variation only.,RESOLVED,No extra evidence needed,False,,C,"The conflict asserted an owner-name variation, but the actual CADASTRAL_REVENUE and MUNICIPAL_PROPERTY observations contain the same owner_name. The conflict is therefore not observable from the input evidence and is quarantined; SYNTHETIC_GROUND_TRUTH is unchanged.",RESTORED_TO_ACTIVE,Source evidence was repaired/added and exact observation provenance was bound; conflict is active again.
CNF-00149,IN-DL-110054-7-70,OWNER_NAME_VARIATION,CADASTRAL_REVENUE,MUNICIPAL_PROPERTY,owner_name,Sneha Tiwari,S. Tiwari,MINOR,LOW,Abbreviation / formatting variation only.,RESOLVED,No extra evidence needed,False,,C,"The conflict asserted an owner-name variation, but the actual CADASTRAL_REVENUE and MUNICIPAL_PROPERTY observations contain the same owner_name. The conflict is therefore not observable from the input evidence and is quarantined; SYNTHETIC_GROUND_TRUTH is unchanged.",RESTORED_TO_ACTIVE,Source evidence was repaired/added and exact observation provenance was bound; conflict is active again.
CNF-00152,IN-DL-110054-7-80,OWNER_NAME_VARIATION,CADASTRAL_REVENUE,MUNICIPAL_PROPERTY,owner_name,Aarav Chawla,A. Chawla,MINOR,LOW,Abbreviation / formatting variation only.,RESOLVED,No extra evidence needed,False,,C,"The conflict asserted an owner-name variation, but the actual CADASTRAL_REVENUE and MUNICIPAL_PROPERTY observations contain the same owner_name. The conflict is therefore not observable from the input evidence and is quarantined; SYNTHETIC_GROUND_TRUTH is unchanged.",RESTORED_TO_ACTIVE,Source evidence was repaired/added and exact observation provenance was bound; conflict is active again.
CNF-00157,IN-DL-110054-7-100,OWNER_NAME_VARIATION,CADASTRAL_REVENUE,MUNICIPAL_PROPERTY,owner_name,Pramaan Redevelopment LLP,P. LLP,MINOR,LOW,Abbreviation / formatting variation only.,RESOLVED,No extra evidence needed,False,TC02_SLIGHT_GEOMETRY_SHIFT;TC09_CROSS_CELL_SPLIT;TC22_REDEVELOPMENT_CONSOLIDATION,C,"The conflict asserted an owner-name variation, but the actual CADASTRAL_REVENUE and MUNICIPAL_PROPERTY observations contain the same owner_name. The conflict is therefore not observable from the input evidence and is quarantined; SYNTHETIC_GROUND_TRUTH is unchanged.",RESTORED_TO_ACTIVE,Source evidence was repaired/added and exact observation provenance was bound; conflict is active again.
CNF-00162,IN-DL-110054-8-40,OWNER_NAME_VARIATION,CADASTRAL_REVENUE,MUNICIPAL_PROPERTY,owner_name,Pramaan Community Health Trust,P. Trust,MINOR,LOW,Abbreviation / formatting variation only.,RESOLVED,No extra evidence needed,False,,C,"The conflict asserted an owner-name variation, but the actual CADASTRAL_REVENUE and MUNICIPAL_PROPERTY observations contain the same owner_name. The conflict is therefore not observable from the input evidence and is quarantined; SYNTHETIC_GROUND_TRUTH is unchanged.",RESTORED_TO_ACTIVE,Source evidence was repaired/added and exact observation provenance was bound; conflict is active again.
CNF-00165,IN-DL-110054-8-50,OWNER_NAME_VARIATION,CADASTRAL_REVENUE,MUNICIPAL_PROPERTY,owner_name,Pramaan Community Trust,P. Trust,MINOR,LOW,Abbreviation / formatting variation only.,RESOLVED,No extra evidence needed,False,,C,"The conflict asserted an owner-name variation, but the actual CADASTRAL_REVENUE and MUNICIPAL_PROPERTY observations contain the same owner_name. The conflict is therefore not observable from the input evidence and is quarantined; SYNTHETIC_GROUND_TRUTH is unchanged.",RESTORED_TO_ACTIVE,Source evidence was repaired/added and exact observation provenance was bound; conflict is active again.
CNF-00169,IN-DL-110054-8-70,OWNER_NAME_VARIATION,CADASTRAL_REVENUE,MUNICIPAL_PROPERTY,owner_name,Pramaan Community Health Trust,P. Trust,MINOR,LOW,Abbreviation / formatting variation only.,RESOLVED,No extra evidence needed,False,,C,"The conflict asserted an owner-name variation, but the actual CADASTRAL_REVENUE and MUNICIPAL_PROPERTY observations contain the same owner_name. The conflict is therefore not observable from the input evidence and is quarantined; SYNTHETIC_GROUND_TRUTH is unchanged.",RESTORED_TO_ACTIVE,Source evidence was repaired/added and exact observation provenance was bound; conflict is active again.
CNF-00172,IN-DL-110054-8-80,OWNER_NAME_VARIATION,CADASTRAL_REVENUE,MUNICIPAL_PROPERTY,owner_name,Pramaan Community Trust,P. Trust,MINOR,LOW,Abbreviation / formatting variation only.,RESOLVED,No extra evidence needed,False,,C,"The conflict asserted an owner-name variation, but the actual CADASTRAL_REVENUE and MUNICIPAL_PROPERTY observations contain the same owner_name. The conflict is therefore not observable from the input evidence and is quarantined; SYNTHETIC_GROUND_TRUTH is unchanged.",RESTORED_TO_ACTIVE,Source evidence was repaired/added and exact observation provenance was bound; conflict is active again.
CNF-00176,IN-DL-110054-9-10,OWNER_NAME_VARIATION,CADASTRAL_REVENUE,MUNICIPAL_PROPERTY,owner_name,Sneha Khanna,S. Khanna,MINOR,LOW,Abbreviation / formatting variation only.,RESOLVED,No extra evidence needed,False,,C,"The conflict asserted an owner-name variation, but the actual CADASTRAL_REVENUE and MUNICIPAL_PROPERTY observations contain the same owner_name. The conflict is therefore not observable from the input evidence and is quarantined; SYNTHETIC_GROUND_TRUTH is unchanged.",RESTORED_TO_ACTIVE,Source evidence was repaired/added and exact observation provenance was bound; conflict is active again.
CNF-00179,IN-DL-110054-9-20,OWNER_NAME_VARIATION,CADASTRAL_REVENUE,MUNICIPAL_PROPERTY,owner_name,Aarav Bansal,A. Bansal,MINOR,LOW,Abbreviation / formatting variation only.,RESOLVED,No extra evidence needed,False,TC25_STRONG_EVIDENCE_PENDING_APPROVAL,C,"The conflict asserted an owner-name variation, but the actual CADASTRAL_REVENUE and MUNICIPAL_PROPERTY observations contain the same owner_name. The conflict is therefore not observable from the input evidence and is quarantined; SYNTHETIC_GROUND_TRUTH is unchanged.",RESTORED_TO_ACTIVE,Source evidence was repaired/added and exact observation provenance was bound; conflict is active again.
CNF-00184,IN-DL-110054-9-40,OWNER_NAME_VARIATION,CADASTRAL_REVENUE,MUNICIPAL_PROPERTY,owner_name,Aarav Saxena,A. Saxena,MINOR,LOW,Abbreviation / formatting variation only.,RESOLVED,No extra evidence needed,False,,C,"The conflict asserted an owner-name variation, but the actual CADASTRAL_REVENUE and MUNICIPAL_PROPERTY observations contain the same owner_name. The conflict is therefore not observable from the input evidence and is quarantined; SYNTHETIC_GROUND_TRUTH is unchanged.",RESTORED_TO_ACTIVE,Source evidence was repaired/added and exact observation provenance was bound; conflict is active again.
CNF-00187,IN-DL-110054-9-50,OWNER_NAME_VARIATION,CADASTRAL_REVENUE,MUNICIPAL_PROPERTY,owner_name,Sneha Tiwari,S. Tiwari,MINOR,LOW,Abbreviation / formatting variation only.,RESOLVED,No extra evidence needed,False,,C,"The conflict asserted an owner-name variation, but the actual CADASTRAL_REVENUE and MUNICIPAL_PROPERTY observations contain the same owner_name. The conflict is therefore not observable from the input evidence and is quarantined; SYNTHETIC_GROUND_TRUTH is unchanged.",RESTORED_TO_ACTIVE,Source evidence was repaired/added and exact observation provenance was bound; conflict is active again.
CNF-00191,IN-DL-110054-9-70,OWNER_NAME_VARIATION,CADASTRAL_REVENUE,MUNICIPAL_PROPERTY,owner_name,Sneha Bhatia,S. Bhatia,MINOR,LOW,Abbreviation / formatting variation only.,RESOLVED,No extra evidence needed,False,,C,"The conflict asserted an owner-name variation, but the actual CADASTRAL_REVENUE and MUNICIPAL_PROPERTY observations contain the same owner_name. The conflict is therefore not observable from the input evidence and is quarantined; SYNTHETIC_GROUND_TRUTH is unchanged.",RESTORED_TO_ACTIVE,Source evidence was repaired/added and exact observation provenance was bound; conflict is active again.
CNF-00194,IN-DL-110054-9-80,OWNER_NAME_VARIATION,CADASTRAL_REVENUE,MUNICIPAL_PROPERTY,owner_name,Aarav Verma,A. Verma,MINOR,LOW,Abbreviation / formatting variation only.,RESOLVED,No extra evidence needed,False,,C,"The conflict asserted an owner-name variation, but the actual CADASTRAL_REVENUE and MUNICIPAL_PROPERTY observations contain the same owner_name. The conflict is therefore not observable from the input evidence and is quarantined; SYNTHETIC_GROUND_TRUTH is unchanged.",RESTORED_TO_ACTIVE,Source evidence was repaired/added and exact observation provenance was bound; conflict is active again.
CNF-00199,IN-DL-110054-9-100,OWNER_NAME_VARIATION,CADASTRAL_REVENUE,MUNICIPAL_PROPERTY,owner_name,Pramaan Redevelopment LLP,P. LLP,MINOR,LOW,Abbreviation / formatting variation only.,RESOLVED,No extra evidence needed,False,TC06_SEVERAL_HISTORICAL_TO_ONE_CURRENT;TC08_CROSS_CELL_MERGE;TC22_REDEVELOPMENT_CONSOLIDATION,C,"The conflict asserted an owner-name variation, but the actual CADASTRAL_REVENUE and MUNICIPAL_PROPERTY observations contain the same owner_name. The conflict is therefore not observable from the input evidence and is quarantined; SYNTHETIC_GROUND_TRUTH is unchanged.",RESTORED_TO_ACTIVE,Source evidence was repaired/added and exact observation provenance was bound; conflict is active again.
CNF-00200,IN-DL-110054-10-10,OWNER_NAME_VARIATION,CADASTRAL_REVENUE,MUNICIPAL_PROPERTY,owner_name,Sneha Bansal,S. Bansal,MINOR,LOW,Abbreviation / formatting variation only.,RESOLVED,No extra evidence needed,False,TC21_ROAD_WIDENING_BOUNDARY_CORRECTION,C,"The conflict asserted an owner-name variation, but the actual CADASTRAL_REVENUE and MUNICIPAL_PROPERTY observations contain the same owner_name. The conflict is therefore not observable from the input evidence and is quarantined; SYNTHETIC_GROUND_TRUTH is unchanged.",RESTORED_TO_ACTIVE,Source evidence was repaired/added and exact observation provenance was bound; conflict is active again.
CNF-00203,IN-DL-110054-10-20,OWNER_NAME_VARIATION,CADASTRAL_REVENUE,MUNICIPAL_PROPERTY,owner_name,Aarav Aggarwal,A. Aggarwal,MINOR,LOW,Abbreviation / formatting variation only.,RESOLVED,No extra evidence needed,False,,C,"The conflict asserted an owner-name variation, but the actual CADASTRAL_REVENUE and MUNICIPAL_PROPERTY observations contain the same owner_name. The conflict is therefore not observable from the input evidence and is quarantined; SYNTHETIC_GROUND_TRUTH is unchanged.",RESTORED_TO_ACTIVE,Source evidence was repaired/added and exact observation provenance was bound; conflict is active again.
CNF-00208,IN-DL-110054-10-40,OWNER_NAME_VARIATION,CADASTRAL_REVENUE,MUNICIPAL_PROPERTY,owner_name,Aarav Tiwari,A. Tiwari,MINOR,LOW,Abbreviation / formatting variation only.,RESOLVED,No extra evidence needed,False,,C,"The conflict asserted an owner-name variation, but the actual CADASTRAL_REVENUE and MUNICIPAL_PROPERTY observations contain the same owner_name. The conflict is therefore not observable from the input evidence and is quarantined; SYNTHETIC_GROUND_TRUTH is unchanged.",RESTORED_TO_ACTIVE,Source evidence was repaired/added and exact observation provenance was bound; conflict is active again.
CNF-00211,IN-DL-110054-10-50,OWNER_NAME_VARIATION,CADASTRAL_REVENUE,MUNICIPAL_PROPERTY,owner_name,Sneha Chawla,S. Chawla,MINOR,LOW,Abbreviation / formatting variation only.,RESOLVED,No extra evidence needed,False,TC13_BUILDING_CROSSES_BOUNDARY,C,"The conflict asserted an owner-name variation, but the actual CADASTRAL_REVENUE and MUNICIPAL_PROPERTY observations contain the same owner_name. The conflict is therefore not observable from the input evidence and is quarantined; SYNTHETIC_GROUND_TRUTH is unchanged.",RESTORED_TO_ACTIVE,Source evidence was repaired/added and exact observation provenance was bound; conflict is active again.
CNF-00215,IN-DL-110054-10-70,OWNER_NAME_VARIATION,CADASTRAL_REVENUE,MUNICIPAL_PROPERTY,owner_name,Sneha Verma,S. Verma,MINOR,LOW,Abbreviation / formatting variation only.,RESOLVED,No extra evidence needed,False,,C,"The conflict asserted an owner-name variation, but the actual CADASTRAL_REVENUE and MUNICIPAL_PROPERTY observations contain the same owner_name. The conflict is therefore not observable from the input evidence and is quarantined; SYNTHETIC_GROUND_TRUTH is unchanged.",RESTORED_TO_ACTIVE,Source evidence was repaired/added and exact observation provenance was bound; conflict is active again.
CNF-00218,IN-DL-110054-10-80,OWNER_NAME_VARIATION,CADASTRAL_REVENUE,MUNICIPAL_PROPERTY,owner_name,Aarav Mehta,A. Mehta,MINOR,LOW,Abbreviation / formatting variation only.,RESOLVED,No extra evidence needed,False,,C,"The conflict asserted an owner-name variation, but the actual CADASTRAL_REVENUE and MUNICIPAL_PROPERTY observations contain the same owner_name. The conflict is therefore not observable from the input evidence and is quarantined; SYNTHETIC_GROUND_TRUTH is unchanged.",RESTORED_TO_ACTIVE,Source evidence was repaired/added and exact observation provenance was bound; conflict is active again.
CNF-00380,IN-DL-110054-7-84,OWNERSHIP_DISAGREEMENT,CADASTRAL_REVENUE,MUNICIPAL_PROPERTY,owner_name,Yamuna View Apartment Owners Association,Ishaan Kapoor,MAJOR,HIGH,Municipal owner/occupier differs from revenue owner.,OPEN,Mutation deed / title chain,True,TC10_OWNERSHIP_CONFLICT;TC17_MISSING_SOURCE_RECORD;TC18_AMBIGUOUS_CANDIDATE_MATCH,C,Conflict cannot be supported by the input observation layer: no observation for parcel IN-DL-110054-7-84 contains the anomaly evidence 'municipal owner differs'. Synthetic ground truth is left unchanged.,RESTORED_TO_ACTIVE,Source evidence was repaired/added and exact observation provenance was bound; conflict is active again.
CNF-00399,IN-DL-110054-9-84,GOVERNMENT_PRIVATE_OWNERSHIP,DDA_DEVELOPMENT_AUTHORITY,MUNICIPAL_PROPERTY,ownership_category,UTILITY_AGENCY,PRIVATE_INDIVIDUAL,SEVERE,CRITICAL,Government/public parcel appears private in municipal data.,OPEN,Authority allotment file + title verification,True,TC02_SLIGHT_GEOMETRY_SHIFT;TC11_GOVERNMENT_PRIVATE_OWNERSHIP_CONFLICT;TC17_MISSING_SOURCE_RECORD;TC18_AMBIGUOUS_CANDIDATE_MATCH;TC25_STRONG_EVIDENCE_PENDING_APPROVAL,C,Conflict cannot be supported by the input observation layer: no observation for parcel IN-DL-110054-9-84 contains the anomaly evidence 'private occupier on government parcel'. Synthetic ground truth is left unchanged.,RESTORED_TO_ACTIVE,Source evidence was repaired/added and exact observation provenance was bound; conflict is active again.
CNF-00429,IN-DL-110054-1-43,BUILDING_FOOTPRINT_CROSSES_PARCEL,BUILDING_GIS,CADASTRAL_REVENUE,building_footprint,footprint crosses boundary,legal parcel edge,MAJOR,HIGH,Building footprint extends into neighboring parcel.,OPEN,Orthophoto + field measurement,True,TC13_BUILDING_CROSSES_BOUNDARY,C,Conflict cannot be supported by the input observation layer: no observation for parcel IN-DL-110054-1-43 contains the anomaly evidence 'footprint crosses parcel boundary'. Synthetic ground truth is left unchanged.,RESTORED_TO_ACTIVE,Source evidence was repaired/added and exact observation provenance was bound; conflict is active again.
CNF-00445,IN-DL-110054-2-23,BUILDING_FOOTPRINT_CROSSES_PARCEL,BUILDING_GIS,CADASTRAL_REVENUE,building_footprint,footprint crosses boundary,legal parcel edge,MAJOR,HIGH,Building footprint extends into neighboring parcel.,OPEN,Orthophoto + field measurement,True,TC13_BUILDING_CROSSES_BOUNDARY,C,Conflict cannot be supported by the input observation layer: no observation for parcel IN-DL-110054-2-23 contains the anomaly evidence 'footprint crosses parcel boundary'. Synthetic ground truth is left unchanged.,RESTORED_TO_ACTIVE,Source evidence was repaired/added and exact observation provenance was bound; conflict is active again.
CNF-00458,IN-DL-110054-9-65,PHYSICAL_OCCUPATION_VS_LEGAL_GEOMETRY,DRONE_ORTHOPHOTO,CADASTRAL_REVENUE,occupation_extent,recent physical occupation,legal geometry/use,MAJOR,HIGH,Physical occupation is inconsistent with legal state.,OPEN,Field inspection / possession evidence,True,TC14_PHYSICAL_OCCUPATION_VS_LEGAL_GEOMETRY,C,Conflict cannot be supported by the input observation layer: no observation for parcel IN-DL-110054-9-65 contains the anomaly evidence 'physical occupation differs from legal state'. Synthetic ground truth is left unchanged.,RESTORED_TO_ACTIVE,Source evidence was repaired/added and exact observation provenance was bound; conflict is active again.
CNF-00461,IN-DL-110054-2-18,PHYSICAL_OCCUPATION_VS_LEGAL_GEOMETRY,DRONE_ORTHOPHOTO,CADASTRAL_REVENUE,occupation_extent,recent physical occupation,legal geometry/use,MAJOR,HIGH,Physical occupation is inconsistent with legal state.,OPEN,Field inspection / possession evidence,True,TC02_SLIGHT_GEOMETRY_SHIFT;TC04_DUPLICATE_SOURCE_PARCEL;TC14_PHYSICAL_OCCUPATION_VS_LEGAL_GEOMETRY,C,Conflict cannot be supported by the input observation layer: no observation for parcel IN-DL-110054-2-18 contains the anomaly evidence 'physical occupation differs from legal state'. Synthetic ground truth is left unchanged.,RESTORED_TO_ACTIVE,Source evidence was repaired/added and exact observation provenance was bound; conflict is active again.
CNF-00472,IN-DL-110054-8-18,PHYSICAL_OCCUPATION_VS_LEGAL_GEOMETRY,DRONE_ORTHOPHOTO,CADASTRAL_REVENUE,occupation_extent,recent physical occupation,legal geometry/use,MAJOR,HIGH,Physical occupation is inconsistent with legal state.,OPEN,Field inspection / possession evidence,True,TC10_OWNERSHIP_CONFLICT;TC14_PHYSICAL_OCCUPATION_VS_LEGAL_GEOMETRY,C,Conflict cannot be supported by the input observation layer: no observation for parcel IN-DL-110054-8-18 contains the anomaly evidence 'physical occupation differs from legal state'. Synthetic ground truth is left unchanged.,RESTORED_TO_ACTIVE,Source evidence was repaired/added and exact observation provenance was bound; conflict is active again.
CNF-00475,IN-DL-110054-6-74,PHYSICAL_OCCUPATION_VS_LEGAL_GEOMETRY,DRONE_ORTHOPHOTO,CADASTRAL_REVENUE,occupation_extent,recent physical occupation,legal geometry/use,MAJOR,HIGH,Physical occupation is inconsistent with legal state.,OPEN,Field inspection / possession evidence,True,TC14_PHYSICAL_OCCUPATION_VS_LEGAL_GEOMETRY,C,Conflict cannot be supported by the input observation layer: no observation for parcel IN-DL-110054-6-74 contains the anomaly evidence 'physical occupation differs from legal state'. Synthetic ground truth is left unchanged.,RESTORED_TO_ACTIVE,Source evidence was repaired/added and exact observation provenance was bound; conflict is active again.
CNF-00555,IN-DL-110054-10-63,ENCROACHMENT_PUBLIC_LAND,DRONE_ORTHOPHOTO,MUNICIPAL_OR_DDA_RECORD,boundary/occupation,physical occupation detected,public land boundary,SEVERE,CRITICAL,Recent imagery suggests occupation into public land.,OPEN,Field survey + legal review,True,TC19_ENCROACHMENT_INTO_PUBLIC_LAND,C,Conflict cannot be supported by the input observation layer: no observation for parcel IN-DL-110054-10-63 contains the anomaly evidence 'possible encroachment into public land'. Synthetic ground truth is left unchanged.,RESTORED_TO_ACTIVE,Source evidence was repaired/added and exact observation provenance was bound; conflict is active again.
CNF-00566,IN-DL-110054-8-48,ENCROACHMENT_PUBLIC_LAND,DRONE_ORTHOPHOTO,MUNICIPAL_OR_DDA_RECORD,boundary/occupation,physical occupation detected,public land boundary,SEVERE,CRITICAL,Recent imagery suggests occupation into public land.,OPEN,Field survey + legal review,True,TC19_ENCROACHMENT_INTO_PUBLIC_LAND,C,Conflict cannot be supported by the input observation layer: no observation for parcel IN-DL-110054-8-48 contains the anomaly evidence 'possible encroachment into public land'. Synthetic ground truth is left unchanged.,RESTORED_TO_ACTIVE,Source evidence was repaired/added and exact observation provenance was bound; conflict is active again.
CNF-00568,IN-DL-110054-3-82,ENCROACHMENT_PUBLIC_LAND,DRONE_ORTHOPHOTO,MUNICIPAL_OR_DDA_RECORD,boundary/occupation,physical occupation detected,public land boundary,SEVERE,CRITICAL,Recent imagery suggests occupation into public land.,OPEN,Field survey + legal review,True,TC11_GOVERNMENT_PRIVATE_OWNERSHIP_CONFLICT;TC19_ENCROACHMENT_INTO_PUBLIC_LAND,C,Conflict cannot be supported by the input observation layer: no observation for parcel IN-DL-110054-3-82 contains the anomaly evidence 'possible encroachment into public land'. Synthetic ground truth is left unchanged.,RESTORED_TO_ACTIVE,Source evidence was repaired/added and exact observation provenance was bound; conflict is active again.
CNF-00581,IN-DL-110054-3-81,PARK_BOUNDARY_DISAGREEMENT,CADASTRAL_REVENUE,DRONE_ORTHOPHOTO,park_boundary,older legal edge,current fenced/landscaped edge,MAJOR,HIGH,Park boundary differs across evidence.,OPEN,GNSS perimeter + civic plan,True,TC17_MISSING_SOURCE_RECORD;TC20_PARK_BOUNDARY_DISAGREEMENT,C,Conflict cannot be supported by the input observation layer: no observation for parcel IN-DL-110054-3-81 contains the anomaly evidence 'park boundary differs'. Synthetic ground truth is left unchanged.,RESTORED_TO_ACTIVE,Source evidence was repaired/added and exact observation provenance was bound; conflict is active again.
CNF-00597,IN-DL-110054-3-71,ROAD_WIDENING_BOUNDARY_CORRECTION,CADASTRAL_REVENUE,GNSS_CORS_SURVEY,boundary,pre-widening line,post-widening survey,MAJOR,HIGH,Road widening changed parcel edge.,RESOLVED,Widening order + GNSS,True,TC17_MISSING_SOURCE_RECORD;TC21_ROAD_WIDENING_BOUNDARY_CORRECTION,C,Conflict cannot be supported by the input observation layer: no observation for parcel IN-DL-110054-3-71 contains the anomaly evidence 'pre-road-widening boundary'. Synthetic ground truth is left unchanged.,RESTORED_TO_ACTIVE,Source evidence was repaired/added and exact observation provenance was bound; conflict is active again.
