lineage_event_id,event_type,parent_parcel_id,child_parcel_id,effective_date,reason,source,accepted_status
LIN-0001,SPLIT,IN-DL-110054-8-101,IN-DL-110054-8-91,2008-03-15,Subdivision mutation in CELL-08,MUTATION_REGISTER_SYNTH,ACCEPTED
LIN-0002,SPLIT,IN-DL-110054-8-101,IN-DL-110054-8-92,2008-03-15,Subdivision mutation in CELL-08,MUTATION_REGISTER_SYNTH,ACCEPTED
LIN-0003,SPLIT,IN-DL-110054-1-101,IN-DL-110054-1-91,2009-03-15,Subdivision mutation in CELL-01,MUTATION_REGISTER_SYNTH,ACCEPTED
LIN-0004,SPLIT,IN-DL-110054-1-101,IN-DL-110054-1-92,2009-03-15,Subdivision mutation in CELL-01,MUTATION_REGISTER_SYNTH,ACCEPTED
LIN-0005,SPLIT,IN-DL-110054-9-101,IN-DL-110054-9-91,2009-03-15,Subdivision mutation in CELL-09,MUTATION_REGISTER_SYNTH,ACCEPTED
LIN-0006,SPLIT,IN-DL-110054-9-101,IN-DL-110054-9-92,2009-03-15,Subdivision mutation in CELL-09,MUTATION_REGISTER_SYNTH,ACCEPTED
LIN-0007,SPLIT,IN-DL-110054-10-101,IN-DL-110054-10-91,2010-03-15,Subdivision mutation in CELL-10,MUTATION_REGISTER_SYNTH,ACCEPTED
LIN-0008,SPLIT,IN-DL-110054-10-101,IN-DL-110054-10-92,2010-03-15,Subdivision mutation in CELL-10,MUTATION_REGISTER_SYNTH,ACCEPTED
LIN-0009,SPLIT,IN-DL-110054-2-101,IN-DL-110054-2-91,2010-03-15,Subdivision mutation in CELL-02,MUTATION_REGISTER_SYNTH,ACCEPTED
LIN-0010,SPLIT,IN-DL-110054-2-101,IN-DL-110054-2-92,2010-03-15,Subdivision mutation in CELL-02,MUTATION_REGISTER_SYNTH,ACCEPTED
LIN-0011,MERGE,IN-DL-110054-7-102,IN-DL-110054-7-93,2010-07-10,Plot consolidation in CELL-07,MUTATION_REGISTER_SYNTH,ACCEPTED
LIN-0012,MERGE,IN-DL-110054-7-103,IN-DL-110054-7-93,2010-07-10,Plot consolidation in CELL-07,MUTATION_REGISTER_SYNTH,ACCEPTED
LIN-0013,SPLIT,IN-DL-110054-3-101,IN-DL-110054-3-91,2011-03-15,Subdivision mutation in CELL-03,MUTATION_REGISTER_SYNTH,ACCEPTED
LIN-0014,SPLIT,IN-DL-110054-3-101,IN-DL-110054-3-92,2011-03-15,Subdivision mutation in CELL-03,MUTATION_REGISTER_SYNTH,ACCEPTED
LIN-0015,MERGE,IN-DL-110054-1-102,IN-DL-110054-1-93,2011-07-10,Plot consolidation in CELL-01,MUTATION_REGISTER_SYNTH,ACCEPTED
LIN-0016,MERGE,IN-DL-110054-1-103,IN-DL-110054-1-93,2011-07-10,Plot consolidation in CELL-01,MUTATION_REGISTER_SYNTH,ACCEPTED
LIN-0017,MERGE,IN-DL-110054-8-102,IN-DL-110054-8-93,2011-07-10,Plot consolidation in CELL-08,MUTATION_REGISTER_SYNTH,ACCEPTED
LIN-0018,MERGE,IN-DL-110054-8-103,IN-DL-110054-8-93,2011-07-10,Plot consolidation in CELL-08,MUTATION_REGISTER_SYNTH,ACCEPTED
LIN-0019,SPLIT,IN-DL-110054-4-101,IN-DL-110054-4-91,2012-03-15,Subdivision mutation in CELL-04,MUTATION_REGISTER_SYNTH,ACCEPTED
LIN-0020,SPLIT,IN-DL-110054-4-101,IN-DL-110054-4-92,2012-03-15,Subdivision mutation in CELL-04,MUTATION_REGISTER_SYNTH,ACCEPTED
LIN-0021,MERGE,IN-DL-110054-2-102,IN-DL-110054-2-93,2012-07-10,Plot consolidation in CELL-02,MUTATION_REGISTER_SYNTH,ACCEPTED
LIN-0022,MERGE,IN-DL-110054-2-103,IN-DL-110054-2-93,2012-07-10,Plot consolidation in CELL-02,MUTATION_REGISTER_SYNTH,ACCEPTED
LIN-0023,MERGE,IN-DL-110054-9-102,IN-DL-110054-9-93,2012-07-10,Plot consolidation in CELL-09,MUTATION_REGISTER_SYNTH,ACCEPTED
LIN-0024,MERGE,IN-DL-110054-9-103,IN-DL-110054-9-93,2012-07-10,Plot consolidation in CELL-09,MUTATION_REGISTER_SYNTH,ACCEPTED
LIN-0025,SPLIT,IN-DL-110054-5-101,IN-DL-110054-5-91,2013-03-15,Subdivision mutation in CELL-05,MUTATION_REGISTER_SYNTH,ACCEPTED
LIN-0026,SPLIT,IN-DL-110054-5-101,IN-DL-110054-5-92,2013-03-15,Subdivision mutation in CELL-05,MUTATION_REGISTER_SYNTH,ACCEPTED
LIN-0027,MERGE,IN-DL-110054-10-102,IN-DL-110054-10-93,2013-07-10,Plot consolidation in CELL-10,MUTATION_REGISTER_SYNTH,ACCEPTED
LIN-0028,MERGE,IN-DL-110054-10-103,IN-DL-110054-10-93,2013-07-10,Plot consolidation in CELL-10,MUTATION_REGISTER_SYNTH,ACCEPTED
LIN-0029,MERGE,IN-DL-110054-3-102,IN-DL-110054-3-93,2013-07-10,Plot consolidation in CELL-03,MUTATION_REGISTER_SYNTH,ACCEPTED
LIN-0030,MERGE,IN-DL-110054-3-103,IN-DL-110054-3-93,2013-07-10,Plot consolidation in CELL-03,MUTATION_REGISTER_SYNTH,ACCEPTED
LIN-0031,SPLIT,IN-DL-110054-6-101,IN-DL-110054-6-91,2014-03-15,Subdivision mutation in CELL-06,MUTATION_REGISTER_SYNTH,ACCEPTED
LIN-0032,SPLIT,IN-DL-110054-6-101,IN-DL-110054-6-92,2014-03-15,Subdivision mutation in CELL-06,MUTATION_REGISTER_SYNTH,ACCEPTED
LIN-0033,MERGE,IN-DL-110054-4-102,IN-DL-110054-4-93,2014-07-10,Plot consolidation in CELL-04,MUTATION_REGISTER_SYNTH,ACCEPTED
LIN-0034,MERGE,IN-DL-110054-4-103,IN-DL-110054-4-93,2014-07-10,Plot consolidation in CELL-04,MUTATION_REGISTER_SYNTH,ACCEPTED
LIN-0035,SPLIT,IN-DL-110054-7-101,IN-DL-110054-7-91,2015-03-15,Subdivision mutation in CELL-07,MUTATION_REGISTER_SYNTH,ACCEPTED
LIN-0036,SPLIT,IN-DL-110054-7-101,IN-DL-110054-7-92,2015-03-15,Subdivision mutation in CELL-07,MUTATION_REGISTER_SYNTH,ACCEPTED
LIN-0037,MERGE,IN-DL-110054-5-102,IN-DL-110054-5-93,2015-07-10,Plot consolidation in CELL-05,MUTATION_REGISTER_SYNTH,ACCEPTED
LIN-0038,MERGE,IN-DL-110054-5-103,IN-DL-110054-5-93,2015-07-10,Plot consolidation in CELL-05,MUTATION_REGISTER_SYNTH,ACCEPTED
LIN-0039,MERGE,IN-DL-110054-6-102,IN-DL-110054-6-93,2016-07-10,Plot consolidation in CELL-06,MUTATION_REGISTER_SYNTH,ACCEPTED
LIN-0040,MERGE,IN-DL-110054-6-103,IN-DL-110054-6-93,2016-07-10,Plot consolidation in CELL-06,MUTATION_REGISTER_SYNTH,ACCEPTED
LIN-0041,REDEVELOPMENT_CONSOLIDATION,IN-DL-110054-10-104,IN-DL-110054-10-94,2016-11-05,Redevelopment consolidation in CELL-10,MUTATION_REGISTER_SYNTH,ACCEPTED
LIN-0042,REDEVELOPMENT_CONSOLIDATION,IN-DL-110054-10-105,IN-DL-110054-10-94,2016-11-05,Redevelopment consolidation in CELL-10,MUTATION_REGISTER_SYNTH,ACCEPTED
LIN-0043,REDEVELOPMENT_CONSOLIDATION,IN-DL-110054-10-106,IN-DL-110054-10-94,2016-11-05,Redevelopment consolidation in CELL-10,MUTATION_REGISTER_SYNTH,ACCEPTED
LIN-0044,REDEVELOPMENT_CONSOLIDATION,IN-DL-110054-5-104,IN-DL-110054-5-94,2016-11-05,Redevelopment consolidation in CELL-05,MUTATION_REGISTER_SYNTH,ACCEPTED
LIN-0045,REDEVELOPMENT_CONSOLIDATION,IN-DL-110054-5-105,IN-DL-110054-5-94,2016-11-05,Redevelopment consolidation in CELL-05,MUTATION_REGISTER_SYNTH,ACCEPTED
LIN-0046,REDEVELOPMENT_CONSOLIDATION,IN-DL-110054-1-104,IN-DL-110054-1-94,2017-11-05,Redevelopment consolidation in CELL-01,MUTATION_REGISTER_SYNTH,ACCEPTED
LIN-0047,REDEVELOPMENT_CONSOLIDATION,IN-DL-110054-1-105,IN-DL-110054-1-94,2017-11-05,Redevelopment consolidation in CELL-01,MUTATION_REGISTER_SYNTH,ACCEPTED
LIN-0048,REDEVELOPMENT_CONSOLIDATION,IN-DL-110054-6-104,IN-DL-110054-6-94,2017-11-05,Redevelopment consolidation in CELL-06,MUTATION_REGISTER_SYNTH,ACCEPTED
LIN-0049,REDEVELOPMENT_CONSOLIDATION,IN-DL-110054-6-105,IN-DL-110054-6-94,2017-11-05,Redevelopment consolidation in CELL-06,MUTATION_REGISTER_SYNTH,ACCEPTED
LIN-0050,REDEVELOPMENT_CONSOLIDATION,IN-DL-110054-6-106,IN-DL-110054-6-94,2017-11-05,Redevelopment consolidation in CELL-06,MUTATION_REGISTER_SYNTH,ACCEPTED
LIN-0051,REDEVELOPMENT_CONSOLIDATION,IN-DL-110054-2-104,IN-DL-110054-2-94,2018-11-05,Redevelopment consolidation in CELL-02,MUTATION_REGISTER_SYNTH,ACCEPTED
LIN-0052,REDEVELOPMENT_CONSOLIDATION,IN-DL-110054-2-105,IN-DL-110054-2-94,2018-11-05,Redevelopment consolidation in CELL-02,MUTATION_REGISTER_SYNTH,ACCEPTED
LIN-0053,REDEVELOPMENT_CONSOLIDATION,IN-DL-110054-7-104,IN-DL-110054-7-94,2018-11-05,Redevelopment consolidation in CELL-07,MUTATION_REGISTER_SYNTH,ACCEPTED
LIN-0054,REDEVELOPMENT_CONSOLIDATION,IN-DL-110054-7-105,IN-DL-110054-7-94,2018-11-05,Redevelopment consolidation in CELL-07,MUTATION_REGISTER_SYNTH,ACCEPTED
LIN-0055,SPLIT,IN-DL-110054-1-106,IN-DL-110054-1-95,2019-04-12,Late corner-plot subdivision,MUTATION_REGISTER_SYNTH,ACCEPTED
LIN-0056,SPLIT,IN-DL-110054-1-106,IN-DL-110054-1-96,2019-04-12,Late corner-plot subdivision,MUTATION_REGISTER_SYNTH,ACCEPTED
LIN-0057,REDEVELOPMENT_CONSOLIDATION,IN-DL-110054-3-104,IN-DL-110054-3-94,2019-11-05,Redevelopment consolidation in CELL-03,MUTATION_REGISTER_SYNTH,ACCEPTED
LIN-0058,REDEVELOPMENT_CONSOLIDATION,IN-DL-110054-3-105,IN-DL-110054-3-94,2019-11-05,Redevelopment consolidation in CELL-03,MUTATION_REGISTER_SYNTH,ACCEPTED
LIN-0059,REDEVELOPMENT_CONSOLIDATION,IN-DL-110054-8-104,IN-DL-110054-8-94,2019-11-05,Redevelopment consolidation in CELL-08,MUTATION_REGISTER_SYNTH,ACCEPTED
LIN-0060,REDEVELOPMENT_CONSOLIDATION,IN-DL-110054-8-105,IN-DL-110054-8-94,2019-11-05,Redevelopment consolidation in CELL-08,MUTATION_REGISTER_SYNTH,ACCEPTED
LIN-0061,SPLIT,IN-DL-110054-3-106,IN-DL-110054-3-95,2020-09-03,Builder-floor subdivision,MUTATION_REGISTER_SYNTH,ACCEPTED
LIN-0062,SPLIT,IN-DL-110054-3-106,IN-DL-110054-3-96,2020-09-03,Builder-floor subdivision,MUTATION_REGISTER_SYNTH,ACCEPTED
LIN-0063,REDEVELOPMENT_CONSOLIDATION,IN-DL-110054-4-104,IN-DL-110054-4-94,2020-11-05,Redevelopment consolidation in CELL-04,MUTATION_REGISTER_SYNTH,ACCEPTED
LIN-0064,REDEVELOPMENT_CONSOLIDATION,IN-DL-110054-4-105,IN-DL-110054-4-94,2020-11-05,Redevelopment consolidation in CELL-04,MUTATION_REGISTER_SYNTH,ACCEPTED
LIN-0065,REDEVELOPMENT_CONSOLIDATION,IN-DL-110054-9-104,IN-DL-110054-9-94,2020-11-05,Redevelopment consolidation in CELL-09,MUTATION_REGISTER_SYNTH,ACCEPTED
LIN-0066,REDEVELOPMENT_CONSOLIDATION,IN-DL-110054-9-105,IN-DL-110054-9-94,2020-11-05,Redevelopment consolidation in CELL-09,MUTATION_REGISTER_SYNTH,ACCEPTED
LIN-0067,CROSS_CELL_SPLIT,IN-DL-110054-2-106,IN-DL-110054-2-100,2021-02-18,Cell-boundary reindexing after subdivision,MUTATION_REGISTER_SYNTH,ACCEPTED
LIN-0068,CROSS_CELL_SPLIT,IN-DL-110054-2-106,IN-DL-110054-3-1,2021-02-18,Cell-boundary reindexing after subdivision,MUTATION_REGISTER_SYNTH,ACCEPTED
LIN-0069,CROSS_CELL_MERGE,IN-DL-110054-4-106,IN-DL-110054-5-100,2022-06-27,Cross-cell consolidation after grid correction,MUTATION_REGISTER_SYNTH,ACCEPTED
LIN-0070,CROSS_CELL_MERGE,IN-DL-110054-5-106,IN-DL-110054-5-100,2022-06-27,Cross-cell consolidation after grid correction,MUTATION_REGISTER_SYNTH,ACCEPTED
LIN-0071,CROSS_CELL_MERGE,IN-DL-110054-8-106,IN-DL-110054-9-100,2022-12-08,Cross-cell merge for access regularisation,MUTATION_REGISTER_SYNTH,ACCEPTED
LIN-0072,CROSS_CELL_MERGE,IN-DL-110054-9-106,IN-DL-110054-9-100,2022-12-08,Cross-cell merge for access regularisation,MUTATION_REGISTER_SYNTH,ACCEPTED
LIN-0073,CROSS_CELL_SPLIT,IN-DL-110054-7-106,IN-DL-110054-7-100,2023-01-16,Cross-cell split after revised cell boundary,MUTATION_REGISTER_SYNTH,ACCEPTED
LIN-0074,CROSS_CELL_SPLIT,IN-DL-110054-7-106,IN-DL-110054-8-1,2023-01-16,Cross-cell split after revised cell boundary,MUTATION_REGISTER_SYNTH,ACCEPTED
